
{
  "type": "FeatureCollection",
  "generator": "overpass-turbo",
  "copyright": "The data included in this document is from www.openstreetmap.org. The data is made available under ODbL.",
  "timestamp": "2026-07-31T07:58:36Z",
  "features": [
    {
      "type": "Feature",
      "properties": {
        "@id": "relation/1434451",
        "boundary": "postal_code",
        "note": "53177 Bonn",
        "postal_code": "53177",
        "postal_code_level": "8",
        "type": "boundary"
      },
      "geometry": {
        "type": "Polygon",
        "coordinates": [
          [
            [
              7.1220435,
              50.656205
            ],
            [
              7.1222401,
              50.6561849
            ],
            [
              7.1223771,
              50.6561779
            ],
            [
              7.122828,
              50.655805
            ],
            [
              7.1238172,
              50.6552351
            ],
            [
              7.1233659,
              50.654976
            ],
            [
              7.1237209,
              50.6545681
            ],
            [
              7.1223891,
              50.6544071
            ],
            [
              7.1214862,
              50.6542131
            ],
            [
              7.1219807,
              50.6538564
            ],
            [
              7.1220314,
              50.6538271
            ],
            [
              7.1237259,
              50.6526263
            ],
            [
              7.1249787,
              50.6517524
            ],
            [
              7.1254386,
              50.6509855
            ],
            [
              7.1277063,
              50.6471979
            ],
            [
              7.1280383,
              50.6472859
            ],
            [
              7.1304749,
              50.6479228
            ],
            [
              7.1320427,
              50.6482928
            ],
            [
              7.1371499,
              50.6487657
            ],
            [
              7.1382418,
              50.6488877
            ],
            [
              7.1383278,
              50.6493717
            ],
            [
              7.1393066,
              50.6495436
            ],
            [
              7.1391006,
              50.6501276
            ],
            [
              7.1397875,
              50.6502566
            ],
            [
              7.1404314,
              50.6503296
            ],
            [
              7.1406844,
              50.6503945
            ],
            [
              7.1409004,
              50.6504515
            ],
            [
              7.1411583,
              50.6505465
            ],
            [
              7.1425381,
              50.6510395
            ],
            [
              7.1432755,
              50.6511041
            ],
            [
              7.1439309,
              50.6511615
            ],
            [
              7.1441516,
              50.651224
            ],
            [
              7.1441909,
              50.6512415
            ],
            [
              7.1444359,
              50.6513784
            ],
            [
              7.1447251,
              50.651724
            ],
            [
              7.1450061,
              50.6518047
            ],
            [
              7.1450703,
              50.651795
            ],
            [
              7.1453382,
              50.6518736
            ],
            [
              7.1454901,
              50.6518873
            ],
            [
              7.1455984,
              50.6518091
            ],
            [
              7.1458018,
              50.6517898
            ],
            [
              7.1462429,
              50.6519092
            ],
            [
              7.1463503,
              50.6519807
            ],
            [
              7.1464334,
              50.6521184
            ],
            [
              7.1468253,
              50.6523785
            ],
            [
              7.1468635,
              50.6524428
            ],
            [
              7.1469529,
              50.6524593
            ],
            [
              7.147198,
              50.65253
            ],
            [
              7.1475082,
              50.6525823
            ],
            [
              7.1476358,
              50.6526497
            ],
            [
              7.1479061,
              50.6527017
            ],
            [
              7.1482157,
              50.6528423
            ],
            [
              7.1486673,
              50.6530094
            ],
            [
              7.1488442,
              50.6530453
            ],
            [
              7.1492551,
              50.6532022
            ],
            [
              7.1496126,
              50.6533591
            ],
            [
              7.149912,
              50.6534692
            ],
            [
              7.1500803,
              50.6534775
            ],
            [
              7.1502626,
              50.6534436
            ],
            [
              7.1503808,
              50.6534233
            ],
            [
              7.150475,
              50.6534357
            ],
            [
              7.1505968,
              50.6534116
            ],
            [
              7.1506896,
              50.6534327
            ],
            [
              7.1508063,
              50.6534908
            ],
            [
              7.1509284,
              50.6535043
            ],
            [
              7.1511579,
              50.6535659
            ],
            [
              7.1528077,
              50.6545131
            ],
            [
              7.1519605,
              50.6562053
            ],
            [
              7.1517873,
              50.6565512
            ],
            [
              7.1569326,
              50.6583571
            ],
            [
              7.1613357,
              50.6598372
            ],
            [
              7.1630547,
              50.6604132
            ],
            [
              7.1640064,
              50.6612335
            ],
            [
              7.1648595,
              50.6622539
            ],
            [
              7.1669241,
              50.6632496
            ],
            [
              7.1695615,
              50.6636382
            ],
            [
              7.1698019,
              50.6635978
            ],
            [
              7.1705103,
              50.6642113
            ],
            [
              7.1697252,
              50.6654232
            ],
            [
              7.1674218,
              50.6655325
            ],
            [
              7.16717,
              50.6655687
            ],
            [
              7.1670202,
              50.6666301
            ],
            [
              7.1682804,
              50.667198
            ],
            [
              7.1680256,
              50.6674982
            ],
            [
              7.1675638,
              50.6672806
            ],
            [
              7.1658866,
              50.6684557
            ],
            [
              7.1665007,
              50.6686861
            ],
            [
              7.1664001,
              50.6687851
            ],
            [
              7.166785,
              50.6689412
            ],
            [
              7.1683772,
              50.6678908
            ],
            [
              7.169003,
              50.6681172
            ],
            [
              7.1696417,
              50.6674717
            ],
            [
              7.1713053,
              50.6659998
            ],
            [
              7.1735904,
              50.6666461
            ],
            [
              7.1742067,
              50.6657527
            ],
            [
              7.1752975,
              50.6660905
            ],
            [
              7.1750969,
              50.6663606
            ],
            [
              7.1754979,
              50.6664966
            ],
            [
              7.175053,
              50.6672766
            ],
            [
              7.176042,
              50.6675882
            ],
            [
              7.180344,
              50.6695092
            ],
            [
              7.1773832,
              50.6718823
            ],
            [
              7.1755151,
              50.6734998
            ],
            [
              7.1744963,
              50.6739271
            ],
            [
              7.1736212,
              50.6743543
            ],
            [
              7.1729685,
              50.6746099
            ],
            [
              7.1730153,
              50.6749685
            ],
            [
              7.1725268,
              50.6755978
            ],
            [
              7.1645632,
              50.6806031
            ],
            [
              7.1626179,
              50.6820437
            ],
            [
              7.1619667,
              50.6817259
            ],
            [
              7.1607872,
              50.6823807
            ],
            [
              7.1605369,
              50.6821902
            ],
            [
              7.1603195,
              50.6823042
            ],
            [
              7.1576188,
              50.6834298
            ],
            [
              7.1574361,
              50.6835644
            ],
            [
              7.1569098,
              50.6835887
            ],
            [
              7.1563287,
              50.6832502
            ],
            [
              7.1554714,
              50.6835899
            ],
            [
              7.1551304,
              50.6839009
            ],
            [
              7.1547764,
              50.683727
            ],
            [
              7.1546649,
              50.6837994
            ],
            [
              7.1550219,
              50.6839999
            ],
            [
              7.1549705,
              50.6840036
            ],
            [
              7.1545685,
              50.6843961
            ],
            [
              7.154454,
              50.6843606
            ],
            [
              7.1539117,
              50.684488
            ],
            [
              7.1537796,
              50.6846083
            ],
            [
              7.1542412,
              50.684803
            ],
            [
              7.1543052,
              50.6847554
            ],
            [
              7.1543165,
              50.6847605
            ],
            [
              7.1542324,
              50.6848243
            ],
            [
              7.1540354,
              50.684745
            ],
            [
              7.1537765,
              50.6851842
            ],
            [
              7.1537597,
              50.6852027
            ],
            [
              7.153496,
              50.6854239
            ],
            [
              7.1533625,
              50.6853724
            ],
            [
              7.1530954,
              50.6856518
            ],
            [
              7.1524345,
              50.6855839
            ],
            [
              7.1520322,
              50.6858131
            ],
            [
              7.152147,
              50.6859088
            ],
            [
              7.1518734,
              50.6860519
            ],
            [
              7.1515499,
              50.6862073
            ],
            [
              7.1513514,
              50.6863088
            ],
            [
              7.1513966,
              50.6863404
            ],
            [
              7.1512965,
              50.6863984
            ],
            [
              7.1509986,
              50.6865835
            ],
            [
              7.1508983,
              50.6865192
            ],
            [
              7.1506595,
              50.6866638
            ],
            [
              7.1506364,
              50.6866491
            ],
            [
              7.1504676,
              50.6867356
            ],
            [
              7.1503699,
              50.6866589
            ],
            [
              7.1493542,
              50.6871697
            ],
            [
              7.1482852,
              50.6878953
            ],
            [
              7.1476397,
              50.6875412
            ],
            [
              7.1471988,
              50.6876907
            ],
            [
              7.14722,
              50.688184
            ],
            [
              7.1470342,
              50.6882718
            ],
            [
              7.1472984,
              50.6884876
            ],
            [
              7.147462,
              50.6883916
            ],
            [
              7.1482519,
              50.6887654
            ],
            [
              7.1477517,
              50.6891342
            ],
            [
              7.1470476,
              50.6887739
            ],
            [
              7.1472809,
              50.6886099
            ],
            [
              7.1469148,
              50.6883032
            ],
            [
              7.1464502,
              50.688549
            ],
            [
              7.1462194,
              50.6886242
            ],
            [
              7.1460393,
              50.6887284
            ],
            [
              7.1459516,
              50.6888078
            ],
            [
              7.1459704,
              50.6886781
            ],
            [
              7.1458122,
              50.68833
            ],
            [
              7.1456559,
              50.6881976
            ],
            [
              7.1453153,
              50.6883324
            ],
            [
              7.1449335,
              50.6879635
            ],
            [
              7.1453532,
              50.6877869
            ],
            [
              7.1449427,
              50.6872353
            ],
            [
              7.1448049,
              50.6868982
            ],
            [
              7.144457,
              50.6863656
            ],
            [
              7.1422382,
              50.6867332
            ],
            [
              7.1403579,
              50.687206
            ],
            [
              7.1377385,
              50.6879591
            ],
            [
              7.1352421,
              50.6887007
            ],
            [
              7.1302997,
              50.6899429
            ],
            [
              7.1279754,
              50.6872657
            ],
            [
              7.1263612,
              50.6862339
            ],
            [
              7.1248743,
              50.6853218
            ],
            [
              7.1236629,
              50.6842536
            ],
            [
              7.1227211,
              50.683464
            ],
            [
              7.1202058,
              50.6820709
            ],
            [
              7.118841,
              50.6817862
            ],
            [
              7.1178065,
              50.6818947
            ],
            [
              7.1167012,
              50.6822356
            ],
            [
              7.1160475,
              50.6824874
            ],
            [
              7.1135642,
              50.6836891
            ],
            [
              7.1106173,
              50.6807815
            ],
            [
              7.1090732,
              50.6802105
            ],
            [
              7.1054794,
              50.6799358
            ],
            [
              7.1031033,
              50.6813069
            ],
            [
              7.1006582,
              50.6824226
            ],
            [
              7.0950641,
              50.6834945
            ],
            [
              7.0891745,
              50.6847419
            ],
            [
              7.0866745,
              50.6837442
            ],
            [
              7.0890078,
              50.6746363
            ],
            [
              7.0962781,
              50.6646644
            ],
            [
              7.1018683,
              50.6569955
            ],
            [
              7.1036301,
              50.6576802
            ],
            [
              7.1036981,
              50.6576335
            ],
            [
              7.1041527,
              50.6579247
            ],
            [
              7.1043787,
              50.6581876
            ],
            [
              7.1053586,
              50.6595385
            ],
            [
              7.1054845,
              50.6594505
            ],
            [
              7.1059055,
              50.6591525
            ],
            [
              7.1063464,
              50.6589016
            ],
            [
              7.1066104,
              50.6587906
            ],
            [
              7.1068833,
              50.6587066
            ],
            [
              7.1078972,
              50.6584626
            ],
            [
              7.1080912,
              50.6584856
            ],
            [
              7.1081802,
              50.6584736
            ],
            [
              7.1083121,
              50.6584086
            ],
            [
              7.1086201,
              50.6584166
            ],
            [
              7.1087631,
              50.6584016
            ],
            [
              7.108895,
              50.6582946
            ],
            [
              7.109052,
              50.6582566
            ],
            [
              7.109247,
              50.6582376
            ],
            [
              7.109495,
              50.6582486
            ],
            [
              7.1096459,
              50.6582146
            ],
            [
              7.1099089,
              50.6581996
            ],
            [
              7.1100949,
              50.6581496
            ],
            [
              7.1106928,
              50.6580467
            ],
            [
              7.1108538,
              50.6580127
            ],
            [
              7.1110387,
              50.6580237
            ],
            [
              7.1121676,
              50.6578487
            ],
            [
              7.1141173,
              50.6574817
            ],
            [
              7.1142013,
              50.6574517
            ],
            [
              7.1145932,
              50.6573947
            ],
            [
              7.1147872,
              50.6573257
            ],
            [
              7.1150691,
              50.6572947
            ],
            [
              7.1152271,
              50.6572228
            ],
            [
              7.1156601,
              50.6571078
            ],
            [
              7.1164569,
              50.6570508
            ],
            [
              7.1170709,
              50.6569628
            ],
            [
              7.1173888,
              50.6568758
            ],
            [
              7.1176018,
              50.6568798
            ],
            [
              7.1177158,
              50.6568798
            ],
            [
              7.1184217,
              50.6567838
            ],
            [
              7.1186526,
              50.6568488
            ],
            [
              7.1187496,
              50.6568448
            ],
            [
              7.1189846,
              50.6566958
            ],
            [
              7.1191096,
              50.6567118
            ],
            [
              7.1193835,
              50.6566698
            ],
            [
              7.1195155,
              50.6566728
            ],
            [
              7.1199516,
              50.6567324
            ],
            [
              7.1203544,
              50.6566618
            ],
            [
              7.1211443,
              50.6565018
            ],
            [
              7.1217672,
              50.6562729
            ],
            [
              7.1220435,
              50.656205
            ]
          ]
        ]
      },
      "id": "relation/1434451"
    },
    {
      "type": "Feature",
      "properties": {
        "@id": "relation/1434453",
        "boundary": "postal_code",
        "note": "53125 Bonn",
        "postal_code": "53125",
        "postal_code_level": "8",
        "type": "boundary"
      },
      "geometry": {
        "type": "Polygon",
        "coordinates": [
          [
            [
              7.0823614,
              50.6460965
            ],
            [
              7.0824819,
              50.6461469
            ],
            [
              7.0829743,
              50.6463511
            ],
            [
              7.083538,
              50.6465946
            ],
            [
              7.0835649,
              50.6466259
            ],
            [
              7.0839153,
              50.6467844
            ],
            [
              7.0871163,
              50.6482669
            ],
            [
              7.0873574,
              50.6488675
            ],
            [
              7.0885341,
              50.6487387
            ],
            [
              7.0896169,
              50.6494906
            ],
            [
              7.0903788,
              50.6499556
            ],
            [
              7.0911717,
              50.6504405
            ],
            [
              7.0920387,
              50.6508079
            ],
            [
              7.0926328,
              50.6510297
            ],
            [
              7.0934557,
              50.651331
            ],
            [
              7.0944392,
              50.6515734
            ],
            [
              7.095698,
              50.6522753
            ],
            [
              7.095871,
              50.6523893
            ],
            [
              7.09595,
              50.6524393
            ],
            [
              7.0963229,
              50.6527782
            ],
            [
              7.0976387,
              50.6538771
            ],
            [
              7.098663,
              50.6552106
            ],
            [
              7.0999431,
              50.656091
            ],
            [
              7.1012728,
              50.6567653
            ],
            [
              7.1018683,
              50.6569955
            ],
            [
              7.0962781,
              50.6646644
            ],
            [
              7.0890078,
              50.6746363
            ],
            [
              7.0866745,
              50.6837442
            ],
            [
              7.0812585,
              50.6830138
            ],
            [
              7.0804165,
              50.6840285
            ],
            [
              7.0796893,
              50.6854515
            ],
            [
              7.0792443,
              50.6868819
            ],
            [
              7.080989,
              50.6908348
            ],
            [
              7.0806239,
              50.6917405
            ],
            [
              7.0764429,
              50.6917745
            ],
            [
              7.0758162,
              50.691887
            ],
            [
              7.0752951,
              50.6922303
            ],
            [
              7.0749661,
              50.6929398
            ],
            [
              7.07474,
              50.6942864
            ],
            [
              7.0737701,
              50.6950722
            ],
            [
              7.0734753,
              50.6963693
            ],
            [
              7.0725703,
              50.6983721
            ],
            [
              7.0717293,
              50.6993448
            ],
            [
              7.0716091,
              50.7001497
            ],
            [
              7.0709621,
              50.7013971
            ],
            [
              7.0702025,
              50.702881
            ],
            [
              7.070375,
              50.7038809
            ],
            [
              7.070085,
              50.7045513
            ],
            [
              7.0696563,
              50.7052034
            ],
            [
              7.066903,
              50.7049467
            ],
            [
              7.0653257,
              50.7048089
            ],
            [
              7.063377,
              50.7046279
            ],
            [
              7.0604548,
              50.7040675
            ],
            [
              7.0588494,
              50.7036787
            ],
            [
              7.0565868,
              50.7034916
            ],
            [
              7.055125,
              50.7035294
            ],
            [
              7.0529606,
              50.703783
            ],
            [
              7.052256,
              50.7038732
            ],
            [
              7.0509539,
              50.7041706
            ],
            [
              7.0494712,
              50.7043479
            ],
            [
              7.0484194,
              50.7042308
            ],
            [
              7.0472524,
              50.7048907
            ],
            [
              7.0455332,
              50.7061541
            ],
            [
              7.0441432,
              50.7068369
            ],
            [
              7.0432501,
              50.7074893
            ],
            [
              7.040606,
              50.7074615
            ],
            [
              7.0402996,
              50.7070353
            ],
            [
              7.0386196,
              50.7065053
            ],
            [
              7.0369844,
              50.7053968
            ],
            [
              7.0351398,
              50.7048087
            ],
            [
              7.0356183,
              50.7042416
            ],
            [
              7.0394915,
              50.7044726
            ],
            [
              7.0404827,
              50.7046245
            ],
            [
              7.0405888,
              50.7046135
            ],
            [
              7.0412829,
              50.7045553
            ],
            [
              7.0421398,
              50.704479
            ],
            [
              7.0422761,
              50.7045029
            ],
            [
              7.042783,
              50.7045415
            ],
            [
              7.0432866,
              50.7046451
            ],
            [
              7.0460166,
              50.7054456
            ],
            [
              7.0465671,
              50.7051743
            ],
            [
              7.0465783,
              50.7051712
            ],
            [
              7.0466127,
              50.7051559
            ],
            [
              7.0467108,
              50.7051161
            ],
            [
              7.0467311,
              50.7051072
            ],
            [
              7.046749,
              50.7051006
            ],
            [
              7.0469304,
              50.7050272
            ],
            [
              7.0466863,
              50.7047969
            ],
            [
              7.0472616,
              50.7042369
            ],
            [
              7.0473103,
              50.7042173
            ],
            [
              7.0481417,
              50.7034934
            ],
            [
              7.0476691,
              50.7032855
            ],
            [
              7.0476284,
              50.7031449
            ],
            [
              7.0484626,
              50.7024625
            ],
            [
              7.0489536,
              50.702831
            ],
            [
              7.0494411,
              50.7024396
            ],
            [
              7.0498767,
              50.7022967
            ],
            [
              7.0492526,
              50.7019365
            ],
            [
              7.0499506,
              50.7014554
            ],
            [
              7.0506466,
              50.7018403
            ],
            [
              7.0512626,
              50.7014255
            ],
            [
              7.051143,
              50.700462
            ],
            [
              7.0510367,
              50.6997076
            ],
            [
              7.0509135,
              50.6989716
            ],
            [
              7.0506774,
              50.6984969
            ],
            [
              7.0480638,
              50.6963693
            ],
            [
              7.0475567,
              50.6959701
            ],
            [
              7.0473429,
              50.695906
            ],
            [
              7.04618,
              50.6958603
            ],
            [
              7.0439224,
              50.695934
            ],
            [
              7.0414081,
              50.6960889
            ],
            [
              7.0397309,
              50.6957532
            ],
            [
              7.0357473,
              50.6963488
            ],
            [
              7.0338205,
              50.6964031
            ],
            [
              7.0322572,
              50.6965563
            ],
            [
              7.0320254,
              50.6957176
            ],
            [
              7.0318194,
              50.6952666
            ],
            [
              7.0318822,
              50.6949944
            ],
            [
              7.0317851,
              50.6947619
            ],
            [
              7.0314874,
              50.6944332
            ],
            [
              7.0311216,
              50.6940966
            ],
            [
              7.0308,
              50.6932437
            ],
            [
              7.0307301,
              50.693079
            ],
            [
              7.0311539,
              50.6929237
            ],
            [
              7.0322789,
              50.6925051
            ],
            [
              7.0334198,
              50.6920783
            ],
            [
              7.0334715,
              50.6920611
            ],
            [
              7.0347686,
              50.6915916
            ],
            [
              7.036442,
              50.6909791
            ],
            [
              7.0364365,
              50.6909729
            ],
            [
              7.0362086,
              50.6907133
            ],
            [
              7.0360827,
              50.6907554
            ],
            [
              7.035809,
              50.6904604
            ],
            [
              7.0357516,
              50.6903985
            ],
            [
              7.0355637,
              50.6901437
            ],
            [
              7.0353626,
              50.6898646
            ],
            [
              7.035233,
              50.6896849
            ],
            [
              7.0352462,
              50.6896752
            ],
            [
              7.0352626,
              50.6896854
            ],
            [
              7.035277,
              50.6896824
            ],
            [
              7.0353205,
              50.6896337
            ],
            [
              7.0353389,
              50.6896131
            ],
            [
              7.0353749,
              50.6895728
            ],
            [
              7.0354715,
              50.6895762
            ],
            [
              7.0354758,
              50.6896113
            ],
            [
              7.035515,
              50.6895936
            ],
            [
              7.0355391,
              50.6895698
            ],
            [
              7.0355593,
              50.6895499
            ],
            [
              7.0355412,
              50.6895225
            ],
            [
              7.0355958,
              50.6894923
            ],
            [
              7.0356324,
              50.6895131
            ],
            [
              7.0356419,
              50.6895631
            ],
            [
              7.0356716,
              50.689555
            ],
            [
              7.0356971,
              50.6895286
            ],
            [
              7.0357298,
              50.6895216
            ],
            [
              7.0357561,
              50.6894528
            ],
            [
              7.0357984,
              50.6894543
            ],
            [
              7.0358376,
              50.6894664
            ],
            [
              7.0358534,
              50.689535
            ],
            [
              7.0360099,
              50.6895187
            ],
            [
              7.0360952,
              50.6894148
            ],
            [
              7.0361729,
              50.6894235
            ],
            [
              7.0362,
              50.6893899
            ],
            [
              7.036369,
              50.6893787
            ],
            [
              7.0363928,
              50.689414
            ],
            [
              7.0364833,
              50.6894365
            ],
            [
              7.0365678,
              50.6894218
            ],
            [
              7.0365696,
              50.6893927
            ],
            [
              7.0366168,
              50.6893789
            ],
            [
              7.0366999,
              50.6893126
            ],
            [
              7.0367055,
              50.6892797
            ],
            [
              7.0369862,
              50.6892138
            ],
            [
              7.037061,
              50.6892177
            ],
            [
              7.0371056,
              50.6891676
            ],
            [
              7.037176,
              50.689192
            ],
            [
              7.0372555,
              50.6891393
            ],
            [
              7.0372179,
              50.6891047
            ],
            [
              7.0372622,
              50.6890783
            ],
            [
              7.0373111,
              50.6891106
            ],
            [
              7.0373353,
              50.6891744
            ],
            [
              7.0373748,
              50.6892096
            ],
            [
              7.0374258,
              50.6891856
            ],
            [
              7.0374526,
              50.6891363
            ],
            [
              7.0375063,
              50.689103
            ],
            [
              7.0374988,
              50.6890815
            ],
            [
              7.0381574,
              50.6888431
            ],
            [
              7.0384573,
              50.6888731
            ],
            [
              7.0389103,
              50.6886562
            ],
            [
              7.0390822,
              50.6885072
            ],
            [
              7.0390292,
              50.6884286
            ],
            [
              7.0389333,
              50.6882862
            ],
            [
              7.0385553,
              50.6880222
            ],
            [
              7.0371875,
              50.6882632
            ],
            [
              7.0370825,
              50.6882552
            ],
            [
              7.0370075,
              50.6881442
            ],
            [
              7.0371345,
              50.6871943
            ],
            [
              7.0371515,
              50.6870613
            ],
            [
              7.0373696,
              50.6870578
            ],
            [
              7.0373605,
              50.6869354
            ],
            [
              7.0368535,
              50.6867984
            ],
            [
              7.0359777,
              50.6867294
            ],
            [
              7.0353678,
              50.6865732
            ],
            [
              7.0356344,
              50.6863764
            ],
            [
              7.0353578,
              50.6860584
            ],
            [
              7.0349656,
              50.6852535
            ],
            [
              7.0348659,
              50.6849846
            ],
            [
              7.0346169,
              50.6846825
            ],
            [
              7.0337946,
              50.6830379
            ],
            [
              7.0335778,
              50.682738
            ],
            [
              7.0332688,
              50.6818788
            ],
            [
              7.0329012,
              50.681129
            ],
            [
              7.0325202,
              50.680744
            ],
            [
              7.0312304,
              50.6801031
            ],
            [
              7.0312434,
              50.6793442
            ],
            [
              7.0313474,
              50.6787603
            ],
            [
              7.0313678,
              50.6786221
            ],
            [
              7.0314904,
              50.6786078
            ],
            [
              7.0317608,
              50.678576
            ],
            [
              7.0318707,
              50.6785463
            ],
            [
              7.0319808,
              50.6785131
            ],
            [
              7.0323641,
              50.6783731
            ],
            [
              7.0328343,
              50.6781806
            ],
            [
              7.0331329,
              50.6780853
            ],
            [
              7.0334151,
              50.6780095
            ],
            [
              7.0340801,
              50.6778427
            ],
            [
              7.0342652,
              50.6778183
            ],
            [
              7.035056,
              50.6777475
            ],
            [
              7.0356668,
              50.6777082
            ],
            [
              7.0362859,
              50.6776471
            ],
            [
              7.0371117,
              50.6775675
            ],
            [
              7.0375775,
              50.6775314
            ],
            [
              7.0381599,
              50.677484
            ],
            [
              7.0387424,
              50.6773829
            ],
            [
              7.0393432,
              50.6771884
            ],
            [
              7.0398971,
              50.6768795
            ],
            [
              7.0402871,
              50.6767005
            ],
            [
              7.0404381,
              50.6764755
            ],
            [
              7.0415869,
              50.6756896
            ],
            [
              7.0426647,
              50.6749077
            ],
            [
              7.0430988,
              50.6746344
            ],
            [
              7.0438626,
              50.6744933
            ],
            [
              7.0442484,
              50.6743836
            ],
            [
              7.0436626,
              50.672684
            ],
            [
              7.0436116,
              50.672539
            ],
            [
              7.0427977,
              50.6710511
            ],
            [
              7.0426127,
              50.6708262
            ],
            [
              7.041973,
              50.6696536
            ],
            [
              7.041075,
              50.6682395
            ],
            [
              7.0402221,
              50.6674385
            ],
            [
              7.0397932,
              50.6664847
            ],
            [
              7.0397572,
              50.6661837
            ],
            [
              7.0398598,
              50.6660398
            ],
            [
              7.0399432,
              50.6658608
            ],
            [
              7.0408967,
              50.6646545
            ],
            [
              7.0408901,
              50.6639584
            ],
            [
              7.04064,
              50.6638538
            ],
            [
              7.0374315,
              50.6617122
            ],
            [
              7.0371026,
              50.6615832
            ],
            [
              7.0365664,
              50.6614353
            ],
            [
              7.0355089,
              50.6614578
            ],
            [
              7.0340756,
              50.6614923
            ],
            [
              7.0338971,
              50.6615599
            ],
            [
              7.0336581,
              50.6616552
            ],
            [
              7.0327542,
              50.6619792
            ],
            [
              7.0309715,
              50.6627461
            ],
            [
              7.0289208,
              50.663708
            ],
            [
              7.0287698,
              50.6637989
            ],
            [
              7.0277929,
              50.6645319
            ],
            [
              7.02741,
              50.6647108
            ],
            [
              7.0266637,
              50.6650641
            ],
            [
              7.0256797,
              50.6653647
            ],
            [
              7.0250866,
              50.6654191
            ],
            [
              7.0248201,
              50.6654196
            ],
            [
              7.024418,
              50.6648848
            ],
            [
              7.0238974,
              50.6642597
            ],
            [
              7.024857,
              50.6645454
            ],
            [
              7.0248584,
              50.6644939
            ],
            [
              7.0248503,
              50.6640061
            ],
            [
              7.0240967,
              50.6637242
            ],
            [
              7.0235143,
              50.6624772
            ],
            [
              7.0237252,
              50.6615171
            ],
            [
              7.0234675,
              50.6614697
            ],
            [
              7.0236223,
              50.6610919
            ],
            [
              7.0239919,
              50.6598569
            ],
            [
              7.0241654,
              50.6590021
            ],
            [
              7.0258978,
              50.654341
            ],
            [
              7.0266962,
              50.6551011
            ],
            [
              7.0292858,
              50.6546933
            ],
            [
              7.0307631,
              50.6546942
            ],
            [
              7.0324639,
              50.6546202
            ],
            [
              7.0331186,
              50.6539968
            ],
            [
              7.0346845,
              50.6518276
            ],
            [
              7.0362205,
              50.6499778
            ],
            [
              7.0368286,
              50.6497258
            ],
            [
              7.0373649,
              50.6492941
            ],
            [
              7.0375849,
              50.649215
            ],
            [
              7.0381554,
              50.6490097
            ],
            [
              7.0390504,
              50.6483976
            ],
            [
              7.0400449,
              50.6475522
            ],
            [
              7.0418175,
              50.6466187
            ],
            [
              7.0420619,
              50.646505
            ],
            [
              7.043411,
              50.64568
            ],
            [
              7.0436861,
              50.6452966
            ],
            [
              7.0454109,
              50.6443708
            ],
            [
              7.0459101,
              50.6439864
            ],
            [
              7.0462205,
              50.6436857
            ],
            [
              7.0472965,
              50.6426471
            ],
            [
              7.0480273,
              50.6419832
            ],
            [
              7.0483311,
              50.6418258
            ],
            [
              7.0498974,
              50.6413189
            ],
            [
              7.0500789,
              50.6412277
            ],
            [
              7.0507083,
              50.6408392
            ],
            [
              7.0519098,
              50.6396095
            ],
            [
              7.0538974,
              50.6392719
            ],
            [
              7.0539793,
              50.6392561
            ],
            [
              7.0592999,
              50.6384339
            ],
            [
              7.058536,
              50.6365956
            ],
            [
              7.0583979,
              50.6362628
            ],
            [
              7.0581166,
              50.6355834
            ],
            [
              7.057778,
              50.6347734
            ],
            [
              7.0574479,
              50.6339813
            ],
            [
              7.0570825,
              50.6330983
            ],
            [
              7.057059,
              50.6330391
            ],
            [
              7.0595319,
              50.6326909
            ],
            [
              7.0611773,
              50.632957
            ],
            [
              7.0616296,
              50.6330301
            ],
            [
              7.06184,
              50.6330236
            ],
            [
              7.0618488,
              50.6329498
            ],
            [
              7.0627182,
              50.6329032
            ],
            [
              7.0628135,
              50.6328981
            ],
            [
              7.0635957,
              50.6328559
            ],
            [
              7.0636527,
              50.6328735
            ],
            [
              7.0646258,
              50.6332144
            ],
            [
              7.065154,
              50.6333961
            ],
            [
              7.0664723,
              50.6338595
            ],
            [
              7.0684979,
              50.6345727
            ],
            [
              7.0685504,
              50.6345912
            ],
            [
              7.0685188,
              50.6346653
            ],
            [
              7.0702265,
              50.6352957
            ],
            [
              7.0716523,
              50.6358194
            ],
            [
              7.072031,
              50.6359456
            ],
            [
              7.0736863,
              50.636585
            ],
            [
              7.0752012,
              50.6372222
            ],
            [
              7.0753648,
              50.6382805
            ],
            [
              7.0747601,
              50.6394847
            ],
            [
              7.0749831,
              50.6406706
            ],
            [
              7.075255,
              50.6411775
            ],
            [
              7.0756013,
              50.6416176
            ],
            [
              7.0760139,
              50.6421124
            ],
            [
              7.0771407,
              50.6428943
            ],
            [
              7.0791234,
              50.6436802
            ],
            [
              7.0804673,
              50.6443252
            ],
            [
              7.0818542,
              50.6443262
            ],
            [
              7.0818673,
              50.644968
            ],
            [
              7.0820263,
              50.6454475
            ],
            [
              7.0823614,
              50.6460965
            ]
          ]
        ]
      },
      "id": "relation/1434453"
    },
    {
      "type": "Feature",
      "properties": {
        "@id": "relation/1434454",
        "boundary": "postal_code",
        "note": "53179 Bonn",
        "postal_code": "53179",
        "postal_code_level": "8",
        "type": "boundary"
      },
      "geometry": {
        "type": "Polygon",
        "coordinates": [
          [
            [
              7.1626165,
              50.6539779
            ],
            [
              7.1623377,
              50.6534675
            ],
            [
              7.1625092,
              50.6534312
            ],
            [
              7.1630051,
              50.6533162
            ],
            [
              7.1630431,
              50.6532635
            ],
            [
              7.1635512,
              50.6525577
            ],
            [
              7.1653208,
              50.6529773
            ],
            [
              7.1656977,
              50.6521684
            ],
            [
              7.1680374,
              50.6522784
            ],
            [
              7.1681814,
              50.6521914
            ],
            [
              7.1701751,
              50.6524044
            ],
            [
              7.1702241,
              50.6516994
            ],
            [
              7.1718978,
              50.6518514
            ],
            [
              7.1719528,
              50.6515504
            ],
            [
              7.1719608,
              50.6514435
            ],
            [
              7.1720268,
              50.6515125
            ],
            [
              7.1727347,
              50.6519504
            ],
            [
              7.1733256,
              50.6510925
            ],
            [
              7.1746384,
              50.6510805
            ],
            [
              7.1749484,
              50.6511075
            ],
            [
              7.1751723,
              50.6511805
            ],
            [
              7.1758132,
              50.6516644
            ],
            [
              7.1762042,
              50.6521184
            ],
            [
              7.177221,
              50.6526793
            ],
            [
              7.1778649,
              50.6522104
            ],
            [
              7.1779859,
              50.6521754
            ],
            [
              7.1785588,
              50.6521754
            ],
            [
              7.1792657,
              50.6520304
            ],
            [
              7.1793427,
              50.6521224
            ],
            [
              7.1794277,
              50.6521754
            ],
            [
              7.1798277,
              50.6522944
            ],
            [
              7.1799466,
              50.6522904
            ],
            [
              7.1805146,
              50.6522824
            ],
            [
              7.1807145,
              50.6522674
            ],
            [
              7.1813627,
              50.652146
            ],
            [
              7.1821165,
              50.6519272
            ],
            [
              7.1837896,
              50.6512803
            ],
            [
              7.184054,
              50.6511991
            ],
            [
              7.1853988,
              50.6508139
            ],
            [
              7.1853496,
              50.6506876
            ],
            [
              7.1860308,
              50.6505316
            ],
            [
              7.1856698,
              50.6497577
            ],
            [
              7.1856328,
              50.6496767
            ],
            [
              7.1872806,
              50.6492917
            ],
            [
              7.1871136,
              50.6487848
            ],
            [
              7.1882004,
              50.6485598
            ],
            [
              7.1887764,
              50.6484638
            ],
            [
              7.1887584,
              50.6476549
            ],
            [
              7.1888923,
              50.6475559
            ],
            [
              7.1899412,
              50.646499
            ],
            [
              7.191343,
              50.6452252
            ],
            [
              7.1924681,
              50.6449284
            ],
            [
              7.1925408,
              50.6449092
            ],
            [
              7.1925148,
              50.6445503
            ],
            [
              7.1943079,
              50.6424865
            ],
            [
              7.1951484,
              50.6429551
            ],
            [
              7.195316,
              50.6431769
            ],
            [
              7.1954803,
              50.6433925
            ],
            [
              7.1958189,
              50.6438415
            ],
            [
              7.1962183,
              50.6443658
            ],
            [
              7.196637,
              50.644919
            ],
            [
              7.1970152,
              50.6454195
            ],
            [
              7.1971395,
              50.6455836
            ],
            [
              7.1972104,
              50.6457111
            ],
            [
              7.1973331,
              50.6459452
            ],
            [
              7.197376,
              50.6460154
            ],
            [
              7.1974097,
              50.6460435
            ],
            [
              7.197771,
              50.6462743
            ],
            [
              7.1983243,
              50.6466355
            ],
            [
              7.1986958,
              50.6468742
            ],
            [
              7.1986767,
              50.646886
            ],
            [
              7.199044,
              50.6471201
            ],
            [
              7.1993902,
              50.647347
            ],
            [
              7.1995978,
              50.6474682
            ],
            [
              7.1998408,
              50.647608
            ],
            [
              7.1996282,
              50.647778
            ],
            [
              7.1994616,
              50.6479108
            ],
            [
              7.1992324,
              50.6480917
            ],
            [
              7.1990119,
              50.6482671
            ],
            [
              7.1992334,
              50.6483614
            ],
            [
              7.1992147,
              50.6484125
            ],
            [
              7.1994259,
              50.6484752
            ],
            [
              7.1998883,
              50.6486121
            ],
            [
              7.2001206,
              50.648681
            ],
            [
              7.2004129,
              50.6487663
            ],
            [
              7.2005189,
              50.6487973
            ],
            [
              7.2005248,
              50.6487987
            ],
            [
              7.2005711,
              50.6488124
            ],
            [
              7.2007973,
              50.6488788
            ],
            [
              7.2005398,
              50.6492496
            ],
            [
              7.2006233,
              50.6492743
            ],
            [
              7.2007123,
              50.6493003
            ],
            [
              7.2007703,
              50.6493125
            ],
            [
              7.202917,
              50.6498917
            ],
            [
              7.2032588,
              50.6491442
            ],
            [
              7.20405,
              50.6493078
            ],
            [
              7.2048439,
              50.6494732
            ],
            [
              7.205169,
              50.6495373
            ],
            [
              7.2054104,
              50.6490697
            ],
            [
              7.207053,
              50.6492761
            ],
            [
              7.2071644,
              50.6492933
            ],
            [
              7.2093763,
              50.6495777
            ],
            [
              7.2106794,
              50.64975
            ],
            [
              7.210379,
              50.6503675
            ],
            [
              7.2100498,
              50.6509785
            ],
            [
              7.2096702,
              50.651589
            ],
            [
              7.209045,
              50.6524543
            ],
            [
              7.2085924,
              50.6529613
            ],
            [
              7.2082583,
              50.6533969
            ],
            [
              7.2078126,
              50.6538312
            ],
            [
              7.2075951,
              50.6540908
            ],
            [
              7.2073351,
              50.6543559
            ],
            [
              7.2070521,
              50.6546387
            ],
            [
              7.2062695,
              50.6553773
            ],
            [
              7.2028323,
              50.6586717
            ],
            [
              7.2020574,
              50.6594276
            ],
            [
              7.199525,
              50.6618965
            ],
            [
              7.1982179,
              50.6631542
            ],
            [
              7.1971731,
              50.6641541
            ],
            [
              7.1967491,
              50.664577
            ],
            [
              7.1960642,
              50.6652529
            ],
            [
              7.1947116,
              50.666643
            ],
            [
              7.1927207,
              50.6688685
            ],
            [
              7.1911889,
              50.6707263
            ],
            [
              7.190709,
              50.6713712
            ],
            [
              7.190497,
              50.6716502
            ],
            [
              7.190368,
              50.6718208
            ],
            [
              7.1897662,
              50.6726571
            ],
            [
              7.1896712,
              50.6727871
            ],
            [
              7.1895022,
              50.6730121
            ],
            [
              7.1891129,
              50.6735251
            ],
            [
              7.1884826,
              50.6743352
            ],
            [
              7.1878034,
              50.6751288
            ],
            [
              7.1877174,
              50.6752318
            ],
            [
              7.1873805,
              50.6756208
            ],
            [
              7.1866376,
              50.6764797
            ],
            [
              7.1846909,
              50.6785584
            ],
            [
              7.1818948,
              50.6810759
            ],
            [
              7.1812391,
              50.6816334
            ],
            [
              7.1805262,
              50.6822489
            ],
            [
              7.1803598,
              50.6824
            ],
            [
              7.1799937,
              50.68271
            ],
            [
              7.1794609,
              50.6832485
            ],
            [
              7.1787773,
              50.6839186
            ],
            [
              7.1783417,
              50.6843702
            ],
            [
              7.177027,
              50.6857986
            ],
            [
              7.1760978,
              50.6870438
            ],
            [
              7.1740621,
              50.6860033
            ],
            [
              7.1741091,
              50.6852121
            ],
            [
              7.1724263,
              50.6847689
            ],
            [
              7.1721489,
              50.6852104
            ],
            [
              7.1718978,
              50.6851558
            ],
            [
              7.1718937,
              50.6849328
            ],
            [
              7.1715525,
              50.6848496
            ],
            [
              7.1716183,
              50.6847519
            ],
            [
              7.1714171,
              50.6847135
            ],
            [
              7.1713633,
              50.6846559
            ],
            [
              7.1703907,
              50.6843092
            ],
            [
              7.1702055,
              50.6844568
            ],
            [
              7.1699988,
              50.6843921
            ],
            [
              7.1698565,
              50.684591
            ],
            [
              7.1694913,
              50.6844432
            ],
            [
              7.1688988,
              50.6845975
            ],
            [
              7.1686261,
              50.6844338
            ],
            [
              7.1686722,
              50.684363
            ],
            [
              7.1687147,
              50.684354
            ],
            [
              7.1687957,
              50.6842364
            ],
            [
              7.1689569,
              50.6842494
            ],
            [
              7.1691176,
              50.6840069
            ],
            [
              7.168599,
              50.683652
            ],
            [
              7.1701659,
              50.6819575
            ],
            [
              7.169156,
              50.6809762
            ],
            [
              7.1696232,
              50.6806091
            ],
            [
              7.1687464,
              50.6803484
            ],
            [
              7.169129,
              50.679763
            ],
            [
              7.1685643,
              50.6795471
            ],
            [
              7.1681392,
              50.6798284
            ],
            [
              7.1678381,
              50.6795752
            ],
            [
              7.1682279,
              50.6793282
            ],
            [
              7.167982,
              50.6791498
            ],
            [
              7.1693333,
              50.6782219
            ],
            [
              7.1703832,
              50.6773667
            ],
            [
              7.1716964,
              50.6773723
            ],
            [
              7.1729736,
              50.6760886
            ],
            [
              7.1725268,
              50.6755978
            ],
            [
              7.1730153,
              50.6749685
            ],
            [
              7.1729685,
              50.6746099
            ],
            [
              7.1736212,
              50.6743543
            ],
            [
              7.1744963,
              50.6739271
            ],
            [
              7.1755151,
              50.6734998
            ],
            [
              7.1773832,
              50.6718823
            ],
            [
              7.180344,
              50.6695092
            ],
            [
              7.176042,
              50.6675882
            ],
            [
              7.175053,
              50.6672766
            ],
            [
              7.1754979,
              50.6664966
            ],
            [
              7.1750969,
              50.6663606
            ],
            [
              7.1752975,
              50.6660905
            ],
            [
              7.1742067,
              50.6657527
            ],
            [
              7.1735904,
              50.6666461
            ],
            [
              7.1713053,
              50.6659998
            ],
            [
              7.1696417,
              50.6674717
            ],
            [
              7.169003,
              50.6681172
            ],
            [
              7.1683772,
              50.6678908
            ],
            [
              7.166785,
              50.6689412
            ],
            [
              7.1664001,
              50.6687851
            ],
            [
              7.1665007,
              50.6686861
            ],
            [
              7.1658866,
              50.6684557
            ],
            [
              7.1675638,
              50.6672806
            ],
            [
              7.1680256,
              50.6674982
            ],
            [
              7.1682804,
              50.667198
            ],
            [
              7.1670202,
              50.6666301
            ],
            [
              7.16717,
              50.6655687
            ],
            [
              7.1674218,
              50.6655325
            ],
            [
              7.1697252,
              50.6654232
            ],
            [
              7.1705103,
              50.6642113
            ],
            [
              7.1698019,
              50.6635978
            ],
            [
              7.1695615,
              50.6636382
            ],
            [
              7.1669241,
              50.6632496
            ],
            [
              7.1648595,
              50.6622539
            ],
            [
              7.1640064,
              50.6612335
            ],
            [
              7.1630547,
              50.6604132
            ],
            [
              7.1613357,
              50.6598372
            ],
            [
              7.1569326,
              50.6583571
            ],
            [
              7.1517873,
              50.6565512
            ],
            [
              7.1519605,
              50.6562053
            ],
            [
              7.1528077,
              50.6545131
            ],
            [
              7.1511579,
              50.6535659
            ],
            [
              7.1513198,
              50.6535809
            ],
            [
              7.1514375,
              50.653613
            ],
            [
              7.1516178,
              50.6536086
            ],
            [
              7.1518903,
              50.6536039
            ],
            [
              7.1520326,
              50.6536519
            ],
            [
              7.1522175,
              50.6536542
            ],
            [
              7.1522935,
              50.6536846
            ],
            [
              7.1525789,
              50.6536395
            ],
            [
              7.1526362,
              50.6537327
            ],
            [
              7.1528049,
              50.6538225
            ],
            [
              7.1530041,
              50.6539297
            ],
            [
              7.1530985,
              50.6540284
            ],
            [
              7.1534542,
              50.6542243
            ],
            [
              7.1536915,
              50.6543429
            ],
            [
              7.1539088,
              50.6544542
            ],
            [
              7.1540626,
              50.6544557
            ],
            [
              7.154221,
              50.6544603
            ],
            [
              7.1543938,
              50.6545344
            ],
            [
              7.1545202,
              50.6545636
            ],
            [
              7.1545889,
              50.6545425
            ],
            [
              7.1546506,
              50.6545315
            ],
            [
              7.1546902,
              50.6545132
            ],
            [
              7.1547725,
              50.6545167
            ],
            [
              7.1548102,
              50.6545395
            ],
            [
              7.1548614,
              50.6545524
            ],
            [
              7.1549316,
              50.6545327
            ],
            [
              7.1549832,
              50.6545429
            ],
            [
              7.1550424,
              50.6545397
            ],
            [
              7.1552072,
              50.6545638
            ],
            [
              7.1552556,
              50.6545903
            ],
            [
              7.1553104,
              50.6545872
            ],
            [
              7.1553668,
              50.654594
            ],
            [
              7.1554144,
              50.6545918
            ],
            [
              7.1554781,
              50.6546139
            ],
            [
              7.1555217,
              50.6546161
            ],
            [
              7.1555532,
              50.6546255
            ],
            [
              7.1556591,
              50.6546016
            ],
            [
              7.1556892,
              50.6546165
            ],
            [
              7.1557235,
              50.6546114
            ],
            [
              7.1557993,
              50.6546445
            ],
            [
              7.1558167,
              50.6546866
            ],
            [
              7.1558536,
              50.6547347
            ],
            [
              7.1558811,
              50.6548037
            ],
            [
              7.1559756,
              50.6548346
            ],
            [
              7.1560152,
              50.6548367
            ],
            [
              7.1561124,
              50.6548193
            ],
            [
              7.1561705,
              50.6548381
            ],
            [
              7.1561775,
              50.6548265
            ],
            [
              7.1562593,
              50.6548333
            ],
            [
              7.1563049,
              50.6548103
            ],
            [
              7.1563411,
              50.6548001
            ],
            [
              7.1564282,
              50.6547946
            ],
            [
              7.1564962,
              50.6548454
            ],
            [
              7.1565813,
              50.6548476
            ],
            [
              7.1566613,
              50.6549251
            ],
            [
              7.156742,
              50.6549431
            ],
            [
              7.1567783,
              50.6549618
            ],
            [
              7.1568453,
              50.6549965
            ],
            [
              7.1568786,
              50.6549822
            ],
            [
              7.1569399,
              50.6550123
            ],
            [
              7.1569935,
              50.6550191
            ],
            [
              7.1570525,
              50.655014
            ],
            [
              7.1570928,
              50.6550029
            ],
            [
              7.1571551,
              50.6549927
            ],
            [
              7.1572691,
              50.6549868
            ],
            [
              7.1572966,
              50.6549795
            ],
            [
              7.1573368,
              50.6549668
            ],
            [
              7.1573523,
              50.6549808
            ],
            [
              7.1573798,
              50.6549868
            ],
            [
              7.1574213,
              50.6549812
            ],
            [
              7.1574984,
              50.654994
            ],
            [
              7.1575237,
              50.6549894
            ],
            [
              7.1576064,
              50.6550016
            ],
            [
              7.1576781,
              50.6550306
            ],
            [
              7.1577009,
              50.6550629
            ],
            [
              7.1577553,
              50.6550862
            ],
            [
              7.1579745,
              50.6551033
            ],
            [
              7.1580228,
              50.6551373
            ],
            [
              7.1580597,
              50.6551402
            ],
            [
              7.158108,
              50.6551292
            ],
            [
              7.1581723,
              50.6551249
            ],
            [
              7.1582535,
              50.6551016
            ],
            [
              7.1583122,
              50.6551177
            ],
            [
              7.1583219,
              50.655113
            ],
            [
              7.1583259,
              50.6550756
            ],
            [
              7.1583239,
              50.6550624
            ],
            [
              7.158409,
              50.6550276
            ],
            [
              7.1584265,
              50.6550272
            ],
            [
              7.1584748,
              50.6550127
            ],
            [
              7.158521,
              50.6549761
            ],
            [
              7.1585204,
              50.6549617
            ],
            [
              7.1586618,
              50.6548133
            ],
            [
              7.1586716,
              50.6547826
            ],
            [
              7.1587255,
              50.6547436
            ],
            [
              7.1587383,
              50.6547304
            ],
            [
              7.1588288,
              50.6547406
            ],
            [
              7.1588986,
              50.6547196
            ],
            [
              7.1589623,
              50.6547606
            ],
            [
              7.1590058,
              50.6547712
            ],
            [
              7.1590454,
              50.6547674
            ],
            [
              7.1591056,
              50.6547726
            ],
            [
              7.1591909,
              50.6547683
            ],
            [
              7.1592352,
              50.6547712
            ],
            [
              7.1592514,
              50.6548398
            ],
            [
              7.1592962,
              50.6548473
            ],
            [
              7.1593358,
              50.6548371
            ],
            [
              7.1593881,
              50.6548435
            ],
            [
              7.1595041,
              50.6548835
            ],
            [
              7.1595637,
              50.6549192
            ],
            [
              7.1596147,
              50.6549047
            ],
            [
              7.1596516,
              50.6549209
            ],
            [
              7.1596717,
              50.6549583
            ],
            [
              7.1597119,
              50.6549795
            ],
            [
              7.1597555,
              50.65498
            ],
            [
              7.1598098,
              50.6549472
            ],
            [
              7.1598994,
              50.6549393
            ],
            [
              7.1599346,
              50.6549761
            ],
            [
              7.1599681,
              50.6549774
            ],
            [
              7.1600254,
              50.6549505
            ],
            [
              7.1600633,
              50.654937
            ],
            [
              7.1601712,
              50.6548535
            ],
            [
              7.1602356,
              50.6548373
            ],
            [
              7.1603529,
              50.6548346
            ],
            [
              7.160418,
              50.6548737
            ],
            [
              7.1605193,
              50.6548711
            ],
            [
              7.1605729,
              50.6548388
            ],
            [
              7.1606576,
              50.6548448
            ],
            [
              7.1607225,
              50.6548507
            ],
            [
              7.1607439,
              50.6548639
            ],
            [
              7.1607929,
              50.654872
            ],
            [
              7.1608344,
              50.6548635
            ],
            [
              7.1609907,
              50.6548733
            ],
            [
              7.1610497,
              50.6548592
            ],
            [
              7.161098,
              50.6548652
            ],
            [
              7.161214,
              50.6548461
            ],
            [
              7.1613345,
              50.6548484
            ],
            [
              7.161391,
              50.6548724
            ],
            [
              7.1614511,
              50.6548592
            ],
            [
              7.1615305,
              50.6548324
            ],
            [
              7.1615573,
              50.6548393
            ],
            [
              7.1616197,
              50.6548329
            ],
            [
              7.1616927,
              50.6547717
            ],
            [
              7.161735,
              50.6547564
            ],
            [
              7.1617525,
              50.6547546
            ],
            [
              7.1615323,
              50.6545481
            ],
            [
              7.1626165,
              50.6539779
            ]
          ]
        ]
      },
      "id": "relation/1434454"
    },
    {
      "type": "Feature",
      "properties": {
        "@id": "relation/1434457",
        "boundary": "postal_code",
        "note": "53173 Bonn",
        "postal_code": "53173",
        "postal_code_level": "8",
        "type": "boundary"
      },
      "geometry": {
        "type": "Polygon",
        "coordinates": [
          [
            [
              7.1722799,
              50.694399
            ],
            [
              7.1719407,
              50.6952895
            ],
            [
              7.1708866,
              50.6978465
            ],
            [
              7.1689782,
              50.6975276
            ],
            [
              7.1675037,
              50.6973607
            ],
            [
              7.1673241,
              50.697668
            ],
            [
              7.1669038,
              50.6976147
            ],
            [
              7.1667363,
              50.6979954
            ],
            [
              7.1666411,
              50.6979688
            ],
            [
              7.1665393,
              50.6978692
            ],
            [
              7.1662251,
              50.6977708
            ],
            [
              7.1651463,
              50.6976486
            ],
            [
              7.1649469,
              50.6975587
            ],
            [
              7.165252,
              50.6971125
            ],
            [
              7.1646856,
              50.6966981
            ],
            [
              7.1643167,
              50.6970662
            ],
            [
              7.1636051,
              50.6974837
            ],
            [
              7.1628464,
              50.6974141
            ],
            [
              7.162658,
              50.6973566
            ],
            [
              7.1633295,
              50.6965048
            ],
            [
              7.1614719,
              50.6960132
            ],
            [
              7.1618494,
              50.6956273
            ],
            [
              7.1612509,
              50.6953155
            ],
            [
              7.1598862,
              50.6951758
            ],
            [
              7.1593626,
              50.6954386
            ],
            [
              7.1587249,
              50.6951771
            ],
            [
              7.1579096,
              50.6951784
            ],
            [
              7.159006,
              50.6942492
            ],
            [
              7.1583339,
              50.6938596
            ],
            [
              7.1578331,
              50.6942409
            ],
            [
              7.158069,
              50.6943814
            ],
            [
              7.1578269,
              50.6945522
            ],
            [
              7.157693,
              50.6944742
            ],
            [
              7.1571002,
              50.6949215
            ],
            [
              7.1565411,
              50.6946506
            ],
            [
              7.1559476,
              50.6943765
            ],
            [
              7.1557273,
              50.6945419
            ],
            [
              7.1560949,
              50.6948936
            ],
            [
              7.1558177,
              50.6951805
            ],
            [
              7.154286,
              50.6952454
            ],
            [
              7.1537776,
              50.695448
            ],
            [
              7.1532282,
              50.6951403
            ],
            [
              7.1534068,
              50.6949701
            ],
            [
              7.1540581,
              50.6948506
            ],
            [
              7.1552826,
              50.6940461
            ],
            [
              7.1541752,
              50.6934665
            ],
            [
              7.1525833,
              50.6929137
            ],
            [
              7.1523699,
              50.6930183
            ],
            [
              7.1518666,
              50.6928232
            ],
            [
              7.1519564,
              50.6926905
            ],
            [
              7.1516624,
              50.6925763
            ],
            [
              7.1513983,
              50.6926437
            ],
            [
              7.1507251,
              50.6923957
            ],
            [
              7.150773,
              50.6922314
            ],
            [
              7.1503534,
              50.6919936
            ],
            [
              7.1502314,
              50.6920346
            ],
            [
              7.1498665,
              50.691841
            ],
            [
              7.1501588,
              50.6916159
            ],
            [
              7.1504526,
              50.6904339
            ],
            [
              7.1502141,
              50.690303
            ],
            [
              7.1508107,
              50.6899004
            ],
            [
              7.1509383,
              50.689966
            ],
            [
              7.1517425,
              50.6894605
            ],
            [
              7.1524023,
              50.6899536
            ],
            [
              7.1539714,
              50.6891168
            ],
            [
              7.1534572,
              50.6886826
            ],
            [
              7.1532769,
              50.6887837
            ],
            [
              7.1531355,
              50.6886797
            ],
            [
              7.1533449,
              50.688563
            ],
            [
              7.1528389,
              50.6882743
            ],
            [
              7.1499855,
              50.6901507
            ],
            [
              7.1484831,
              50.6914398
            ],
            [
              7.1475249,
              50.6911022
            ],
            [
              7.1474105,
              50.6909694
            ],
            [
              7.1479219,
              50.6904944
            ],
            [
              7.148319,
              50.6906635
            ],
            [
              7.1486017,
              50.6904401
            ],
            [
              7.148555,
              50.6903493
            ],
            [
              7.1487803,
              50.6900724
            ],
            [
              7.1483007,
              50.6898568
            ],
            [
              7.1477316,
              50.6895402
            ],
            [
              7.1466865,
              50.6890454
            ],
            [
              7.1461156,
              50.6891281
            ],
            [
              7.1458783,
              50.689337
            ],
            [
              7.1465514,
              50.6896242
            ],
            [
              7.1463553,
              50.6897879
            ],
            [
              7.145564,
              50.6896695
            ],
            [
              7.1452599,
              50.6893307
            ],
            [
              7.1459825,
              50.6889972
            ],
            [
              7.1459516,
              50.6888078
            ],
            [
              7.1460393,
              50.6887284
            ],
            [
              7.1462194,
              50.6886242
            ],
            [
              7.1464502,
              50.688549
            ],
            [
              7.1469148,
              50.6883032
            ],
            [
              7.1472809,
              50.6886099
            ],
            [
              7.1470476,
              50.6887739
            ],
            [
              7.1477517,
              50.6891342
            ],
            [
              7.1482519,
              50.6887654
            ],
            [
              7.147462,
              50.6883916
            ],
            [
              7.1472984,
              50.6884876
            ],
            [
              7.1470342,
              50.6882718
            ],
            [
              7.14722,
              50.688184
            ],
            [
              7.1471988,
              50.6876907
            ],
            [
              7.1476397,
              50.6875412
            ],
            [
              7.1482852,
              50.6878953
            ],
            [
              7.1493542,
              50.6871697
            ],
            [
              7.1503699,
              50.6866589
            ],
            [
              7.1504676,
              50.6867356
            ],
            [
              7.1506364,
              50.6866491
            ],
            [
              7.1506595,
              50.6866638
            ],
            [
              7.1508983,
              50.6865192
            ],
            [
              7.1509986,
              50.6865835
            ],
            [
              7.1512965,
              50.6863984
            ],
            [
              7.1513966,
              50.6863404
            ],
            [
              7.1513514,
              50.6863088
            ],
            [
              7.1515499,
              50.6862073
            ],
            [
              7.1518734,
              50.6860519
            ],
            [
              7.152147,
              50.6859088
            ],
            [
              7.1520322,
              50.6858131
            ],
            [
              7.1524345,
              50.6855839
            ],
            [
              7.1530954,
              50.6856518
            ],
            [
              7.1533625,
              50.6853724
            ],
            [
              7.153496,
              50.6854239
            ],
            [
              7.1537597,
              50.6852027
            ],
            [
              7.1537765,
              50.6851842
            ],
            [
              7.1540354,
              50.684745
            ],
            [
              7.1542324,
              50.6848243
            ],
            [
              7.1543165,
              50.6847605
            ],
            [
              7.1543052,
              50.6847554
            ],
            [
              7.1542412,
              50.684803
            ],
            [
              7.1537796,
              50.6846083
            ],
            [
              7.1539117,
              50.684488
            ],
            [
              7.154454,
              50.6843606
            ],
            [
              7.1545685,
              50.6843961
            ],
            [
              7.1549705,
              50.6840036
            ],
            [
              7.1550219,
              50.6839999
            ],
            [
              7.1546649,
              50.6837994
            ],
            [
              7.1547764,
              50.683727
            ],
            [
              7.1551304,
              50.6839009
            ],
            [
              7.1554714,
              50.6835899
            ],
            [
              7.1563287,
              50.6832502
            ],
            [
              7.1569098,
              50.6835887
            ],
            [
              7.1574361,
              50.6835644
            ],
            [
              7.1576188,
              50.6834298
            ],
            [
              7.1603195,
              50.6823042
            ],
            [
              7.1605369,
              50.6821902
            ],
            [
              7.1607872,
              50.6823807
            ],
            [
              7.1619667,
              50.6817259
            ],
            [
              7.1626179,
              50.6820437
            ],
            [
              7.1645632,
              50.6806031
            ],
            [
              7.1725268,
              50.6755978
            ],
            [
              7.1729736,
              50.6760886
            ],
            [
              7.1716964,
              50.6773723
            ],
            [
              7.1703832,
              50.6773667
            ],
            [
              7.1693333,
              50.6782219
            ],
            [
              7.167982,
              50.6791498
            ],
            [
              7.1682279,
              50.6793282
            ],
            [
              7.1678381,
              50.6795752
            ],
            [
              7.1681392,
              50.6798284
            ],
            [
              7.1685643,
              50.6795471
            ],
            [
              7.169129,
              50.679763
            ],
            [
              7.1687464,
              50.6803484
            ],
            [
              7.1696232,
              50.6806091
            ],
            [
              7.169156,
              50.6809762
            ],
            [
              7.1701659,
              50.6819575
            ],
            [
              7.168599,
              50.683652
            ],
            [
              7.1691176,
              50.6840069
            ],
            [
              7.1689569,
              50.6842494
            ],
            [
              7.1687957,
              50.6842364
            ],
            [
              7.1687147,
              50.684354
            ],
            [
              7.1686722,
              50.684363
            ],
            [
              7.1686261,
              50.6844338
            ],
            [
              7.1688988,
              50.6845975
            ],
            [
              7.1694913,
              50.6844432
            ],
            [
              7.1698565,
              50.684591
            ],
            [
              7.1699988,
              50.6843921
            ],
            [
              7.1702055,
              50.6844568
            ],
            [
              7.1703907,
              50.6843092
            ],
            [
              7.1713633,
              50.6846559
            ],
            [
              7.1714171,
              50.6847135
            ],
            [
              7.1716183,
              50.6847519
            ],
            [
              7.1715525,
              50.6848496
            ],
            [
              7.1718937,
              50.6849328
            ],
            [
              7.1718978,
              50.6851558
            ],
            [
              7.1721489,
              50.6852104
            ],
            [
              7.1724263,
              50.6847689
            ],
            [
              7.1741091,
              50.6852121
            ],
            [
              7.1740621,
              50.6860033
            ],
            [
              7.1760978,
              50.6870438
            ],
            [
              7.1758947,
              50.6873353
            ],
            [
              7.1747173,
              50.6890562
            ],
            [
              7.1743454,
              50.6897202
            ],
            [
              7.1739494,
              50.6904261
            ],
            [
              7.173449,
              50.691482
            ],
            [
              7.1733712,
              50.6916471
            ],
            [
              7.1730686,
              50.6923519
            ],
            [
              7.1729866,
              50.6925548
            ],
            [
              7.1722799,
              50.694399
            ]
          ]
        ]
      },
      "id": "relation/1434457"
    },
    {
      "type": "Feature",
      "properties": {
        "@id": "relation/1434459",
        "boundary": "postal_code",
        "note": "53175 Bonn",
        "postal_code": "53175",
        "postal_code_level": "8",
        "type": "boundary"
      },
      "geometry": {
        "type": "Polygon",
        "coordinates": [
          [
            [
              7.1459516,
              50.6888078
            ],
            [
              7.1459825,
              50.6889972
            ],
            [
              7.1452599,
              50.6893307
            ],
            [
              7.145564,
              50.6896695
            ],
            [
              7.1463553,
              50.6897879
            ],
            [
              7.1465514,
              50.6896242
            ],
            [
              7.1458783,
              50.689337
            ],
            [
              7.1461156,
              50.6891281
            ],
            [
              7.1466865,
              50.6890454
            ],
            [
              7.1477316,
              50.6895402
            ],
            [
              7.1483007,
              50.6898568
            ],
            [
              7.1487803,
              50.6900724
            ],
            [
              7.148555,
              50.6903493
            ],
            [
              7.1486017,
              50.6904401
            ],
            [
              7.148319,
              50.6906635
            ],
            [
              7.1479219,
              50.6904944
            ],
            [
              7.1474105,
              50.6909694
            ],
            [
              7.1475249,
              50.6911022
            ],
            [
              7.1484831,
              50.6914398
            ],
            [
              7.1499855,
              50.6901507
            ],
            [
              7.1528389,
              50.6882743
            ],
            [
              7.1533449,
              50.688563
            ],
            [
              7.1531355,
              50.6886797
            ],
            [
              7.1532769,
              50.6887837
            ],
            [
              7.1534572,
              50.6886826
            ],
            [
              7.1539714,
              50.6891168
            ],
            [
              7.1524023,
              50.6899536
            ],
            [
              7.1517425,
              50.6894605
            ],
            [
              7.1509383,
              50.689966
            ],
            [
              7.1508107,
              50.6899004
            ],
            [
              7.1502141,
              50.690303
            ],
            [
              7.1504526,
              50.6904339
            ],
            [
              7.1501588,
              50.6916159
            ],
            [
              7.1498665,
              50.691841
            ],
            [
              7.1502314,
              50.6920346
            ],
            [
              7.1503534,
              50.6919936
            ],
            [
              7.150773,
              50.6922314
            ],
            [
              7.1507251,
              50.6923957
            ],
            [
              7.1513983,
              50.6926437
            ],
            [
              7.1516624,
              50.6925763
            ],
            [
              7.1519564,
              50.6926905
            ],
            [
              7.1518666,
              50.6928232
            ],
            [
              7.1523699,
              50.6930183
            ],
            [
              7.1525833,
              50.6929137
            ],
            [
              7.1541752,
              50.6934665
            ],
            [
              7.1552826,
              50.6940461
            ],
            [
              7.1540581,
              50.6948506
            ],
            [
              7.1534068,
              50.6949701
            ],
            [
              7.1532282,
              50.6951403
            ],
            [
              7.1537776,
              50.695448
            ],
            [
              7.154286,
              50.6952454
            ],
            [
              7.1558177,
              50.6951805
            ],
            [
              7.1560949,
              50.6948936
            ],
            [
              7.1557273,
              50.6945419
            ],
            [
              7.1559476,
              50.6943765
            ],
            [
              7.1565411,
              50.6946506
            ],
            [
              7.1571002,
              50.6949215
            ],
            [
              7.157693,
              50.6944742
            ],
            [
              7.1578269,
              50.6945522
            ],
            [
              7.158069,
              50.6943814
            ],
            [
              7.1578331,
              50.6942409
            ],
            [
              7.1583339,
              50.6938596
            ],
            [
              7.159006,
              50.6942492
            ],
            [
              7.1579096,
              50.6951784
            ],
            [
              7.1587249,
              50.6951771
            ],
            [
              7.1593626,
              50.6954386
            ],
            [
              7.1598862,
              50.6951758
            ],
            [
              7.1612509,
              50.6953155
            ],
            [
              7.1618494,
              50.6956273
            ],
            [
              7.1614719,
              50.6960132
            ],
            [
              7.1633295,
              50.6965048
            ],
            [
              7.162658,
              50.6973566
            ],
            [
              7.1628464,
              50.6974141
            ],
            [
              7.1636051,
              50.6974837
            ],
            [
              7.1643167,
              50.6970662
            ],
            [
              7.1646856,
              50.6966981
            ],
            [
              7.165252,
              50.6971125
            ],
            [
              7.1649469,
              50.6975587
            ],
            [
              7.1651463,
              50.6976486
            ],
            [
              7.1662251,
              50.6977708
            ],
            [
              7.1665393,
              50.6978692
            ],
            [
              7.1666411,
              50.6979688
            ],
            [
              7.1667363,
              50.6979954
            ],
            [
              7.1669038,
              50.6976147
            ],
            [
              7.1673241,
              50.697668
            ],
            [
              7.1675037,
              50.6973607
            ],
            [
              7.1689782,
              50.6975276
            ],
            [
              7.1708866,
              50.6978465
            ],
            [
              7.1699058,
              50.7002602
            ],
            [
              7.1697048,
              50.7006793
            ],
            [
              7.1692631,
              50.7016558
            ],
            [
              7.1690726,
              50.7020315
            ],
            [
              7.1688591,
              50.7024037
            ],
            [
              7.16856,
              50.7028918
            ],
            [
              7.1682649,
              50.7033691
            ],
            [
              7.1678468,
              50.7039894
            ],
            [
              7.1676217,
              50.7043041
            ],
            [
              7.167418,
              50.7045787
            ],
            [
              7.1664341,
              50.7058027
            ],
            [
              7.1654262,
              50.7069229
            ],
            [
              7.1643346,
              50.7079722
            ],
            [
              7.1637394,
              50.7085029
            ],
            [
              7.163136,
              50.7090207
            ],
            [
              7.1624955,
              50.7095326
            ],
            [
              7.1618248,
              50.710039
            ],
            [
              7.1612372,
              50.7104644
            ],
            [
              7.1605223,
              50.7109545
            ],
            [
              7.1599105,
              50.7113543
            ],
            [
              7.159218,
              50.7117845
            ],
            [
              7.15873,
              50.7120777
            ],
            [
              7.1581465,
              50.7124091
            ],
            [
              7.1577805,
              50.712616
            ],
            [
              7.1571363,
              50.7129618
            ],
            [
              7.1562855,
              50.7133986
            ],
            [
              7.1552755,
              50.7138822
            ],
            [
              7.1545304,
              50.7142179
            ],
            [
              7.1536383,
              50.7145995
            ],
            [
              7.1523635,
              50.7151078
            ],
            [
              7.1517242,
              50.7153476
            ],
            [
              7.151069,
              50.7155806
            ],
            [
              7.1500057,
              50.7159372
            ],
            [
              7.1488385,
              50.716301
            ],
            [
              7.1473995,
              50.7167048
            ],
            [
              7.1465001,
              50.716939
            ],
            [
              7.1449887,
              50.7172888
            ],
            [
              7.1431597,
              50.7177159
            ],
            [
              7.141217,
              50.7149149
            ],
            [
              7.1411274,
              50.7148092
            ],
            [
              7.140888,
              50.7145266
            ],
            [
              7.1403477,
              50.7138013
            ],
            [
              7.1401564,
              50.7135447
            ],
            [
              7.1401175,
              50.7134924
            ],
            [
              7.1396874,
              50.7129314
            ],
            [
              7.13938,
              50.7126389
            ],
            [
              7.1390189,
              50.7123619
            ],
            [
              7.1387314,
              50.7122282
            ],
            [
              7.138608,
              50.7121806
            ],
            [
              7.1380607,
              50.7119138
            ],
            [
              7.1378877,
              50.7117901
            ],
            [
              7.137021,
              50.710834
            ],
            [
              7.1372234,
              50.710734
            ],
            [
              7.1379847,
              50.7104404
            ],
            [
              7.1373385,
              50.709741
            ],
            [
              7.1353187,
              50.7079621
            ],
            [
              7.1339912,
              50.7069156
            ],
            [
              7.1322694,
              50.7057073
            ],
            [
              7.1320201,
              50.7055455
            ],
            [
              7.1316165,
              50.7058894
            ],
            [
              7.1306855,
              50.7053786
            ],
            [
              7.1308438,
              50.7052845
            ],
            [
              7.1285951,
              50.7039695
            ],
            [
              7.127682,
              50.7048296
            ],
            [
              7.1275639,
              50.7048046
            ],
            [
              7.1272459,
              50.7046526
            ],
            [
              7.1272465,
              50.7046041
            ],
            [
              7.1276587,
              50.7044048
            ],
            [
              7.1272854,
              50.7040584
            ],
            [
              7.1270877,
              50.703898
            ],
            [
              7.1267998,
              50.7036336
            ],
            [
              7.1260608,
              50.7027482
            ],
            [
              7.1255102,
              50.702355
            ],
            [
              7.1251266,
              50.7025913
            ],
            [
              7.1239311,
              50.7018715
            ],
            [
              7.1236895,
              50.7017071
            ],
            [
              7.1236289,
              50.7017288
            ],
            [
              7.1226984,
              50.7011658
            ],
            [
              7.1225682,
              50.7011359
            ],
            [
              7.1224746,
              50.7010271
            ],
            [
              7.1222647,
              50.7009074
            ],
            [
              7.1221764,
              50.7008395
            ],
            [
              7.1221979,
              50.7008237
            ],
            [
              7.1219679,
              50.7006856
            ],
            [
              7.1217305,
              50.7008045
            ],
            [
              7.1207407,
              50.7001561
            ],
            [
              7.120357,
              50.6999532
            ],
            [
              7.1200694,
              50.6997991
            ],
            [
              7.1202523,
              50.6996651
            ],
            [
              7.1199458,
              50.6994885
            ],
            [
              7.1198202,
              50.6995595
            ],
            [
              7.1175042,
              50.6984391
            ],
            [
              7.1182132,
              50.6980465
            ],
            [
              7.1163537,
              50.6969622
            ],
            [
              7.1136421,
              50.6953723
            ],
            [
              7.1142416,
              50.694948
            ],
            [
              7.113699,
              50.6944707
            ],
            [
              7.111476,
              50.6947969
            ],
            [
              7.1093045,
              50.6953297
            ],
            [
              7.1085512,
              50.6957736
            ],
            [
              7.1085265,
              50.6964755
            ],
            [
              7.1070341,
              50.6950532
            ],
            [
              7.1052014,
              50.6937447
            ],
            [
              7.1013533,
              50.6906318
            ],
            [
              7.0965643,
              50.6878548
            ],
            [
              7.0891745,
              50.6847419
            ],
            [
              7.0950641,
              50.6834945
            ],
            [
              7.1006582,
              50.6824226
            ],
            [
              7.1031033,
              50.6813069
            ],
            [
              7.1054794,
              50.6799358
            ],
            [
              7.1090732,
              50.6802105
            ],
            [
              7.1106173,
              50.6807815
            ],
            [
              7.1135642,
              50.6836891
            ],
            [
              7.1160475,
              50.6824874
            ],
            [
              7.1167012,
              50.6822356
            ],
            [
              7.1178065,
              50.6818947
            ],
            [
              7.118841,
              50.6817862
            ],
            [
              7.1202058,
              50.6820709
            ],
            [
              7.1227211,
              50.683464
            ],
            [
              7.1236629,
              50.6842536
            ],
            [
              7.1248743,
              50.6853218
            ],
            [
              7.1263612,
              50.6862339
            ],
            [
              7.1279754,
              50.6872657
            ],
            [
              7.1302997,
              50.6899429
            ],
            [
              7.1352421,
              50.6887007
            ],
            [
              7.1377385,
              50.6879591
            ],
            [
              7.1403579,
              50.687206
            ],
            [
              7.1422382,
              50.6867332
            ],
            [
              7.144457,
              50.6863656
            ],
            [
              7.1448049,
              50.6868982
            ],
            [
              7.1449427,
              50.6872353
            ],
            [
              7.1453532,
              50.6877869
            ],
            [
              7.1449335,
              50.6879635
            ],
            [
              7.1453153,
              50.6883324
            ],
            [
              7.1456559,
              50.6881976
            ],
            [
              7.1458122,
              50.68833
            ],
            [
              7.1459704,
              50.6886781
            ],
            [
              7.1459516,
              50.6888078
            ]
          ]
        ]
      },
      "id": "relation/1434459"
    },
    {
      "type": "Feature",
      "properties": {
        "@id": "relation/1434468",
        "boundary": "postal_code",
        "note": "53227 Bonn",
        "postal_code": "53227",
        "postal_code_level": "8",
        "type": "boundary"
      },
      "geometry": {
        "type": "Polygon",
        "coordinates": [
          [
            [
              7.141476,
              50.7454265
            ],
            [
              7.1413445,
              50.7453925
            ],
            [
              7.1411445,
              50.7453297
            ],
            [
              7.1410521,
              50.7452884
            ],
            [
              7.1400991,
              50.7448558
            ],
            [
              7.1395801,
              50.7446201
            ],
            [
              7.1396396,
              50.7445623
            ],
            [
              7.1395557,
              50.7438694
            ],
            [
              7.1376986,
              50.743118
            ],
            [
              7.1374898,
              50.7433251
            ],
            [
              7.1370198,
              50.7431476
            ],
            [
              7.1370064,
              50.7424659
            ],
            [
              7.135273,
              50.7424724
            ],
            [
              7.1343511,
              50.7418969
            ],
            [
              7.1344923,
              50.7417721
            ],
            [
              7.133749,
              50.74139
            ],
            [
              7.1345172,
              50.7407811
            ],
            [
              7.1340455,
              50.7403339
            ],
            [
              7.1336733,
              50.7401755
            ],
            [
              7.1330638,
              50.740043
            ],
            [
              7.1332938,
              50.7396074
            ],
            [
              7.1329381,
              50.739509
            ],
            [
              7.1324245,
              50.7394457
            ],
            [
              7.132243,
              50.739516
            ],
            [
              7.1321212,
              50.7397855
            ],
            [
              7.1318678,
              50.739751
            ],
            [
              7.1313533,
              50.7396347
            ],
            [
              7.1312685,
              50.7398031
            ],
            [
              7.1307861,
              50.7407077
            ],
            [
              7.1303998,
              50.7406343
            ],
            [
              7.12996,
              50.7405122
            ],
            [
              7.1299446,
              50.7402918
            ],
            [
              7.1280105,
              50.7399882
            ],
            [
              7.1279091,
              50.7400577
            ],
            [
              7.1277329,
              50.7399836
            ],
            [
              7.1268808,
              50.7397873
            ],
            [
              7.1278589,
              50.7384326
            ],
            [
              7.1285581,
              50.7373769
            ],
            [
              7.1309682,
              50.733685
            ],
            [
              7.1313142,
              50.7331793
            ],
            [
              7.1316736,
              50.7326623
            ],
            [
              7.1317437,
              50.7323974
            ],
            [
              7.1320545,
              50.7318959
            ],
            [
              7.1325913,
              50.7304923
            ],
            [
              7.1336401,
              50.7292189
            ],
            [
              7.1331538,
              50.7290376
            ],
            [
              7.1318253,
              50.7298672
            ],
            [
              7.1319405,
              50.7302153
            ],
            [
              7.1316394,
              50.7302891
            ],
            [
              7.1312324,
              50.7295358
            ],
            [
              7.130554,
              50.7290463
            ],
            [
              7.1288922,
              50.7293176
            ],
            [
              7.1285598,
              50.7284883
            ],
            [
              7.1274821,
              50.7286623
            ],
            [
              7.1273097,
              50.7292374
            ],
            [
              7.1269876,
              50.7294634
            ],
            [
              7.1266692,
              50.7293071
            ],
            [
              7.126331,
              50.7295866
            ],
            [
              7.1258725,
              50.7293721
            ],
            [
              7.1265902,
              50.7287821
            ],
            [
              7.1268668,
              50.7289304
            ],
            [
              7.1272164,
              50.7286807
            ],
            [
              7.1265546,
              50.7282978
            ],
            [
              7.1251213,
              50.7273153
            ],
            [
              7.1243929,
              50.7277517
            ],
            [
              7.1248264,
              50.7281809
            ],
            [
              7.1241578,
              50.7285536
            ],
            [
              7.123519,
              50.7277989
            ],
            [
              7.1227371,
              50.7282236
            ],
            [
              7.1222005,
              50.727967
            ],
            [
              7.1225667,
              50.7277458
            ],
            [
              7.1221717,
              50.7275163
            ],
            [
              7.1225369,
              50.7272457
            ],
            [
              7.1223151,
              50.7271207
            ],
            [
              7.1225937,
              50.7269271
            ],
            [
              7.1228951,
              50.7271028
            ],
            [
              7.1232322,
              50.726898
            ],
            [
              7.1226274,
              50.726527
            ],
            [
              7.1230901,
              50.7262889
            ],
            [
              7.1198975,
              50.7242581
            ],
            [
              7.1206162,
              50.723867
            ],
            [
              7.1228611,
              50.722821
            ],
            [
              7.1243084,
              50.7222801
            ],
            [
              7.1254092,
              50.7219186
            ],
            [
              7.1267973,
              50.7215268
            ],
            [
              7.1286125,
              50.7211022
            ],
            [
              7.1304522,
              50.7206686
            ],
            [
              7.1364721,
              50.7192805
            ],
            [
              7.1402655,
              50.7183875
            ],
            [
              7.1431597,
              50.7177159
            ],
            [
              7.1449887,
              50.7172888
            ],
            [
              7.1465001,
              50.716939
            ],
            [
              7.1473995,
              50.7167048
            ],
            [
              7.1488385,
              50.716301
            ],
            [
              7.1500057,
              50.7159372
            ],
            [
              7.151069,
              50.7155806
            ],
            [
              7.1517242,
              50.7153476
            ],
            [
              7.1523635,
              50.7151078
            ],
            [
              7.1536383,
              50.7145995
            ],
            [
              7.1545304,
              50.7142179
            ],
            [
              7.1552755,
              50.7138822
            ],
            [
              7.1562855,
              50.7133986
            ],
            [
              7.1571363,
              50.7129618
            ],
            [
              7.1577805,
              50.712616
            ],
            [
              7.1581465,
              50.7124091
            ],
            [
              7.15873,
              50.7120777
            ],
            [
              7.159218,
              50.7117845
            ],
            [
              7.1599105,
              50.7113543
            ],
            [
              7.1605223,
              50.7109545
            ],
            [
              7.1612372,
              50.7104644
            ],
            [
              7.1618248,
              50.710039
            ],
            [
              7.1624955,
              50.7095326
            ],
            [
              7.163136,
              50.7090207
            ],
            [
              7.1637394,
              50.7085029
            ],
            [
              7.1643346,
              50.7079722
            ],
            [
              7.1654262,
              50.7069229
            ],
            [
              7.1664341,
              50.7058027
            ],
            [
              7.167418,
              50.7045787
            ],
            [
              7.1676217,
              50.7043041
            ],
            [
              7.1678468,
              50.7039894
            ],
            [
              7.1682649,
              50.7033691
            ],
            [
              7.1713476,
              50.7041746
            ],
            [
              7.1714513,
              50.7042021
            ],
            [
              7.1717695,
              50.7043046
            ],
            [
              7.1715973,
              50.7044969
            ],
            [
              7.171808,
              50.7045688
            ],
            [
              7.1721396,
              50.7046921
            ],
            [
              7.1728547,
              50.7049628
            ],
            [
              7.1729541,
              50.7048659
            ],
            [
              7.173229,
              50.7050163
            ],
            [
              7.1735133,
              50.7051704
            ],
            [
              7.1745262,
              50.7055005
            ],
            [
              7.1747504,
              50.7051182
            ],
            [
              7.1752461,
              50.7052631
            ],
            [
              7.175789,
              50.7054224
            ],
            [
              7.1758479,
              50.7053225
            ],
            [
              7.1774167,
              50.7057896
            ],
            [
              7.1781609,
              50.7060071
            ],
            [
              7.1781555,
              50.7060145
            ],
            [
              7.1785246,
              50.7061323
            ],
            [
              7.1774498,
              50.7077851
            ],
            [
              7.1780491,
              50.7079774
            ],
            [
              7.1787929,
              50.7082156
            ],
            [
              7.1788576,
              50.7082476
            ],
            [
              7.178899,
              50.7081554
            ],
            [
              7.1789202,
              50.708122
            ],
            [
              7.178965,
              50.7080623
            ],
            [
              7.1790288,
              50.7079764
            ],
            [
              7.1795935,
              50.7081925
            ],
            [
              7.1802322,
              50.7084378
            ],
            [
              7.1803065,
              50.7083536
            ],
            [
              7.1805224,
              50.7084307
            ],
            [
              7.1804507,
              50.7085157
            ],
            [
              7.1807762,
              50.7086386
            ],
            [
              7.1807245,
              50.708681
            ],
            [
              7.1812271,
              50.7089251
            ],
            [
              7.181186,
              50.7089609
            ],
            [
              7.1816145,
              50.7091358
            ],
            [
              7.181987,
              50.7092873
            ],
            [
              7.1821035,
              50.7092618
            ],
            [
              7.1821863,
              50.7092267
            ],
            [
              7.1823875,
              50.7091443
            ],
            [
              7.1824867,
              50.7091188
            ],
            [
              7.1826077,
              50.7091328
            ],
            [
              7.1827455,
              50.7091486
            ],
            [
              7.1829318,
              50.7092122
            ],
            [
              7.1831275,
              50.7092771
            ],
            [
              7.1834179,
              50.7093757
            ],
            [
              7.1834137,
              50.7094031
            ],
            [
              7.1834777,
              50.709688
            ],
            [
              7.1836372,
              50.7097946
            ],
            [
              7.1836227,
              50.7098159
            ],
            [
              7.1839158,
              50.7099208
            ],
            [
              7.18431,
              50.710009
            ],
            [
              7.184386,
              50.7099518
            ],
            [
              7.1845109,
              50.7100431
            ],
            [
              7.1845585,
              50.7100699
            ],
            [
              7.1846816,
              50.71014
            ],
            [
              7.184762,
              50.7101854
            ],
            [
              7.1848459,
              50.7102139
            ],
            [
              7.1850211,
              50.7102738
            ],
            [
              7.1851265,
              50.7101576
            ],
            [
              7.1851918,
              50.7101758
            ],
            [
              7.1852319,
              50.7101179
            ],
            [
              7.1853081,
              50.7100097
            ],
            [
              7.1859098,
              50.7101985
            ],
            [
              7.1860196,
              50.7102714
            ],
            [
              7.1863431,
              50.7103584
            ],
            [
              7.1864682,
              50.7102892
            ],
            [
              7.1866699,
              50.7105124
            ],
            [
              7.1867534,
              50.7105702
            ],
            [
              7.1871201,
              50.7108241
            ],
            [
              7.1872716,
              50.7107851
            ],
            [
              7.1875227,
              50.7108287
            ],
            [
              7.1876287,
              50.7108472
            ],
            [
              7.1878558,
              50.7109002
            ],
            [
              7.1879097,
              50.7109793
            ],
            [
              7.1879417,
              50.7110497
            ],
            [
              7.1879253,
              50.7111065
            ],
            [
              7.1882244,
              50.711138
            ],
            [
              7.1886142,
              50.7112444
            ],
            [
              7.1887642,
              50.7112946
            ],
            [
              7.1891199,
              50.7114061
            ],
            [
              7.1893182,
              50.7113537
            ],
            [
              7.1895213,
              50.7113001
            ],
            [
              7.1896487,
              50.7112639
            ],
            [
              7.1897345,
              50.7112394
            ],
            [
              7.1897512,
              50.7112319
            ],
            [
              7.1898007,
              50.7112109
            ],
            [
              7.1898664,
              50.7111838
            ],
            [
              7.189947,
              50.7111502
            ],
            [
              7.1900845,
              50.711099
            ],
            [
              7.1902041,
              50.7110712
            ],
            [
              7.1903018,
              50.7110477
            ],
            [
              7.1905068,
              50.7110093
            ],
            [
              7.1908456,
              50.7109454
            ],
            [
              7.1912576,
              50.7108923
            ],
            [
              7.1914354,
              50.7108702
            ],
            [
              7.1918162,
              50.710819
            ],
            [
              7.1922589,
              50.7107862
            ],
            [
              7.193033,
              50.7107287
            ],
            [
              7.1931109,
              50.7107161
            ],
            [
              7.1931647,
              50.7107117
            ],
            [
              7.1932184,
              50.710709
            ],
            [
              7.1936735,
              50.7106479
            ],
            [
              7.1937173,
              50.710642
            ],
            [
              7.1938082,
              50.7106251
            ],
            [
              7.193978,
              50.7106488
            ],
            [
              7.194114,
              50.7107032
            ],
            [
              7.1940973,
              50.7106718
            ],
            [
              7.1942099,
              50.7107481
            ],
            [
              7.1942574,
              50.7107827
            ],
            [
              7.1944368,
              50.7109143
            ],
            [
              7.194794,
              50.7111756
            ],
            [
              7.1948795,
              50.711242
            ],
            [
              7.1952769,
              50.7115345
            ],
            [
              7.1952005,
              50.7115748
            ],
            [
              7.1955307,
              50.7120313
            ],
            [
              7.1953819,
              50.7120717
            ],
            [
              7.1959326,
              50.7125317
            ],
            [
              7.1961665,
              50.7125324
            ],
            [
              7.1965433,
              50.7129092
            ],
            [
              7.1969669,
              50.7133371
            ],
            [
              7.1968098,
              50.7132978
            ],
            [
              7.1967723,
              50.7133698
            ],
            [
              7.1964018,
              50.7137985
            ],
            [
              7.196196,
              50.7143149
            ],
            [
              7.1958414,
              50.7143258
            ],
            [
              7.195457,
              50.7171007
            ],
            [
              7.1937573,
              50.7167775
            ],
            [
              7.1929757,
              50.7164855
            ],
            [
              7.1925433,
              50.7162934
            ],
            [
              7.1922862,
              50.7161629
            ],
            [
              7.1919847,
              50.7160144
            ],
            [
              7.1916853,
              50.7157403
            ],
            [
              7.1907077,
              50.7166082
            ],
            [
              7.1909512,
              50.7167187
            ],
            [
              7.1897182,
              50.717623
            ],
            [
              7.1888246,
              50.7173012
            ],
            [
              7.1884881,
              50.7171906
            ],
            [
              7.1877991,
              50.7171421
            ],
            [
              7.1871131,
              50.7171314
            ],
            [
              7.1867233,
              50.7171791
            ],
            [
              7.186529,
              50.7172139
            ],
            [
              7.1862644,
              50.7173084
            ],
            [
              7.1860986,
              50.7173536
            ],
            [
              7.1857424,
              50.7174053
            ],
            [
              7.1857308,
              50.7173772
            ],
            [
              7.185295,
              50.7174196
            ],
            [
              7.1843564,
              50.7175371
            ],
            [
              7.1836779,
              50.7175412
            ],
            [
              7.1829782,
              50.7175957
            ],
            [
              7.182299,
              50.7177053
            ],
            [
              7.1810572,
              50.7179537
            ],
            [
              7.1802137,
              50.7181385
            ],
            [
              7.179925,
              50.7182053
            ],
            [
              7.1792273,
              50.7183714
            ],
            [
              7.1791254,
              50.7184158
            ],
            [
              7.178638,
              50.7185541
            ],
            [
              7.1783762,
              50.7186208
            ],
            [
              7.1781533,
              50.7187015
            ],
            [
              7.1782541,
              50.7187206
            ],
            [
              7.1786003,
              50.7192509
            ],
            [
              7.1788205,
              50.7196232
            ],
            [
              7.1792619,
              50.7203715
            ],
            [
              7.1790287,
              50.7204851
            ],
            [
              7.1787275,
              50.7206323
            ],
            [
              7.1784023,
              50.7208062
            ],
            [
              7.1783246,
              50.7208781
            ],
            [
              7.1782958,
              50.720905
            ],
            [
              7.1782343,
              50.7210035
            ],
            [
              7.1781004,
              50.7211436
            ],
            [
              7.177772,
              50.7215312
            ],
            [
              7.177668,
              50.7216771
            ],
            [
              7.1775503,
              50.7218728
            ],
            [
              7.1774321,
              50.7220387
            ],
            [
              7.1773114,
              50.7222079
            ],
            [
              7.1770416,
              50.7225483
            ],
            [
              7.1767551,
              50.7228293
            ],
            [
              7.1784682,
              50.7233485
            ],
            [
              7.1792587,
              50.7235635
            ],
            [
              7.1808291,
              50.7239554
            ],
            [
              7.1806498,
              50.7251427
            ],
            [
              7.179028,
              50.7253558
            ],
            [
              7.1772814,
              50.7254839
            ],
            [
              7.1764208,
              50.7256706
            ],
            [
              7.1760761,
              50.7256386
            ],
            [
              7.1760816,
              50.7256733
            ],
            [
              7.1761164,
              50.7257318
            ],
            [
              7.1766248,
              50.7262119
            ],
            [
              7.1770564,
              50.7265972
            ],
            [
              7.1775911,
              50.7269686
            ],
            [
              7.1782436,
              50.7274208
            ],
            [
              7.1779641,
              50.7274601
            ],
            [
              7.1778569,
              50.727464
            ],
            [
              7.1778896,
              50.7275053
            ],
            [
              7.1777747,
              50.7275633
            ],
            [
              7.1775049,
              50.7277058
            ],
            [
              7.1776099,
              50.7279184
            ],
            [
              7.1777068,
              50.7280173
            ],
            [
              7.1774404,
              50.7280721
            ],
            [
              7.1773014,
              50.7281502
            ],
            [
              7.1771664,
              50.7282062
            ],
            [
              7.177081,
              50.7282746
            ],
            [
              7.176997,
              50.7283159
            ],
            [
              7.1768767,
              50.7283366
            ],
            [
              7.1767634,
              50.7283916
            ],
            [
              7.1765802,
              50.7284122
            ],
            [
              7.1763462,
              50.7285506
            ],
            [
              7.176175,
              50.7285744
            ],
            [
              7.1759762,
              50.7286668
            ],
            [
              7.1759498,
              50.7286963
            ],
            [
              7.1759149,
              50.7288363
            ],
            [
              7.1758163,
              50.7289169
            ],
            [
              7.1757195,
              50.7290339
            ],
            [
              7.1755972,
              50.7291282
            ],
            [
              7.1753786,
              50.7293916
            ],
            [
              7.1753344,
              50.7294772
            ],
            [
              7.1752095,
              50.729612
            ],
            [
              7.1752013,
              50.7296624
            ],
            [
              7.1752008,
              50.729752
            ],
            [
              7.1750487,
              50.7297679
            ],
            [
              7.1749777,
              50.7299543
            ],
            [
              7.174824,
              50.7300926
            ],
            [
              7.1746827,
              50.730245
            ],
            [
              7.1745621,
              50.7303402
            ],
            [
              7.1745124,
              50.7303953
            ],
            [
              7.1743664,
              50.7304877
            ],
            [
              7.1743509,
              50.7305466
            ],
            [
              7.1743059,
              50.7305614
            ],
            [
              7.1741584,
              50.7307196
            ],
            [
              7.1740482,
              50.7308061
            ],
            [
              7.1740114,
              50.730889
            ],
            [
              7.1738424,
              50.7311053
            ],
            [
              7.1741457,
              50.7314864
            ],
            [
              7.1731906,
              50.7327807
            ],
            [
              7.1718469,
              50.7330627
            ],
            [
              7.171616,
              50.7333498
            ],
            [
              7.1716163,
              50.7338882
            ],
            [
              7.1715748,
              50.7338759
            ],
            [
              7.1713377,
              50.7339961
            ],
            [
              7.1713213,
              50.7340044
            ],
            [
              7.1712848,
              50.7340231
            ],
            [
              7.171093,
              50.7340961
            ],
            [
              7.1704694,
              50.7342763
            ],
            [
              7.1702481,
              50.7343871
            ],
            [
              7.1686622,
              50.7348594
            ],
            [
              7.1667131,
              50.7361096
            ],
            [
              7.1666372,
              50.7356267
            ],
            [
              7.1632522,
              50.734974
            ],
            [
              7.16379,
              50.7344121
            ],
            [
              7.1638249,
              50.7343281
            ],
            [
              7.163664,
              50.7338536
            ],
            [
              7.1631476,
              50.733638
            ],
            [
              7.1632241,
              50.7334054
            ],
            [
              7.1634185,
              50.7330863
            ],
            [
              7.1630577,
              50.7324877
            ],
            [
              7.1625809,
              50.7319303
            ],
            [
              7.1621896,
              50.7313355
            ],
            [
              7.1619823,
              50.7310864
            ],
            [
              7.1615405,
              50.7308662
            ],
            [
              7.1601629,
              50.7304291
            ],
            [
              7.1596452,
              50.730213
            ],
            [
              7.1593758,
              50.7301281
            ],
            [
              7.1590546,
              50.7300205
            ],
            [
              7.1585981,
              50.7298326
            ],
            [
              7.158229,
              50.7297699
            ],
            [
              7.1576512,
              50.7297671
            ],
            [
              7.1571485,
              50.7298107
            ],
            [
              7.1562895,
              50.7299466
            ],
            [
              7.1561301,
              50.7300115
            ],
            [
              7.155638,
              50.7296925
            ],
            [
              7.1552452,
              50.7293523
            ],
            [
              7.1541055,
              50.7301617
            ],
            [
              7.1520237,
              50.731759
            ],
            [
              7.1500964,
              50.7334576
            ],
            [
              7.1489792,
              50.7348903
            ],
            [
              7.1468727,
              50.7371944
            ],
            [
              7.1458745,
              50.7383503
            ],
            [
              7.1455946,
              50.7386729
            ],
            [
              7.1450968,
              50.7393193
            ],
            [
              7.1490812,
              50.7409199
            ],
            [
              7.1490929,
              50.7412129
            ],
            [
              7.1493683,
              50.7412907
            ],
            [
              7.1491281,
              50.7417617
            ],
            [
              7.1478624,
              50.7415837
            ],
            [
              7.1472472,
              50.7413315
            ],
            [
              7.1473409,
              50.7411943
            ],
            [
              7.1471183,
              50.7410645
            ],
            [
              7.1472354,
              50.7409311
            ],
            [
              7.1467491,
              50.7407271
            ],
            [
              7.1444531,
              50.7403187
            ],
            [
              7.1441944,
              50.7407748
            ],
            [
              7.1438978,
              50.7415056
            ],
            [
              7.1434356,
              50.7427363
            ],
            [
              7.1431179,
              50.7438413
            ],
            [
              7.1428601,
              50.7446191
            ],
            [
              7.1426911,
              50.7454216
            ],
            [
              7.1426379,
              50.7456884
            ],
            [
              7.1424729,
              50.7456652
            ],
            [
              7.1415383,
              50.7454388
            ],
            [
              7.141476,
              50.7454265
            ]
          ]
        ]
      },
      "id": "relation/1434468"
    },
    {
      "type": "Feature",
      "properties": {
        "@id": "relation/1434469",
        "boundary": "postal_code",
        "note": "53229 Bonn",
        "postal_code": "53229",
        "postal_code_level": "8",
        "type": "boundary"
      },
      "geometry": {
        "type": "Polygon",
        "coordinates": [
          [
            [
              7.1431179,
              50.7438413
            ],
            [
              7.1434356,
              50.7427363
            ],
            [
              7.1438978,
              50.7415056
            ],
            [
              7.1441944,
              50.7407748
            ],
            [
              7.1444531,
              50.7403187
            ],
            [
              7.1467491,
              50.7407271
            ],
            [
              7.1472354,
              50.7409311
            ],
            [
              7.1471183,
              50.7410645
            ],
            [
              7.1473409,
              50.7411943
            ],
            [
              7.1472472,
              50.7413315
            ],
            [
              7.1478624,
              50.7415837
            ],
            [
              7.1491281,
              50.7417617
            ],
            [
              7.1493683,
              50.7412907
            ],
            [
              7.1490929,
              50.7412129
            ],
            [
              7.1490812,
              50.7409199
            ],
            [
              7.1450968,
              50.7393193
            ],
            [
              7.1455946,
              50.7386729
            ],
            [
              7.1458745,
              50.7383503
            ],
            [
              7.1468727,
              50.7371944
            ],
            [
              7.1489792,
              50.7348903
            ],
            [
              7.1500964,
              50.7334576
            ],
            [
              7.1520237,
              50.731759
            ],
            [
              7.1541055,
              50.7301617
            ],
            [
              7.1552452,
              50.7293523
            ],
            [
              7.155638,
              50.7296925
            ],
            [
              7.1561301,
              50.7300115
            ],
            [
              7.1562895,
              50.7299466
            ],
            [
              7.1571485,
              50.7298107
            ],
            [
              7.1576512,
              50.7297671
            ],
            [
              7.158229,
              50.7297699
            ],
            [
              7.1585981,
              50.7298326
            ],
            [
              7.1590546,
              50.7300205
            ],
            [
              7.1593758,
              50.7301281
            ],
            [
              7.1596452,
              50.730213
            ],
            [
              7.1601629,
              50.7304291
            ],
            [
              7.1615405,
              50.7308662
            ],
            [
              7.1619823,
              50.7310864
            ],
            [
              7.1621896,
              50.7313355
            ],
            [
              7.1625809,
              50.7319303
            ],
            [
              7.1630577,
              50.7324877
            ],
            [
              7.1634185,
              50.7330863
            ],
            [
              7.1632241,
              50.7334054
            ],
            [
              7.1631476,
              50.733638
            ],
            [
              7.163664,
              50.7338536
            ],
            [
              7.1638249,
              50.7343281
            ],
            [
              7.16379,
              50.7344121
            ],
            [
              7.1632522,
              50.734974
            ],
            [
              7.1666372,
              50.7356267
            ],
            [
              7.1667131,
              50.7361096
            ],
            [
              7.1686622,
              50.7348594
            ],
            [
              7.1702481,
              50.7343871
            ],
            [
              7.1704694,
              50.7342763
            ],
            [
              7.171093,
              50.7340961
            ],
            [
              7.1712848,
              50.7340231
            ],
            [
              7.1713213,
              50.7340044
            ],
            [
              7.1713377,
              50.7339961
            ],
            [
              7.1715748,
              50.7338759
            ],
            [
              7.1716163,
              50.7338882
            ],
            [
              7.171616,
              50.7333498
            ],
            [
              7.1718469,
              50.7330627
            ],
            [
              7.1731906,
              50.7327807
            ],
            [
              7.1741457,
              50.7314864
            ],
            [
              7.1738424,
              50.7311053
            ],
            [
              7.1740114,
              50.730889
            ],
            [
              7.1740482,
              50.7308061
            ],
            [
              7.1741584,
              50.7307196
            ],
            [
              7.1743059,
              50.7305614
            ],
            [
              7.1743509,
              50.7305466
            ],
            [
              7.1743664,
              50.7304877
            ],
            [
              7.1745124,
              50.7303953
            ],
            [
              7.1745621,
              50.7303402
            ],
            [
              7.1746827,
              50.730245
            ],
            [
              7.174824,
              50.7300926
            ],
            [
              7.1749777,
              50.7299543
            ],
            [
              7.1750487,
              50.7297679
            ],
            [
              7.1752008,
              50.729752
            ],
            [
              7.1752013,
              50.7296624
            ],
            [
              7.1752095,
              50.729612
            ],
            [
              7.1753344,
              50.7294772
            ],
            [
              7.1753786,
              50.7293916
            ],
            [
              7.1755972,
              50.7291282
            ],
            [
              7.1757195,
              50.7290339
            ],
            [
              7.1758163,
              50.7289169
            ],
            [
              7.1759149,
              50.7288363
            ],
            [
              7.1759498,
              50.7286963
            ],
            [
              7.1759762,
              50.7286668
            ],
            [
              7.176175,
              50.7285744
            ],
            [
              7.1763462,
              50.7285506
            ],
            [
              7.1765802,
              50.7284122
            ],
            [
              7.1767634,
              50.7283916
            ],
            [
              7.1768767,
              50.7283366
            ],
            [
              7.176997,
              50.7283159
            ],
            [
              7.177081,
              50.7282746
            ],
            [
              7.1771664,
              50.7282062
            ],
            [
              7.1773014,
              50.7281502
            ],
            [
              7.1774404,
              50.7280721
            ],
            [
              7.1777068,
              50.7280173
            ],
            [
              7.1776099,
              50.7279184
            ],
            [
              7.1775049,
              50.7277058
            ],
            [
              7.1777747,
              50.7275633
            ],
            [
              7.1778896,
              50.7275053
            ],
            [
              7.1778569,
              50.727464
            ],
            [
              7.1779641,
              50.7274601
            ],
            [
              7.1782436,
              50.7274208
            ],
            [
              7.1775911,
              50.7269686
            ],
            [
              7.1770564,
              50.7265972
            ],
            [
              7.1766248,
              50.7262119
            ],
            [
              7.1761164,
              50.7257318
            ],
            [
              7.1760816,
              50.7256733
            ],
            [
              7.1760761,
              50.7256386
            ],
            [
              7.1764208,
              50.7256706
            ],
            [
              7.1772814,
              50.7254839
            ],
            [
              7.179028,
              50.7253558
            ],
            [
              7.1806498,
              50.7251427
            ],
            [
              7.1808291,
              50.7239554
            ],
            [
              7.1792587,
              50.7235635
            ],
            [
              7.1784682,
              50.7233485
            ],
            [
              7.1767551,
              50.7228293
            ],
            [
              7.1770416,
              50.7225483
            ],
            [
              7.1773114,
              50.7222079
            ],
            [
              7.1774321,
              50.7220387
            ],
            [
              7.1775503,
              50.7218728
            ],
            [
              7.177668,
              50.7216771
            ],
            [
              7.177772,
              50.7215312
            ],
            [
              7.1781004,
              50.7211436
            ],
            [
              7.1782343,
              50.7210035
            ],
            [
              7.1782958,
              50.720905
            ],
            [
              7.1783246,
              50.7208781
            ],
            [
              7.1784023,
              50.7208062
            ],
            [
              7.1787275,
              50.7206323
            ],
            [
              7.1790287,
              50.7204851
            ],
            [
              7.1792619,
              50.7203715
            ],
            [
              7.1788205,
              50.7196232
            ],
            [
              7.1786003,
              50.7192509
            ],
            [
              7.1782541,
              50.7187206
            ],
            [
              7.1781533,
              50.7187015
            ],
            [
              7.1783762,
              50.7186208
            ],
            [
              7.178638,
              50.7185541
            ],
            [
              7.1791254,
              50.7184158
            ],
            [
              7.1792273,
              50.7183714
            ],
            [
              7.179925,
              50.7182053
            ],
            [
              7.1802137,
              50.7181385
            ],
            [
              7.1810572,
              50.7179537
            ],
            [
              7.182299,
              50.7177053
            ],
            [
              7.1829782,
              50.7175957
            ],
            [
              7.1836779,
              50.7175412
            ],
            [
              7.1843564,
              50.7175371
            ],
            [
              7.185295,
              50.7174196
            ],
            [
              7.1857308,
              50.7173772
            ],
            [
              7.1857424,
              50.7174053
            ],
            [
              7.1860986,
              50.7173536
            ],
            [
              7.1862644,
              50.7173084
            ],
            [
              7.186529,
              50.7172139
            ],
            [
              7.1867233,
              50.7171791
            ],
            [
              7.1871131,
              50.7171314
            ],
            [
              7.1877991,
              50.7171421
            ],
            [
              7.1884881,
              50.7171906
            ],
            [
              7.1888246,
              50.7173012
            ],
            [
              7.1897182,
              50.717623
            ],
            [
              7.1909512,
              50.7167187
            ],
            [
              7.1907077,
              50.7166082
            ],
            [
              7.1916853,
              50.7157403
            ],
            [
              7.1919847,
              50.7160144
            ],
            [
              7.1922862,
              50.7161629
            ],
            [
              7.1925433,
              50.7162934
            ],
            [
              7.1929757,
              50.7164855
            ],
            [
              7.1937573,
              50.7167775
            ],
            [
              7.195457,
              50.7171007
            ],
            [
              7.1958269,
              50.717171
            ],
            [
              7.1957686,
              50.7181059
            ],
            [
              7.1956914,
              50.7190554
            ],
            [
              7.1957051,
              50.7193294
            ],
            [
              7.1951552,
              50.7203802
            ],
            [
              7.1945295,
              50.7215538
            ],
            [
              7.1939384,
              50.722675
            ],
            [
              7.193343,
              50.7237939
            ],
            [
              7.1925621,
              50.7252399
            ],
            [
              7.1919392,
              50.7263738
            ],
            [
              7.1912996,
              50.7267878
            ],
            [
              7.1906734,
              50.7271931
            ],
            [
              7.190803,
              50.7273984
            ],
            [
              7.1908132,
              50.7273406
            ],
            [
              7.191163,
              50.7271549
            ],
            [
              7.191486,
              50.7269812
            ],
            [
              7.1914835,
              50.7270421
            ],
            [
              7.1917511,
              50.7272028
            ],
            [
              7.19194,
              50.727259
            ],
            [
              7.1919928,
              50.7272749
            ],
            [
              7.1920623,
              50.7272801
            ],
            [
              7.1921527,
              50.7272868
            ],
            [
              7.1931724,
              50.7273628
            ],
            [
              7.1942505,
              50.7274427
            ],
            [
              7.1942343,
              50.7275346
            ],
            [
              7.1934282,
              50.7281508
            ],
            [
              7.1932896,
              50.7282568
            ],
            [
              7.1931552,
              50.728362
            ],
            [
              7.192614,
              50.7287867
            ],
            [
              7.1928283,
              50.7288815
            ],
            [
              7.1933944,
              50.7291321
            ],
            [
              7.1937448,
              50.7292874
            ],
            [
              7.1947788,
              50.7299002
            ],
            [
              7.1954229,
              50.7303019
            ],
            [
              7.1961549,
              50.7307481
            ],
            [
              7.1963906,
              50.7308975
            ],
            [
              7.1969111,
              50.7312227
            ],
            [
              7.1974708,
              50.7315707
            ],
            [
              7.1975074,
              50.7315935
            ],
            [
              7.1978699,
              50.7318189
            ],
            [
              7.1980646,
              50.7319285
            ],
            [
              7.1980951,
              50.731939
            ],
            [
              7.1981457,
              50.7319598
            ],
            [
              7.1983253,
              50.7320362
            ],
            [
              7.1991985,
              50.7324191
            ],
            [
              7.2000782,
              50.7327977
            ],
            [
              7.2007693,
              50.7330602
            ],
            [
              7.2012595,
              50.73329
            ],
            [
              7.2043027,
              50.7345928
            ],
            [
              7.2045322,
              50.7345978
            ],
            [
              7.2046194,
              50.7346821
            ],
            [
              7.2046185,
              50.7347552
            ],
            [
              7.2059361,
              50.7354469
            ],
            [
              7.2073519,
              50.7360658
            ],
            [
              7.2089935,
              50.7367604
            ],
            [
              7.2090824,
              50.7367442
            ],
            [
              7.2090867,
              50.7368521
            ],
            [
              7.2084714,
              50.7375784
            ],
            [
              7.2081001,
              50.7380125
            ],
            [
              7.2072852,
              50.7388169
            ],
            [
              7.2071369,
              50.7389766
            ],
            [
              7.2068541,
              50.739292
            ],
            [
              7.2068774,
              50.7393417
            ],
            [
              7.2069569,
              50.7393749
            ],
            [
              7.2069332,
              50.739414
            ],
            [
              7.206711,
              50.7394452
            ],
            [
              7.2065153,
              50.7395428
            ],
            [
              7.2056522,
              50.7408995
            ],
            [
              7.204612,
              50.7413448
            ],
            [
              7.2049604,
              50.7416827
            ],
            [
              7.2049675,
              50.7417178
            ],
            [
              7.2048534,
              50.7417477
            ],
            [
              7.2046687,
              50.7417945
            ],
            [
              7.2045329,
              50.7418763
            ],
            [
              7.204049,
              50.742173
            ],
            [
              7.2040263,
              50.7421938
            ],
            [
              7.2040086,
              50.7422069
            ],
            [
              7.2039783,
              50.7422483
            ],
            [
              7.2041238,
              50.7423128
            ],
            [
              7.204439,
              50.7424569
            ],
            [
              7.204683,
              50.7425555
            ],
            [
              7.2048059,
              50.7425777
            ],
            [
              7.2050307,
              50.7425677
            ],
            [
              7.204351,
              50.7436993
            ],
            [
              7.2040203,
              50.7438421
            ],
            [
              7.2040029,
              50.7438373
            ],
            [
              7.2038815,
              50.744502
            ],
            [
              7.2027338,
              50.7447586
            ],
            [
              7.2017207,
              50.7449835
            ],
            [
              7.2016641,
              50.7450658
            ],
            [
              7.2015797,
              50.7453442
            ],
            [
              7.2015665,
              50.7454684
            ],
            [
              7.2013477,
              50.7454956
            ],
            [
              7.2013786,
              50.7455605
            ],
            [
              7.2013893,
              50.7455961
            ],
            [
              7.2013602,
              50.7456214
            ],
            [
              7.2000843,
              50.7461943
            ],
            [
              7.1999936,
              50.7465827
            ],
            [
              7.1998382,
              50.7472277
            ],
            [
              7.1997043,
              50.7475524
            ],
            [
              7.1995214,
              50.7478853
            ],
            [
              7.1984745,
              50.7471951
            ],
            [
              7.1973631,
              50.7464996
            ],
            [
              7.1971249,
              50.7467209
            ],
            [
              7.1971331,
              50.7467758
            ],
            [
              7.1961637,
              50.7461513
            ],
            [
              7.1960905,
              50.7460801
            ],
            [
              7.1956936,
              50.7454012
            ],
            [
              7.1951817,
              50.7446845
            ],
            [
              7.1949788,
              50.7444173
            ],
            [
              7.1949514,
              50.7443312
            ],
            [
              7.1949745,
              50.7438776
            ],
            [
              7.1949987,
              50.7437942
            ],
            [
              7.1948802,
              50.7438201
            ],
            [
              7.1947922,
              50.7438808
            ],
            [
              7.19386,
              50.7440959
            ],
            [
              7.192593,
              50.7442848
            ],
            [
              7.1925619,
              50.7443941
            ],
            [
              7.1924586,
              50.7444911
            ],
            [
              7.1922919,
              50.7448322
            ],
            [
              7.1921946,
              50.7449891
            ],
            [
              7.1923586,
              50.7451274
            ],
            [
              7.1924627,
              50.7453165
            ],
            [
              7.1924094,
              50.7453463
            ],
            [
              7.1923962,
              50.7454268
            ],
            [
              7.192452,
              50.7454949
            ],
            [
              7.1922662,
              50.7456932
            ],
            [
              7.1919483,
              50.7459911
            ],
            [
              7.1917698,
              50.7462842
            ],
            [
              7.1915959,
              50.7465901
            ],
            [
              7.1930116,
              50.7468761
            ],
            [
              7.1902751,
              50.7477437
            ],
            [
              7.1900786,
              50.7478097
            ],
            [
              7.1884196,
              50.7483668
            ],
            [
              7.1872243,
              50.7484216
            ],
            [
              7.184914,
              50.7484941
            ],
            [
              7.1839485,
              50.7485244
            ],
            [
              7.1833267,
              50.7501277
            ],
            [
              7.1826866,
              50.7517534
            ],
            [
              7.1817766,
              50.751691
            ],
            [
              7.1806792,
              50.7516024
            ],
            [
              7.1797237,
              50.7515159
            ],
            [
              7.1781472,
              50.7507861
            ],
            [
              7.1767323,
              50.7518719
            ],
            [
              7.1762978,
              50.7521904
            ],
            [
              7.1763193,
              50.7523151
            ],
            [
              7.1762462,
              50.7523758
            ],
            [
              7.176277,
              50.7524744
            ],
            [
              7.1757681,
              50.7524377
            ],
            [
              7.1753389,
              50.7523953
            ],
            [
              7.1750184,
              50.7523635
            ],
            [
              7.1746939,
              50.7523316
            ],
            [
              7.1741601,
              50.7522892
            ],
            [
              7.1733917,
              50.7522311
            ],
            [
              7.1729022,
              50.7522222
            ],
            [
              7.1726648,
              50.7522409
            ],
            [
              7.1721434,
              50.7523032
            ],
            [
              7.1719865,
              50.7522992
            ],
            [
              7.1718057,
              50.752307
            ],
            [
              7.1713371,
              50.7523164
            ],
            [
              7.1710608,
              50.752327
            ],
            [
              7.1699772,
              50.752334
            ],
            [
              7.169543,
              50.7528838
            ],
            [
              7.1694833,
              50.7529593
            ],
            [
              7.1692554,
              50.7531653
            ],
            [
              7.1689161,
              50.7533341
            ],
            [
              7.1684447,
              50.7534932
            ],
            [
              7.1680594,
              50.7536211
            ],
            [
              7.1676182,
              50.7538175
            ],
            [
              7.1671827,
              50.7540233
            ],
            [
              7.1668622,
              50.7541764
            ],
            [
              7.1668212,
              50.7541902
            ],
            [
              7.1667073,
              50.754103
            ],
            [
              7.1664508,
              50.7542462
            ],
            [
              7.1664964,
              50.7542842
            ],
            [
              7.1662959,
              50.7543991
            ],
            [
              7.1660786,
              50.7545222
            ],
            [
              7.1658858,
              50.754632
            ],
            [
              7.1656568,
              50.754761
            ],
            [
              7.1655904,
              50.754806
            ],
            [
              7.1649792,
              50.7552228
            ],
            [
              7.1644049,
              50.7556154
            ],
            [
              7.1643107,
              50.7555821
            ],
            [
              7.1640017,
              50.7554341
            ],
            [
              7.1638408,
              50.7553566
            ],
            [
              7.1636422,
              50.7552605
            ],
            [
              7.163333,
              50.7551123
            ],
            [
              7.1630814,
              50.7549842
            ],
            [
              7.162803,
              50.7548416
            ],
            [
              7.1625746,
              50.7547243
            ],
            [
              7.1622528,
              50.7545591
            ],
            [
              7.1620234,
              50.7544424
            ],
            [
              7.1616805,
              50.7542807
            ],
            [
              7.1614274,
              50.754163
            ],
            [
              7.1612391,
              50.7540755
            ],
            [
              7.1610807,
              50.7540044
            ],
            [
              7.160859,
              50.7539085
            ],
            [
              7.1605452,
              50.7537813
            ],
            [
              7.1601,
              50.7536094
            ],
            [
              7.1596091,
              50.7534304
            ],
            [
              7.159239,
              50.7533163
            ],
            [
              7.1589768,
              50.7532353
            ],
            [
              7.1587471,
              50.7531704
            ],
            [
              7.158327,
              50.7530539
            ],
            [
              7.1582472,
              50.7531031
            ],
            [
              7.1581228,
              50.7531793
            ],
            [
              7.1581279,
              50.7531814
            ],
            [
              7.1580514,
              50.753237
            ],
            [
              7.1578858,
              50.7533549
            ],
            [
              7.1575686,
              50.7535467
            ],
            [
              7.1571703,
              50.7537957
            ],
            [
              7.1570362,
              50.7539026
            ],
            [
              7.156882,
              50.7540252
            ],
            [
              7.1566983,
              50.754186
            ],
            [
              7.1566131,
              50.7542806
            ],
            [
              7.1563576,
              50.7545559
            ],
            [
              7.1559011,
              50.7550358
            ],
            [
              7.1553907,
              50.755549
            ],
            [
              7.1553216,
              50.7556258
            ],
            [
              7.155278,
              50.7556686
            ],
            [
              7.1547104,
              50.7562061
            ],
            [
              7.1547637,
              50.7562313
            ],
            [
              7.1547614,
              50.7562578
            ],
            [
              7.1547195,
              50.7564076
            ],
            [
              7.154527,
              50.7569446
            ],
            [
              7.1543701,
              50.7573031
            ],
            [
              7.1539765,
              50.7578995
            ],
            [
              7.1538243,
              50.7584259
            ],
            [
              7.1538035,
              50.7586257
            ],
            [
              7.1537971,
              50.7588367
            ],
            [
              7.1537881,
              50.7589031
            ],
            [
              7.1534199,
              50.7590707
            ],
            [
              7.1531799,
              50.7591644
            ],
            [
              7.153025,
              50.7592798
            ],
            [
              7.152854,
              50.7595635
            ],
            [
              7.1527413,
              50.7597343
            ],
            [
              7.1524736,
              50.7598694
            ],
            [
              7.1522143,
              50.7599435
            ],
            [
              7.1520996,
              50.7599769
            ],
            [
              7.1518813,
              50.7600304
            ],
            [
              7.1505607,
              50.7605154
            ],
            [
              7.1501351,
              50.7606719
            ],
            [
              7.1498999,
              50.7607527
            ],
            [
              7.1496186,
              50.7608515
            ],
            [
              7.1494516,
              50.7609037
            ],
            [
              7.1492555,
              50.7609614
            ],
            [
              7.1492441,
              50.7609663
            ],
            [
              7.1491385,
              50.761003
            ],
            [
              7.1490785,
              50.7610434
            ],
            [
              7.1488377,
              50.7611523
            ],
            [
              7.1482838,
              50.7613856
            ],
            [
              7.1479995,
              50.7614931
            ],
            [
              7.1479278,
              50.7615134
            ],
            [
              7.1478331,
              50.7615424
            ],
            [
              7.1478,
              50.7615489
            ],
            [
              7.1476314,
              50.7616029
            ],
            [
              7.1474431,
              50.7616644
            ],
            [
              7.1466755,
              50.7619126
            ],
            [
              7.1463399,
              50.7620192
            ],
            [
              7.1462048,
              50.7620746
            ],
            [
              7.1459691,
              50.7621251
            ],
            [
              7.1448419,
              50.7623645
            ],
            [
              7.1455939,
              50.7628105
            ],
            [
              7.1447745,
              50.7634556
            ],
            [
              7.1452915,
              50.7637623
            ],
            [
              7.1444996,
              50.7644782
            ],
            [
              7.1453599,
              50.7649575
            ],
            [
              7.1444044,
              50.7656479
            ],
            [
              7.1440168,
              50.7659058
            ],
            [
              7.1434535,
              50.7662807
            ],
            [
              7.1429895,
              50.7666701
            ],
            [
              7.1426763,
              50.7669381
            ],
            [
              7.1423769,
              50.7671896
            ],
            [
              7.1423469,
              50.7671728
            ],
            [
              7.1423201,
              50.7671925
            ],
            [
              7.1424685,
              50.7672848
            ],
            [
              7.1424763,
              50.7673301
            ],
            [
              7.142239,
              50.7675021
            ],
            [
              7.1423152,
              50.7676121
            ],
            [
              7.1420389,
              50.7674815
            ],
            [
              7.1391567,
              50.7624826
            ],
            [
              7.1380868,
              50.7606826
            ],
            [
              7.1351735,
              50.7554943
            ],
            [
              7.1339705,
              50.7535078
            ],
            [
              7.1333103,
              50.7524066
            ],
            [
              7.1324342,
              50.7511949
            ],
            [
              7.1312904,
              50.749767
            ],
            [
              7.1309012,
              50.7493034
            ],
            [
              7.1308347,
              50.7492981
            ],
            [
              7.1308107,
              50.7492468
            ],
            [
              7.1290034,
              50.746971
            ],
            [
              7.1292262,
              50.7469619
            ],
            [
              7.1291953,
              50.7469245
            ],
            [
              7.129175,
              50.7469267
            ],
            [
              7.1291773,
              50.7468425
            ],
            [
              7.1290939,
              50.7467969
            ],
            [
              7.1268289,
              50.7439749
            ],
            [
              7.1266853,
              50.743887
            ],
            [
              7.1266375,
              50.7438832
            ],
            [
              7.126529,
              50.7436879
            ],
            [
              7.1264321,
              50.7434789
            ],
            [
              7.1263318,
              50.7432493
            ],
            [
              7.1262328,
              50.7429565
            ],
            [
              7.1261844,
              50.7426551
            ],
            [
              7.1261205,
              50.7424219
            ],
            [
              7.1261127,
              50.7422255
            ],
            [
              7.1262679,
              50.7416547
            ],
            [
              7.126144,
              50.7416254
            ],
            [
              7.1262271,
              50.7412022
            ],
            [
              7.1261578,
              50.7409708
            ],
            [
              7.1262826,
              50.7406951
            ],
            [
              7.1264673,
              50.7403654
            ],
            [
              7.1268808,
              50.7397873
            ],
            [
              7.1277329,
              50.7399836
            ],
            [
              7.1279091,
              50.7400577
            ],
            [
              7.1280105,
              50.7399882
            ],
            [
              7.1299446,
              50.7402918
            ],
            [
              7.12996,
              50.7405122
            ],
            [
              7.1303998,
              50.7406343
            ],
            [
              7.1307861,
              50.7407077
            ],
            [
              7.1312685,
              50.7398031
            ],
            [
              7.1313533,
              50.7396347
            ],
            [
              7.1318678,
              50.739751
            ],
            [
              7.1321212,
              50.7397855
            ],
            [
              7.132243,
              50.739516
            ],
            [
              7.1324245,
              50.7394457
            ],
            [
              7.1329381,
              50.739509
            ],
            [
              7.1332938,
              50.7396074
            ],
            [
              7.1330638,
              50.740043
            ],
            [
              7.1336733,
              50.7401755
            ],
            [
              7.1340455,
              50.7403339
            ],
            [
              7.1345172,
              50.7407811
            ],
            [
              7.133749,
              50.74139
            ],
            [
              7.1344923,
              50.7417721
            ],
            [
              7.1343511,
              50.7418969
            ],
            [
              7.135273,
              50.7424724
            ],
            [
              7.1370064,
              50.7424659
            ],
            [
              7.1370198,
              50.7431476
            ],
            [
              7.1374898,
              50.7433251
            ],
            [
              7.1376986,
              50.743118
            ],
            [
              7.1395557,
              50.7438694
            ],
            [
              7.1396396,
              50.7445623
            ],
            [
              7.1395801,
              50.7446201
            ],
            [
              7.1400991,
              50.7448558
            ],
            [
              7.1410521,
              50.7452884
            ],
            [
              7.1411445,
              50.7453297
            ],
            [
              7.1413445,
              50.7453925
            ],
            [
              7.141476,
              50.7454265
            ],
            [
              7.1415383,
              50.7454388
            ],
            [
              7.1424729,
              50.7456652
            ],
            [
              7.1426379,
              50.7456884
            ],
            [
              7.1426911,
              50.7454216
            ],
            [
              7.1428601,
              50.7446191
            ],
            [
              7.1431179,
              50.7438413
            ]
          ]
        ]
      },
      "id": "relation/1434469"
    },
    {
      "type": "Feature",
      "properties": {
        "@id": "relation/1434470",
        "boundary": "postal_code",
        "note": "53225 Bonn",
        "postal_code": "53225",
        "postal_code_level": "8",
        "type": "boundary"
      },
      "geometry": {
        "type": "Polygon",
        "coordinates": [
          [
            [
              7.1380868,
              50.7606826
            ],
            [
              7.1391567,
              50.7624826
            ],
            [
              7.1420389,
              50.7674815
            ],
            [
              7.1420895,
              50.7675746
            ],
            [
              7.1418808,
              50.767719
            ],
            [
              7.1417196,
              50.7678307
            ],
            [
              7.1415157,
              50.7679716
            ],
            [
              7.1412197,
              50.7681713
            ],
            [
              7.1411041,
              50.768251
            ],
            [
              7.1410169,
              50.7683115
            ],
            [
              7.1405893,
              50.7686026
            ],
            [
              7.1398762,
              50.7690948
            ],
            [
              7.1396676,
              50.7691843
            ],
            [
              7.1395477,
              50.7692364
            ],
            [
              7.1391294,
              50.7694172
            ],
            [
              7.1353817,
              50.7710291
            ],
            [
              7.1348525,
              50.770764
            ],
            [
              7.1342948,
              50.7711538
            ],
            [
              7.1337752,
              50.7714829
            ],
            [
              7.1331532,
              50.7717858
            ],
            [
              7.1329495,
              50.7718728
            ],
            [
              7.1326418,
              50.772003
            ],
            [
              7.1326146,
              50.7720183
            ],
            [
              7.1325575,
              50.7720503
            ],
            [
              7.1324034,
              50.7721373
            ],
            [
              7.1317439,
              50.7722937
            ],
            [
              7.13152,
              50.7723471
            ],
            [
              7.1311541,
              50.7724334
            ],
            [
              7.1310533,
              50.7724503
            ],
            [
              7.1306673,
              50.7725207
            ],
            [
              7.1302483,
              50.7725873
            ],
            [
              7.1299325,
              50.7726107
            ],
            [
              7.1298726,
              50.7726282
            ],
            [
              7.1296507,
              50.7727245
            ],
            [
              7.1292608,
              50.7728958
            ],
            [
              7.1290051,
              50.7730115
            ],
            [
              7.1289892,
              50.7729186
            ],
            [
              7.1283612,
              50.7730906
            ],
            [
              7.1282137,
              50.7731164
            ],
            [
              7.1278063,
              50.7731444
            ],
            [
              7.1278252,
              50.7733619
            ],
            [
              7.1272535,
              50.7734006
            ],
            [
              7.1270963,
              50.7734232
            ],
            [
              7.1269098,
              50.7735281
            ],
            [
              7.1257875,
              50.774178
            ],
            [
              7.1254352,
              50.7743699
            ],
            [
              7.1253628,
              50.7744093
            ],
            [
              7.1251225,
              50.7741642
            ],
            [
              7.1246315,
              50.7738361
            ],
            [
              7.1244977,
              50.7737477
            ],
            [
              7.1242985,
              50.7736057
            ],
            [
              7.1239356,
              50.7733917
            ],
            [
              7.1235546,
              50.7731967
            ],
            [
              7.1233157,
              50.7730787
            ],
            [
              7.1229744,
              50.7729374
            ],
            [
              7.1225103,
              50.772778
            ],
            [
              7.1221565,
              50.7726292
            ],
            [
              7.1215623,
              50.7724518
            ],
            [
              7.1199928,
              50.7721444
            ],
            [
              7.1193297,
              50.7720968
            ],
            [
              7.1185086,
              50.7720314
            ],
            [
              7.1171462,
              50.7719254
            ],
            [
              7.1154098,
              50.7717324
            ],
            [
              7.1145422,
              50.7715536
            ],
            [
              7.1134808,
              50.7712521
            ],
            [
              7.1128202,
              50.771153
            ],
            [
              7.1117724,
              50.770748
            ],
            [
              7.1108185,
              50.7702791
            ],
            [
              7.1098687,
              50.7696151
            ],
            [
              7.1093317,
              50.7692072
            ],
            [
              7.1087338,
              50.7686192
            ],
            [
              7.1083069,
              50.7680363
            ],
            [
              7.1079569,
              50.7673564
            ],
            [
              7.107684,
              50.7666395
            ],
            [
              7.1076862,
              50.7664816
            ],
            [
              7.1076364,
              50.7663387
            ],
            [
              7.1075146,
              50.7657941
            ],
            [
              7.107494,
              50.7656625
            ],
            [
              7.1074614,
              50.7654236
            ],
            [
              7.1073656,
              50.7649021
            ],
            [
              7.1072041,
              50.7644157
            ],
            [
              7.1071561,
              50.7642057
            ],
            [
              7.1069571,
              50.7637248
            ],
            [
              7.1067971,
              50.7634928
            ],
            [
              7.1066281,
              50.7633098
            ],
            [
              7.1062992,
              50.7630229
            ],
            [
              7.1060312,
              50.7628559
            ],
            [
              7.1053233,
              50.7625199
            ],
            [
              7.1048904,
              50.7623599
            ],
            [
              7.1041285,
              50.762157
            ],
            [
              7.1036104,
              50.7620075
            ],
            [
              7.1025288,
              50.761799
            ],
            [
              7.100524,
              50.761562
            ],
            [
              7.0998311,
              50.761558
            ],
            [
              7.0987533,
              50.761555
            ],
            [
              7.0979404,
              50.76157
            ],
            [
              7.096866,
              50.7616544
            ],
            [
              7.0957405,
              50.7618754
            ],
            [
              7.0949219,
              50.762127
            ],
            [
              7.0928252,
              50.7627979
            ],
            [
              7.0915604,
              50.7632408
            ],
            [
              7.0914334,
              50.7632978
            ],
            [
              7.0894157,
              50.7642287
            ],
            [
              7.0890847,
              50.7643777
            ],
            [
              7.0876519,
              50.7651286
            ],
            [
              7.087497,
              50.7652056
            ],
            [
              7.0863021,
              50.7658535
            ],
            [
              7.0847754,
              50.7666854
            ],
            [
              7.0838415,
              50.7670974
            ],
            [
              7.0830816,
              50.7674373
            ],
            [
              7.0820128,
              50.7677913
            ],
            [
              7.0810469,
              50.7680013
            ],
            [
              7.0798141,
              50.7682423
            ],
            [
              7.0779264,
              50.7686122
            ],
            [
              7.0771987,
              50.768707
            ],
            [
              7.0767253,
              50.7682162
            ],
            [
              7.0765796,
              50.7680553
            ],
            [
              7.0757871,
              50.7672687
            ],
            [
              7.0800871,
              50.7654075
            ],
            [
              7.0847004,
              50.7630324
            ],
            [
              7.0868928,
              50.7616165
            ],
            [
              7.0893618,
              50.7606345
            ],
            [
              7.0911949,
              50.7599054
            ],
            [
              7.0929677,
              50.7593784
            ],
            [
              7.0955712,
              50.7585105
            ],
            [
              7.0974896,
              50.7577797
            ],
            [
              7.0985401,
              50.7572773
            ],
            [
              7.0995177,
              50.7567857
            ],
            [
              7.0997926,
              50.7566475
            ],
            [
              7.1017636,
              50.7551197
            ],
            [
              7.1021537,
              50.7547844
            ],
            [
              7.1025392,
              50.7544433
            ],
            [
              7.1032682,
              50.7537129
            ],
            [
              7.1040479,
              50.75279
            ],
            [
              7.1047132,
              50.7518352
            ],
            [
              7.1051834,
              50.750989
            ],
            [
              7.1055661,
              50.7501208
            ],
            [
              7.1063178,
              50.748187
            ],
            [
              7.107324,
              50.7458587
            ],
            [
              7.1085006,
              50.7422553
            ],
            [
              7.1087231,
              50.7417236
            ],
            [
              7.1090849,
              50.7407753
            ],
            [
              7.1100527,
              50.7381979
            ],
            [
              7.1111525,
              50.7352676
            ],
            [
              7.1123027,
              50.7329738
            ],
            [
              7.1126623,
              50.7320865
            ],
            [
              7.1130749,
              50.7310892
            ],
            [
              7.1135564,
              50.7301748
            ],
            [
              7.1138208,
              50.7297439
            ],
            [
              7.1140835,
              50.7293481
            ],
            [
              7.1144667,
              50.7288256
            ],
            [
              7.1151546,
              50.7279946
            ],
            [
              7.1156411,
              50.7274907
            ],
            [
              7.1162986,
              50.7268416
            ],
            [
              7.1166828,
              50.7265047
            ],
            [
              7.1172552,
              50.7260413
            ],
            [
              7.1181348,
              50.7253787
            ],
            [
              7.1189724,
              50.7248247
            ],
            [
              7.1198975,
              50.7242581
            ],
            [
              7.1230901,
              50.7262889
            ],
            [
              7.1226274,
              50.726527
            ],
            [
              7.1232322,
              50.726898
            ],
            [
              7.1228951,
              50.7271028
            ],
            [
              7.1225937,
              50.7269271
            ],
            [
              7.1223151,
              50.7271207
            ],
            [
              7.1225369,
              50.7272457
            ],
            [
              7.1221717,
              50.7275163
            ],
            [
              7.1225667,
              50.7277458
            ],
            [
              7.1222005,
              50.727967
            ],
            [
              7.1227371,
              50.7282236
            ],
            [
              7.123519,
              50.7277989
            ],
            [
              7.1241578,
              50.7285536
            ],
            [
              7.1248264,
              50.7281809
            ],
            [
              7.1243929,
              50.7277517
            ],
            [
              7.1251213,
              50.7273153
            ],
            [
              7.1265546,
              50.7282978
            ],
            [
              7.1272164,
              50.7286807
            ],
            [
              7.1268668,
              50.7289304
            ],
            [
              7.1265902,
              50.7287821
            ],
            [
              7.1258725,
              50.7293721
            ],
            [
              7.126331,
              50.7295866
            ],
            [
              7.1266692,
              50.7293071
            ],
            [
              7.1269876,
              50.7294634
            ],
            [
              7.1273097,
              50.7292374
            ],
            [
              7.1274821,
              50.7286623
            ],
            [
              7.1285598,
              50.7284883
            ],
            [
              7.1288922,
              50.7293176
            ],
            [
              7.130554,
              50.7290463
            ],
            [
              7.1312324,
              50.7295358
            ],
            [
              7.1316394,
              50.7302891
            ],
            [
              7.1319405,
              50.7302153
            ],
            [
              7.1318253,
              50.7298672
            ],
            [
              7.1331538,
              50.7290376
            ],
            [
              7.1336401,
              50.7292189
            ],
            [
              7.1325913,
              50.7304923
            ],
            [
              7.1320545,
              50.7318959
            ],
            [
              7.1317437,
              50.7323974
            ],
            [
              7.1316736,
              50.7326623
            ],
            [
              7.1313142,
              50.7331793
            ],
            [
              7.1309682,
              50.733685
            ],
            [
              7.1285581,
              50.7373769
            ],
            [
              7.1278589,
              50.7384326
            ],
            [
              7.1268808,
              50.7397873
            ],
            [
              7.1264673,
              50.7403654
            ],
            [
              7.1262826,
              50.7406951
            ],
            [
              7.1261578,
              50.7409708
            ],
            [
              7.1262271,
              50.7412022
            ],
            [
              7.126144,
              50.7416254
            ],
            [
              7.1262679,
              50.7416547
            ],
            [
              7.1261127,
              50.7422255
            ],
            [
              7.1261205,
              50.7424219
            ],
            [
              7.1261844,
              50.7426551
            ],
            [
              7.1262328,
              50.7429565
            ],
            [
              7.1263318,
              50.7432493
            ],
            [
              7.1264321,
              50.7434789
            ],
            [
              7.126529,
              50.7436879
            ],
            [
              7.1266375,
              50.7438832
            ],
            [
              7.1266853,
              50.743887
            ],
            [
              7.1268289,
              50.7439749
            ],
            [
              7.1290939,
              50.7467969
            ],
            [
              7.1291773,
              50.7468425
            ],
            [
              7.129175,
              50.7469267
            ],
            [
              7.1291953,
              50.7469245
            ],
            [
              7.1292262,
              50.7469619
            ],
            [
              7.1290034,
              50.746971
            ],
            [
              7.1308107,
              50.7492468
            ],
            [
              7.1308347,
              50.7492981
            ],
            [
              7.1309012,
              50.7493034
            ],
            [
              7.1312904,
              50.749767
            ],
            [
              7.1324342,
              50.7511949
            ],
            [
              7.1333103,
              50.7524066
            ],
            [
              7.1339705,
              50.7535078
            ],
            [
              7.1351735,
              50.7554943
            ],
            [
              7.1380868,
              50.7606826
            ]
          ]
        ]
      },
      "id": "relation/1434470"
    },
    {
      "type": "Feature",
      "properties": {
        "@id": "relation/1434471",
        "boundary": "postal_code",
        "note": "53117 Bonn",
        "postal_code": "53117",
        "postal_code_level": "8",
        "type": "boundary"
      },
      "geometry": {
        "type": "Polygon",
        "coordinates": [
          [
            [
              7.0463837,
              50.7627544
            ],
            [
              7.0447386,
              50.7617855
            ],
            [
              7.0446538,
              50.7617861
            ],
            [
              7.0446354,
              50.7617482
            ],
            [
              7.0446031,
              50.7617678
            ],
            [
              7.0446086,
              50.7617149
            ],
            [
              7.039925,
              50.75817
            ],
            [
              7.0383677,
              50.7590876
            ],
            [
              7.0370636,
              50.7579058
            ],
            [
              7.0371471,
              50.7578965
            ],
            [
              7.0394682,
              50.7565971
            ],
            [
              7.0393833,
              50.7565981
            ],
            [
              7.0368685,
              50.7552364
            ],
            [
              7.0368756,
              50.755181
            ],
            [
              7.0382538,
              50.7542603
            ],
            [
              7.0383729,
              50.7542382
            ],
            [
              7.0384397,
              50.7541955
            ],
            [
              7.0384184,
              50.7541508
            ],
            [
              7.0396354,
              50.7533372
            ],
            [
              7.0397095,
              50.7534288
            ],
            [
              7.0400058,
              50.7533802
            ],
            [
              7.0400119,
              50.7531893
            ],
            [
              7.0415292,
              50.7532124
            ],
            [
              7.0435927,
              50.7532902
            ],
            [
              7.0435244,
              50.7539948
            ],
            [
              7.0433671,
              50.754165
            ],
            [
              7.043378,
              50.7543308
            ],
            [
              7.0436632,
              50.7544542
            ],
            [
              7.0434217,
              50.7547336
            ],
            [
              7.0430942,
              50.7551595
            ],
            [
              7.043116,
              50.7555876
            ],
            [
              7.0433357,
              50.75594
            ],
            [
              7.0429593,
              50.7562858
            ],
            [
              7.0430609,
              50.7564046
            ],
            [
              7.0457862,
              50.7550927
            ],
            [
              7.049501,
              50.7536088
            ],
            [
              7.0542489,
              50.7516354
            ],
            [
              7.0564198,
              50.7536854
            ],
            [
              7.0581686,
              50.7549479
            ],
            [
              7.0585127,
              50.7552841
            ],
            [
              7.0589685,
              50.7557293
            ],
            [
              7.0579755,
              50.7563529
            ],
            [
              7.0585227,
              50.7567194
            ],
            [
              7.05922,
              50.7575746
            ],
            [
              7.0602822,
              50.7569705
            ],
            [
              7.0592038,
              50.7555148
            ],
            [
              7.0572781,
              50.7537736
            ],
            [
              7.0547355,
              50.751459
            ],
            [
              7.0576591,
              50.7506309
            ],
            [
              7.0607028,
              50.7499552
            ],
            [
              7.0661769,
              50.7487373
            ],
            [
              7.06877,
              50.748127
            ],
            [
              7.0718052,
              50.747261
            ],
            [
              7.0727577,
              50.7467879
            ],
            [
              7.0737684,
              50.7472273
            ],
            [
              7.0741228,
              50.7476348
            ],
            [
              7.0768261,
              50.7489911
            ],
            [
              7.0790334,
              50.7478335
            ],
            [
              7.080283,
              50.7485343
            ],
            [
              7.0808496,
              50.7479568
            ],
            [
              7.0811163,
              50.7477657
            ],
            [
              7.080124,
              50.7470135
            ],
            [
              7.0805353,
              50.746734
            ],
            [
              7.0808677,
              50.7469228
            ],
            [
              7.0817134,
              50.7463285
            ],
            [
              7.0819294,
              50.746136
            ],
            [
              7.0824425,
              50.7463722
            ],
            [
              7.0834985,
              50.7457755
            ],
            [
              7.0832553,
              50.7456651
            ],
            [
              7.0835969,
              50.7453665
            ],
            [
              7.0845266,
              50.7457889
            ],
            [
              7.0849783,
              50.7455209
            ],
            [
              7.0851724,
              50.7456454
            ],
            [
              7.0855134,
              50.7454416
            ],
            [
              7.0853519,
              50.7450974
            ],
            [
              7.0839408,
              50.7443327
            ],
            [
              7.0845382,
              50.7439164
            ],
            [
              7.0865263,
              50.7425124
            ],
            [
              7.0873173,
              50.7429986
            ],
            [
              7.0879654,
              50.7426486
            ],
            [
              7.0887234,
              50.7431496
            ],
            [
              7.0893985,
              50.7437851
            ],
            [
              7.0877874,
              50.7443253
            ],
            [
              7.0867412,
              50.7448741
            ],
            [
              7.0873779,
              50.7458687
            ],
            [
              7.0877381,
              50.7470612
            ],
            [
              7.0872309,
              50.7489009
            ],
            [
              7.0906716,
              50.7491391
            ],
            [
              7.0915165,
              50.7486928
            ],
            [
              7.0912622,
              50.7485451
            ],
            [
              7.0911015,
              50.7484518
            ],
            [
              7.0904839,
              50.7481259
            ],
            [
              7.090146,
              50.747532
            ],
            [
              7.0904618,
              50.7474569
            ],
            [
              7.0904791,
              50.747452
            ],
            [
              7.0922106,
              50.7470324
            ],
            [
              7.0924136,
              50.7468598
            ],
            [
              7.0937393,
              50.7470574
            ],
            [
              7.0941215,
              50.747054
            ],
            [
              7.0944812,
              50.7465947
            ],
            [
              7.095657,
              50.7468241
            ],
            [
              7.0954947,
              50.7472211
            ],
            [
              7.0971125,
              50.7475015
            ],
            [
              7.0971441,
              50.7473936
            ],
            [
              7.0972439,
              50.747062
            ],
            [
              7.1063178,
              50.748187
            ],
            [
              7.1055661,
              50.7501208
            ],
            [
              7.1051834,
              50.750989
            ],
            [
              7.1047132,
              50.7518352
            ],
            [
              7.1040479,
              50.75279
            ],
            [
              7.1032682,
              50.7537129
            ],
            [
              7.1025392,
              50.7544433
            ],
            [
              7.1021537,
              50.7547844
            ],
            [
              7.1017636,
              50.7551197
            ],
            [
              7.0997926,
              50.7566475
            ],
            [
              7.0995177,
              50.7567857
            ],
            [
              7.0985401,
              50.7572773
            ],
            [
              7.0974896,
              50.7577797
            ],
            [
              7.0955712,
              50.7585105
            ],
            [
              7.0929677,
              50.7593784
            ],
            [
              7.0911949,
              50.7599054
            ],
            [
              7.0893618,
              50.7606345
            ],
            [
              7.0868928,
              50.7616165
            ],
            [
              7.0847004,
              50.7630324
            ],
            [
              7.0800871,
              50.7654075
            ],
            [
              7.0757871,
              50.7672687
            ],
            [
              7.0714563,
              50.7689782
            ],
            [
              7.0689837,
              50.7699391
            ],
            [
              7.0667005,
              50.7708455
            ],
            [
              7.0652188,
              50.7693234
            ],
            [
              7.0651871,
              50.7693402
            ],
            [
              7.0648024,
              50.7689258
            ],
            [
              7.064058,
              50.7683941
            ],
            [
              7.0639627,
              50.7683497
            ],
            [
              7.0621564,
              50.7671293
            ],
            [
              7.0616701,
              50.766818
            ],
            [
              7.0614731,
              50.766678
            ],
            [
              7.060782,
              50.7660954
            ],
            [
              7.0597257,
              50.7653119
            ],
            [
              7.0589955,
              50.7648114
            ],
            [
              7.0576772,
              50.7640598
            ],
            [
              7.0563075,
              50.76311
            ],
            [
              7.056228,
              50.7630945
            ],
            [
              7.0555393,
              50.7635227
            ],
            [
              7.0551422,
              50.7638099
            ],
            [
              7.0544783,
              50.7643256
            ],
            [
              7.0540884,
              50.7646689
            ],
            [
              7.0528358,
              50.7640357
            ],
            [
              7.0514153,
              50.7651384
            ],
            [
              7.0513572,
              50.7651408
            ],
            [
              7.0488972,
              50.7637088
            ],
            [
              7.0488851,
              50.7636546
            ],
            [
              7.048839,
              50.7636512
            ],
            [
              7.0487586,
              50.7637276
            ],
            [
              7.0485833,
              50.7639081
            ],
            [
              7.0482028,
              50.7638723
            ],
            [
              7.0481866,
              50.7638161
            ],
            [
              7.0463837,
              50.7627544
            ]
          ]
        ]
      },
      "id": "relation/1434471"
    },
    {
      "type": "Feature",
      "properties": {
        "@id": "relation/1434472",
        "boundary": "postal_code",
        "note": "53119 Bonn",
        "postal_code": "53119",
        "postal_code_level": "8",
        "type": "boundary"
      },
      "geometry": {
        "type": "Polygon",
        "coordinates": [
          [
            [
              7.0363329,
              50.7464681
            ],
            [
              7.0406144,
              50.7455112
            ],
            [
              7.0451888,
              50.7444846
            ],
            [
              7.0501678,
              50.7433684
            ],
            [
              7.0549263,
              50.7422946
            ],
            [
              7.0665937,
              50.7396717
            ],
            [
              7.0726378,
              50.7383608
            ],
            [
              7.0730148,
              50.7382785
            ],
            [
              7.0732841,
              50.7387563
            ],
            [
              7.0742195,
              50.7394667
            ],
            [
              7.072561,
              50.7400412
            ],
            [
              7.0749726,
              50.7403385
            ],
            [
              7.0750667,
              50.7401527
            ],
            [
              7.0749708,
              50.7401307
            ],
            [
              7.0750237,
              50.7400247
            ],
            [
              7.0753405,
              50.7401213
            ],
            [
              7.0759457,
              50.7403059
            ],
            [
              7.0754764,
              50.7399339
            ],
            [
              7.0761421,
              50.7394378
            ],
            [
              7.0754948,
              50.7390814
            ],
            [
              7.0753422,
              50.7389208
            ],
            [
              7.0775021,
              50.7376516
            ],
            [
              7.085996,
              50.7354622
            ],
            [
              7.086417,
              50.735861
            ],
            [
              7.0865102,
              50.7360057
            ],
            [
              7.0867275,
              50.7361619
            ],
            [
              7.0869011,
              50.7362323
            ],
            [
              7.0872679,
              50.7365544
            ],
            [
              7.0867841,
              50.7367875
            ],
            [
              7.0868636,
              50.7369495
            ],
            [
              7.0867985,
              50.7369737
            ],
            [
              7.086926,
              50.7371311
            ],
            [
              7.0867885,
              50.7373985
            ],
            [
              7.086841,
              50.7375049
            ],
            [
              7.0871778,
              50.7374392
            ],
            [
              7.0879055,
              50.7387418
            ],
            [
              7.0872885,
              50.7388151
            ],
            [
              7.0875234,
              50.7393482
            ],
            [
              7.0876885,
              50.739723
            ],
            [
              7.0881333,
              50.7408353
            ],
            [
              7.0879237,
              50.7408868
            ],
            [
              7.0878566,
              50.7407846
            ],
            [
              7.0854367,
              50.7415172
            ],
            [
              7.0856466,
              50.7417814
            ],
            [
              7.0862999,
              50.7418867
            ],
            [
              7.0873342,
              50.7420959
            ],
            [
              7.088576,
              50.741652
            ],
            [
              7.0887547,
              50.7419854
            ],
            [
              7.0894388,
              50.7430295
            ],
            [
              7.0899129,
              50.7436299
            ],
            [
              7.0893985,
              50.7437851
            ],
            [
              7.0887234,
              50.7431496
            ],
            [
              7.0879654,
              50.7426486
            ],
            [
              7.0873173,
              50.7429986
            ],
            [
              7.0865263,
              50.7425124
            ],
            [
              7.0845382,
              50.7439164
            ],
            [
              7.0839408,
              50.7443327
            ],
            [
              7.0853519,
              50.7450974
            ],
            [
              7.0855134,
              50.7454416
            ],
            [
              7.0851724,
              50.7456454
            ],
            [
              7.0849783,
              50.7455209
            ],
            [
              7.0845266,
              50.7457889
            ],
            [
              7.0835969,
              50.7453665
            ],
            [
              7.0832553,
              50.7456651
            ],
            [
              7.0834985,
              50.7457755
            ],
            [
              7.0824425,
              50.7463722
            ],
            [
              7.0819294,
              50.746136
            ],
            [
              7.0817134,
              50.7463285
            ],
            [
              7.0808677,
              50.7469228
            ],
            [
              7.0805353,
              50.746734
            ],
            [
              7.080124,
              50.7470135
            ],
            [
              7.0811163,
              50.7477657
            ],
            [
              7.0808496,
              50.7479568
            ],
            [
              7.080283,
              50.7485343
            ],
            [
              7.0790334,
              50.7478335
            ],
            [
              7.0768261,
              50.7489911
            ],
            [
              7.0741228,
              50.7476348
            ],
            [
              7.0737684,
              50.7472273
            ],
            [
              7.0727577,
              50.7467879
            ],
            [
              7.0718052,
              50.747261
            ],
            [
              7.06877,
              50.748127
            ],
            [
              7.0661769,
              50.7487373
            ],
            [
              7.0607028,
              50.7499552
            ],
            [
              7.0576591,
              50.7506309
            ],
            [
              7.0547355,
              50.751459
            ],
            [
              7.0572781,
              50.7537736
            ],
            [
              7.0592038,
              50.7555148
            ],
            [
              7.0602822,
              50.7569705
            ],
            [
              7.05922,
              50.7575746
            ],
            [
              7.0585227,
              50.7567194
            ],
            [
              7.0579755,
              50.7563529
            ],
            [
              7.0589685,
              50.7557293
            ],
            [
              7.0585127,
              50.7552841
            ],
            [
              7.0581686,
              50.7549479
            ],
            [
              7.0564198,
              50.7536854
            ],
            [
              7.0542489,
              50.7516354
            ],
            [
              7.049501,
              50.7536088
            ],
            [
              7.0457862,
              50.7550927
            ],
            [
              7.0430609,
              50.7564046
            ],
            [
              7.0429593,
              50.7562858
            ],
            [
              7.0433357,
              50.75594
            ],
            [
              7.043116,
              50.7555876
            ],
            [
              7.0430942,
              50.7551595
            ],
            [
              7.0434217,
              50.7547336
            ],
            [
              7.0436632,
              50.7544542
            ],
            [
              7.043378,
              50.7543308
            ],
            [
              7.0433671,
              50.754165
            ],
            [
              7.0435244,
              50.7539948
            ],
            [
              7.0435927,
              50.7532902
            ],
            [
              7.0415292,
              50.7532124
            ],
            [
              7.0400119,
              50.7531893
            ],
            [
              7.0400058,
              50.7533802
            ],
            [
              7.0397095,
              50.7534288
            ],
            [
              7.0396354,
              50.7533372
            ],
            [
              7.0397078,
              50.7532888
            ],
            [
              7.039657,
              50.753258
            ],
            [
              7.0395862,
              50.753255
            ],
            [
              7.0387496,
              50.7525177
            ],
            [
              7.036733,
              50.7507321
            ],
            [
              7.0367538,
              50.7506861
            ],
            [
              7.0372446,
              50.7504989
            ],
            [
              7.0382837,
              50.7501053
            ],
            [
              7.0383638,
              50.7501156
            ],
            [
              7.0383022,
              50.7500568
            ],
            [
              7.038332,
              50.750046
            ],
            [
              7.0383839,
              50.7500337
            ],
            [
              7.0378608,
              50.7493111
            ],
            [
              7.0378357,
              50.7493166
            ],
            [
              7.0375746,
              50.7488888
            ],
            [
              7.0371602,
              50.7480946
            ],
            [
              7.0367995,
              50.7481429
            ],
            [
              7.0366734,
              50.7481412
            ],
            [
              7.0362335,
              50.7481124
            ],
            [
              7.0363744,
              50.747829
            ],
            [
              7.0365272,
              50.747767
            ],
            [
              7.0366238,
              50.7475651
            ],
            [
              7.0367432,
              50.7471586
            ],
            [
              7.0368051,
              50.7466769
            ],
            [
              7.0367512,
              50.7465069
            ],
            [
              7.0363878,
              50.746585
            ],
            [
              7.0363329,
              50.7464681
            ]
          ]
        ]
      },
      "id": "relation/1434472"
    },
    {
      "type": "Feature",
      "properties": {
        "@id": "relation/1434477",
        "boundary": "postal_code",
        "note": "53111 Bonn",
        "postal_code": "53111",
        "postal_code_level": "8",
        "type": "boundary"
      },
      "geometry": {
        "type": "Polygon",
        "coordinates": [
          [
            [
              7.0990143,
              50.7313037
            ],
            [
              7.1004342,
              50.7319467
            ],
            [
              7.100545,
              50.7320451
            ],
            [
              7.100001,
              50.7323201
            ],
            [
              7.0998502,
              50.7323588
            ],
            [
              7.0997168,
              50.7321391
            ],
            [
              7.0995624,
              50.7321799
            ],
            [
              7.0995402,
              50.7323543
            ],
            [
              7.0992565,
              50.7324162
            ],
            [
              7.099453,
              50.7327332
            ],
            [
              7.0996001,
              50.732772
            ],
            [
              7.0997683,
              50.7330481
            ],
            [
              7.0999753,
              50.733124
            ],
            [
              7.1006541,
              50.7333729
            ],
            [
              7.1007974,
              50.733449
            ],
            [
              7.1006024,
              50.733692
            ],
            [
              7.100864,
              50.7339387
            ],
            [
              7.1011261,
              50.7341098
            ],
            [
              7.1012812,
              50.7340335
            ],
            [
              7.1017433,
              50.7344055
            ],
            [
              7.102014,
              50.7346055
            ],
            [
              7.1024685,
              50.7345625
            ],
            [
              7.1027511,
              50.73468
            ],
            [
              7.1028614,
              50.7345814
            ],
            [
              7.1030555,
              50.7347156
            ],
            [
              7.1033037,
              50.7349242
            ],
            [
              7.1035871,
              50.7347975
            ],
            [
              7.1039499,
              50.7350241
            ],
            [
              7.1046285,
              50.7353662
            ],
            [
              7.1051501,
              50.7355004
            ],
            [
              7.1047519,
              50.7362284
            ],
            [
              7.1049879,
              50.7363321
            ],
            [
              7.105135,
              50.7361894
            ],
            [
              7.1056236,
              50.7363507
            ],
            [
              7.1057262,
              50.7361662
            ],
            [
              7.1059359,
              50.7361992
            ],
            [
              7.1074194,
              50.7363474
            ],
            [
              7.1075387,
              50.7359645
            ],
            [
              7.1071579,
              50.7358992
            ],
            [
              7.1072236,
              50.7357797
            ],
            [
              7.1075954,
              50.735845
            ],
            [
              7.1080851,
              50.7349069
            ],
            [
              7.1058586,
              50.7344564
            ],
            [
              7.1072088,
              50.7320526
            ],
            [
              7.1074264,
              50.7322122
            ],
            [
              7.1078366,
              50.7323158
            ],
            [
              7.1081791,
              50.7323252
            ],
            [
              7.1123027,
              50.7329738
            ],
            [
              7.1111525,
              50.7352676
            ],
            [
              7.1100527,
              50.7381979
            ],
            [
              7.1090849,
              50.7407753
            ],
            [
              7.1087231,
              50.7417236
            ],
            [
              7.1085006,
              50.7422553
            ],
            [
              7.107324,
              50.7458587
            ],
            [
              7.1063178,
              50.748187
            ],
            [
              7.0972439,
              50.747062
            ],
            [
              7.0971441,
              50.7473936
            ],
            [
              7.0971125,
              50.7475015
            ],
            [
              7.0954947,
              50.7472211
            ],
            [
              7.095657,
              50.7468241
            ],
            [
              7.0944812,
              50.7465947
            ],
            [
              7.0941215,
              50.747054
            ],
            [
              7.0937393,
              50.7470574
            ],
            [
              7.0924136,
              50.7468598
            ],
            [
              7.0922106,
              50.7470324
            ],
            [
              7.0904791,
              50.747452
            ],
            [
              7.0904618,
              50.7474569
            ],
            [
              7.090146,
              50.747532
            ],
            [
              7.0904839,
              50.7481259
            ],
            [
              7.0911015,
              50.7484518
            ],
            [
              7.0912622,
              50.7485451
            ],
            [
              7.0915165,
              50.7486928
            ],
            [
              7.0906716,
              50.7491391
            ],
            [
              7.0872309,
              50.7489009
            ],
            [
              7.0877381,
              50.7470612
            ],
            [
              7.0873779,
              50.7458687
            ],
            [
              7.0867412,
              50.7448741
            ],
            [
              7.0877874,
              50.7443253
            ],
            [
              7.0893985,
              50.7437851
            ],
            [
              7.0899129,
              50.7436299
            ],
            [
              7.0894388,
              50.7430295
            ],
            [
              7.0887547,
              50.7419854
            ],
            [
              7.088576,
              50.741652
            ],
            [
              7.0873342,
              50.7420959
            ],
            [
              7.0862999,
              50.7418867
            ],
            [
              7.0856466,
              50.7417814
            ],
            [
              7.0854367,
              50.7415172
            ],
            [
              7.0878566,
              50.7407846
            ],
            [
              7.0879237,
              50.7408868
            ],
            [
              7.0881333,
              50.7408353
            ],
            [
              7.0876885,
              50.739723
            ],
            [
              7.0875234,
              50.7393482
            ],
            [
              7.0872885,
              50.7388151
            ],
            [
              7.0879055,
              50.7387418
            ],
            [
              7.0871778,
              50.7374392
            ],
            [
              7.086841,
              50.7375049
            ],
            [
              7.0867885,
              50.7373985
            ],
            [
              7.086926,
              50.7371311
            ],
            [
              7.0867985,
              50.7369737
            ],
            [
              7.0868636,
              50.7369495
            ],
            [
              7.0867841,
              50.7367875
            ],
            [
              7.0872679,
              50.7365544
            ],
            [
              7.0869011,
              50.7362323
            ],
            [
              7.0867275,
              50.7361619
            ],
            [
              7.0865102,
              50.7360057
            ],
            [
              7.086417,
              50.735861
            ],
            [
              7.085996,
              50.7354622
            ],
            [
              7.0990143,
              50.7313037
            ]
          ]
        ]
      },
      "id": "relation/1434477"
    },
    {
      "type": "Feature",
      "properties": {
        "@id": "relation/1434539",
        "boundary": "postal_code",
        "note": "53129 Bonn",
        "postal_code": "53129",
        "postal_code_level": "8",
        "type": "boundary"
      },
      "geometry": {
        "type": "Polygon",
        "coordinates": [
          [
            [
              7.113699,
              50.6944707
            ],
            [
              7.1142416,
              50.694948
            ],
            [
              7.1136421,
              50.6953723
            ],
            [
              7.1163537,
              50.6969622
            ],
            [
              7.1182132,
              50.6980465
            ],
            [
              7.1175042,
              50.6984391
            ],
            [
              7.1198202,
              50.6995595
            ],
            [
              7.1199458,
              50.6994885
            ],
            [
              7.1202523,
              50.6996651
            ],
            [
              7.1200694,
              50.6997991
            ],
            [
              7.120357,
              50.6999532
            ],
            [
              7.1207407,
              50.7001561
            ],
            [
              7.1217305,
              50.7008045
            ],
            [
              7.1219679,
              50.7006856
            ],
            [
              7.1221979,
              50.7008237
            ],
            [
              7.1221764,
              50.7008395
            ],
            [
              7.1222647,
              50.7009074
            ],
            [
              7.1224746,
              50.7010271
            ],
            [
              7.1225682,
              50.7011359
            ],
            [
              7.1226984,
              50.7011658
            ],
            [
              7.1236289,
              50.7017288
            ],
            [
              7.1236895,
              50.7017071
            ],
            [
              7.1239311,
              50.7018715
            ],
            [
              7.1251266,
              50.7025913
            ],
            [
              7.1255102,
              50.702355
            ],
            [
              7.1260608,
              50.7027482
            ],
            [
              7.1267998,
              50.7036336
            ],
            [
              7.1270877,
              50.703898
            ],
            [
              7.1272854,
              50.7040584
            ],
            [
              7.1276587,
              50.7044048
            ],
            [
              7.1272465,
              50.7046041
            ],
            [
              7.1272459,
              50.7046526
            ],
            [
              7.1275639,
              50.7048046
            ],
            [
              7.127682,
              50.7048296
            ],
            [
              7.120215,
              50.7123221
            ],
            [
              7.1165504,
              50.7159957
            ],
            [
              7.1145416,
              50.7180273
            ],
            [
              7.1137593,
              50.7188061
            ],
            [
              7.1127422,
              50.7197985
            ],
            [
              7.1121674,
              50.7198109
            ],
            [
              7.1102954,
              50.7202611
            ],
            [
              7.1085721,
              50.7205777
            ],
            [
              7.1057043,
              50.7210888
            ],
            [
              7.1032627,
              50.7214073
            ],
            [
              7.1029973,
              50.7210718
            ],
            [
              7.10007,
              50.7216924
            ],
            [
              7.0989585,
              50.7220012
            ],
            [
              7.0986799,
              50.7216062
            ],
            [
              7.0985029,
              50.7214134
            ],
            [
              7.0982979,
              50.7212419
            ],
            [
              7.0981645,
              50.7211309
            ],
            [
              7.0975623,
              50.7214436
            ],
            [
              7.0977362,
              50.721867
            ],
            [
              7.0970158,
              50.72233
            ],
            [
              7.0964404,
              50.7224548
            ],
            [
              7.0960586,
              50.7221128
            ],
            [
              7.0971451,
              50.7215739
            ],
            [
              7.0969479,
              50.7214043
            ],
            [
              7.0976982,
              50.7210201
            ],
            [
              7.0979247,
              50.7210761
            ],
            [
              7.0980179,
              50.7210212
            ],
            [
              7.0978879,
              50.7209182
            ],
            [
              7.0979926,
              50.7208589
            ],
            [
              7.0991411,
              50.7200894
            ],
            [
              7.1004026,
              50.7194833
            ],
            [
              7.1002542,
              50.7191841
            ],
            [
              7.100458,
              50.7190714
            ],
            [
              7.100345,
              50.7186836
            ],
            [
              7.1023232,
              50.7179607
            ],
            [
              7.1033575,
              50.7173123
            ],
            [
              7.1044596,
              50.7168107
            ],
            [
              7.1042351,
              50.7163415
            ],
            [
              7.1050294,
              50.715172
            ],
            [
              7.1043425,
              50.714749
            ],
            [
              7.1043141,
              50.7144461
            ],
            [
              7.1045438,
              50.7139681
            ],
            [
              7.1045927,
              50.7135382
            ],
            [
              7.103765,
              50.7130016
            ],
            [
              7.1033121,
              50.712315
            ],
            [
              7.1034287,
              50.7117065
            ],
            [
              7.1021158,
              50.7105501
            ],
            [
              7.1028113,
              50.7071498
            ],
            [
              7.1040983,
              50.7058298
            ],
            [
              7.1064254,
              50.7037279
            ],
            [
              7.1078474,
              50.701378
            ],
            [
              7.1085602,
              50.6990091
            ],
            [
              7.1085265,
              50.6964755
            ],
            [
              7.1085512,
              50.6957736
            ],
            [
              7.1093045,
              50.6953297
            ],
            [
              7.111476,
              50.6947969
            ],
            [
              7.113699,
              50.6944707
            ]
          ]
        ]
      },
      "id": "relation/1434539"
    },
    {
      "type": "Feature",
      "properties": {
        "@id": "relation/1434540",
        "boundary": "postal_code",
        "note": "53115 Bonn",
        "postal_code": "53115",
        "postal_code_level": "8",
        "type": "boundary"
      },
      "geometry": {
        "type": "Polygon",
        "coordinates": [
          [
            [
              7.0776209,
              50.7199293
            ],
            [
              7.0754881,
              50.7181921
            ],
            [
              7.0788289,
              50.7169349
            ],
            [
              7.081091,
              50.7149953
            ],
            [
              7.0822071,
              50.7162533
            ],
            [
              7.0826747,
              50.7169888
            ],
            [
              7.0833781,
              50.7175154
            ],
            [
              7.0836628,
              50.7179653
            ],
            [
              7.0837542,
              50.7183132
            ],
            [
              7.0840168,
              50.7182943
            ],
            [
              7.0839397,
              50.7178728
            ],
            [
              7.0836312,
              50.717395
            ],
            [
              7.0831729,
              50.7171074
            ],
            [
              7.0827224,
              50.7168481
            ],
            [
              7.0824387,
              50.7162356
            ],
            [
              7.081938,
              50.7156392
            ],
            [
              7.0818051,
              50.7150593
            ],
            [
              7.0853578,
              50.7151395
            ],
            [
              7.0855378,
              50.7145242
            ],
            [
              7.0867572,
              50.7145706
            ],
            [
              7.0867304,
              50.7139129
            ],
            [
              7.0859853,
              50.7138909
            ],
            [
              7.0859794,
              50.7136948
            ],
            [
              7.0866722,
              50.7136514
            ],
            [
              7.0865544,
              50.7130811
            ],
            [
              7.0859311,
              50.7119346
            ],
            [
              7.0852469,
              50.7106198
            ],
            [
              7.0863941,
              50.7105035
            ],
            [
              7.0867612,
              50.7113075
            ],
            [
              7.0860576,
              50.7114334
            ],
            [
              7.0873807,
              50.7128378
            ],
            [
              7.0869371,
              50.7131429
            ],
            [
              7.0871972,
              50.7138548
            ],
            [
              7.0871256,
              50.7146081
            ],
            [
              7.0875057,
              50.7148346
            ],
            [
              7.0907897,
              50.711977
            ],
            [
              7.1021158,
              50.7105501
            ],
            [
              7.1034287,
              50.7117065
            ],
            [
              7.1033121,
              50.712315
            ],
            [
              7.103765,
              50.7130016
            ],
            [
              7.1045927,
              50.7135382
            ],
            [
              7.1045438,
              50.7139681
            ],
            [
              7.1043141,
              50.7144461
            ],
            [
              7.1043425,
              50.714749
            ],
            [
              7.1050294,
              50.715172
            ],
            [
              7.1042351,
              50.7163415
            ],
            [
              7.1044596,
              50.7168107
            ],
            [
              7.1033575,
              50.7173123
            ],
            [
              7.1023232,
              50.7179607
            ],
            [
              7.100345,
              50.7186836
            ],
            [
              7.100458,
              50.7190714
            ],
            [
              7.1002542,
              50.7191841
            ],
            [
              7.1004026,
              50.7194833
            ],
            [
              7.0991411,
              50.7200894
            ],
            [
              7.0979926,
              50.7208589
            ],
            [
              7.0978879,
              50.7209182
            ],
            [
              7.0980179,
              50.7210212
            ],
            [
              7.0979247,
              50.7210761
            ],
            [
              7.0976982,
              50.7210201
            ],
            [
              7.0969479,
              50.7214043
            ],
            [
              7.0971451,
              50.7215739
            ],
            [
              7.0960586,
              50.7221128
            ],
            [
              7.0964404,
              50.7224548
            ],
            [
              7.0970158,
              50.72233
            ],
            [
              7.0977362,
              50.721867
            ],
            [
              7.0975623,
              50.7214436
            ],
            [
              7.0981645,
              50.7211309
            ],
            [
              7.0982979,
              50.7212419
            ],
            [
              7.0985029,
              50.7214134
            ],
            [
              7.0986799,
              50.7216062
            ],
            [
              7.0989585,
              50.7220012
            ],
            [
              7.0990485,
              50.7221373
            ],
            [
              7.0970811,
              50.7224587
            ],
            [
              7.0970208,
              50.722337
            ],
            [
              7.0964338,
              50.7224688
            ],
            [
              7.0956411,
              50.7217838
            ],
            [
              7.0948612,
              50.7221119
            ],
            [
              7.0951523,
              50.7223848
            ],
            [
              7.0947349,
              50.7225644
            ],
            [
              7.0949638,
              50.7227873
            ],
            [
              7.0944084,
              50.7228837
            ],
            [
              7.0942979,
              50.7227596
            ],
            [
              7.0941746,
              50.7226356
            ],
            [
              7.093776,
              50.7227847
            ],
            [
              7.0934745,
              50.7226812
            ],
            [
              7.0928916,
              50.7227437
            ],
            [
              7.0930003,
              50.7230022
            ],
            [
              7.0937254,
              50.7230807
            ],
            [
              7.0946508,
              50.7229337
            ],
            [
              7.1002111,
              50.7220378
            ],
            [
              7.1017888,
              50.721697
            ],
            [
              7.1021276,
              50.7222636
            ],
            [
              7.1004139,
              50.7225714
            ],
            [
              7.0995673,
              50.7226426
            ],
            [
              7.0996508,
              50.7231777
            ],
            [
              7.0993936,
              50.7231927
            ],
            [
              7.0993232,
              50.7235893
            ],
            [
              7.0994178,
              50.7236646
            ],
            [
              7.099411,
              50.7238258
            ],
            [
              7.0996996,
              50.72394
            ],
            [
              7.0999069,
              50.7242868
            ],
            [
              7.1001886,
              50.724275
            ],
            [
              7.1001092,
              50.7246293
            ],
            [
              7.0994492,
              50.7247959
            ],
            [
              7.0992258,
              50.7248065
            ],
            [
              7.0992417,
              50.7249352
            ],
            [
              7.0992641,
              50.7249419
            ],
            [
              7.099481,
              50.7250072
            ],
            [
              7.0993209,
              50.7251949
            ],
            [
              7.0994947,
              50.7252522
            ],
            [
              7.0995018,
              50.7253856
            ],
            [
              7.0992069,
              50.7257316
            ],
            [
              7.0990994,
              50.7257103
            ],
            [
              7.0989274,
              50.7258638
            ],
            [
              7.0988864,
              50.7260092
            ],
            [
              7.0987528,
              50.726123
            ],
            [
              7.098885,
              50.7264015
            ],
            [
              7.0998795,
              50.7272991
            ],
            [
              7.0997547,
              50.7274127
            ],
            [
              7.0997478,
              50.7274189
            ],
            [
              7.1002053,
              50.7276217
            ],
            [
              7.1002214,
              50.7276046
            ],
            [
              7.1002515,
              50.7275728
            ],
            [
              7.1003479,
              50.7274707
            ],
            [
              7.1003511,
              50.7274673
            ],
            [
              7.1004403,
              50.7275039
            ],
            [
              7.1005307,
              50.727413
            ],
            [
              7.1013791,
              50.7277145
            ],
            [
              7.1011439,
              50.7279526
            ],
            [
              7.1009341,
              50.7280199
            ],
            [
              7.1007517,
              50.7282079
            ],
            [
              7.1004316,
              50.7280892
            ],
            [
              7.1006185,
              50.7278914
            ],
            [
              7.0996206,
              50.7274901
            ],
            [
              7.0994092,
              50.7276651
            ],
            [
              7.098464,
              50.7275111
            ],
            [
              7.0983851,
              50.7275865
            ],
            [
              7.0975489,
              50.7284755
            ],
            [
              7.0982273,
              50.7289994
            ],
            [
              7.098814,
              50.7286454
            ],
            [
              7.0993081,
              50.7289207
            ],
            [
              7.0994585,
              50.7288397
            ],
            [
              7.1004226,
              50.7295123
            ],
            [
              7.0991659,
              50.7301625
            ],
            [
              7.0997621,
              50.7306411
            ],
            [
              7.1000543,
              50.7304948
            ],
            [
              7.1005414,
              50.7308446
            ],
            [
              7.1001688,
              50.731007
            ],
            [
              7.0990143,
              50.7313037
            ],
            [
              7.085996,
              50.7354622
            ],
            [
              7.0824809,
              50.7356671
            ],
            [
              7.0810854,
              50.7348713
            ],
            [
              7.081252,
              50.7347404
            ],
            [
              7.0812691,
              50.734727
            ],
            [
              7.080813,
              50.7345012
            ],
            [
              7.0807724,
              50.7345351
            ],
            [
              7.0806448,
              50.7346425
            ],
            [
              7.0772073,
              50.732892
            ],
            [
              7.0778829,
              50.732347
            ],
            [
              7.0774618,
              50.73215
            ],
            [
              7.075938,
              50.7319546
            ],
            [
              7.0752869,
              50.7308623
            ],
            [
              7.076063,
              50.7301995
            ],
            [
              7.0773582,
              50.7294482
            ],
            [
              7.0781187,
              50.7290574
            ],
            [
              7.0795909,
              50.728376
            ],
            [
              7.0814923,
              50.7271934
            ],
            [
              7.0812902,
              50.7267344
            ],
            [
              7.0798675,
              50.7259223
            ],
            [
              7.0797293,
              50.7259992
            ],
            [
              7.0790272,
              50.7254173
            ],
            [
              7.0783289,
              50.725315
            ],
            [
              7.0780417,
              50.7251574
            ],
            [
              7.0777199,
              50.7253833
            ],
            [
              7.077528,
              50.72555
            ],
            [
              7.077925,
              50.7257456
            ],
            [
              7.0769917,
              50.72654
            ],
            [
              7.0765286,
              50.7263176
            ],
            [
              7.0762261,
              50.726581
            ],
            [
              7.0764348,
              50.7266894
            ],
            [
              7.076,
              50.727048
            ],
            [
              7.0757476,
              50.7269398
            ],
            [
              7.0755897,
              50.7270481
            ],
            [
              7.075426,
              50.7270583
            ],
            [
              7.0751679,
              50.7269355
            ],
            [
              7.0756956,
              50.7265358
            ],
            [
              7.075949,
              50.7263291
            ],
            [
              7.0761707,
              50.7260274
            ],
            [
              7.0774553,
              50.7250505
            ],
            [
              7.0765217,
              50.7245048
            ],
            [
              7.0766749,
              50.7243952
            ],
            [
              7.077044,
              50.723868
            ],
            [
              7.077567,
              50.7236169
            ],
            [
              7.0773135,
              50.7233554
            ],
            [
              7.0775449,
              50.7232328
            ],
            [
              7.0778175,
              50.7234581
            ],
            [
              7.0785829,
              50.7231471
            ],
            [
              7.0790398,
              50.7231506
            ],
            [
              7.0794335,
              50.7224554
            ],
            [
              7.078813,
              50.7219488
            ],
            [
              7.0800539,
              50.7214325
            ],
            [
              7.0791868,
              50.7208174
            ],
            [
              7.0784177,
              50.7203556
            ],
            [
              7.0776209,
              50.7199293
            ]
          ]
        ]
      },
      "id": "relation/1434540"
    },
    {
      "type": "Feature",
      "properties": {
        "@id": "relation/1434541",
        "boundary": "postal_code",
        "note": "53113 Bonn",
        "postal_code": "53113",
        "postal_code_level": "8",
        "type": "boundary"
      },
      "geometry": {
        "type": "Polygon",
        "coordinates": [
          [
            [
              7.1198975,
              50.7242581
            ],
            [
              7.1189724,
              50.7248247
            ],
            [
              7.1181348,
              50.7253787
            ],
            [
              7.1172552,
              50.7260413
            ],
            [
              7.1166828,
              50.7265047
            ],
            [
              7.1162986,
              50.7268416
            ],
            [
              7.1156411,
              50.7274907
            ],
            [
              7.1151546,
              50.7279946
            ],
            [
              7.1144667,
              50.7288256
            ],
            [
              7.1140835,
              50.7293481
            ],
            [
              7.1138208,
              50.7297439
            ],
            [
              7.1135564,
              50.7301748
            ],
            [
              7.1130749,
              50.7310892
            ],
            [
              7.1126623,
              50.7320865
            ],
            [
              7.1123027,
              50.7329738
            ],
            [
              7.1081791,
              50.7323252
            ],
            [
              7.1078366,
              50.7323158
            ],
            [
              7.1074264,
              50.7322122
            ],
            [
              7.1072088,
              50.7320526
            ],
            [
              7.1058586,
              50.7344564
            ],
            [
              7.1080851,
              50.7349069
            ],
            [
              7.1075954,
              50.735845
            ],
            [
              7.1072236,
              50.7357797
            ],
            [
              7.1071579,
              50.7358992
            ],
            [
              7.1075387,
              50.7359645
            ],
            [
              7.1074194,
              50.7363474
            ],
            [
              7.1059359,
              50.7361992
            ],
            [
              7.1057262,
              50.7361662
            ],
            [
              7.1056236,
              50.7363507
            ],
            [
              7.105135,
              50.7361894
            ],
            [
              7.1049879,
              50.7363321
            ],
            [
              7.1047519,
              50.7362284
            ],
            [
              7.1051501,
              50.7355004
            ],
            [
              7.1046285,
              50.7353662
            ],
            [
              7.1039499,
              50.7350241
            ],
            [
              7.1035871,
              50.7347975
            ],
            [
              7.1033037,
              50.7349242
            ],
            [
              7.1030555,
              50.7347156
            ],
            [
              7.1028614,
              50.7345814
            ],
            [
              7.1027511,
              50.73468
            ],
            [
              7.1024685,
              50.7345625
            ],
            [
              7.102014,
              50.7346055
            ],
            [
              7.1017433,
              50.7344055
            ],
            [
              7.1012812,
              50.7340335
            ],
            [
              7.1011261,
              50.7341098
            ],
            [
              7.100864,
              50.7339387
            ],
            [
              7.1006024,
              50.733692
            ],
            [
              7.1007974,
              50.733449
            ],
            [
              7.1006541,
              50.7333729
            ],
            [
              7.0999753,
              50.733124
            ],
            [
              7.0997683,
              50.7330481
            ],
            [
              7.0996001,
              50.732772
            ],
            [
              7.099453,
              50.7327332
            ],
            [
              7.0992565,
              50.7324162
            ],
            [
              7.0995402,
              50.7323543
            ],
            [
              7.0995624,
              50.7321799
            ],
            [
              7.0997168,
              50.7321391
            ],
            [
              7.0998502,
              50.7323588
            ],
            [
              7.100001,
              50.7323201
            ],
            [
              7.100545,
              50.7320451
            ],
            [
              7.1004342,
              50.7319467
            ],
            [
              7.0990143,
              50.7313037
            ],
            [
              7.1001688,
              50.731007
            ],
            [
              7.1005414,
              50.7308446
            ],
            [
              7.1000543,
              50.7304948
            ],
            [
              7.0997621,
              50.7306411
            ],
            [
              7.0991659,
              50.7301625
            ],
            [
              7.1004226,
              50.7295123
            ],
            [
              7.0994585,
              50.7288397
            ],
            [
              7.0993081,
              50.7289207
            ],
            [
              7.098814,
              50.7286454
            ],
            [
              7.0982273,
              50.7289994
            ],
            [
              7.0975489,
              50.7284755
            ],
            [
              7.0983851,
              50.7275865
            ],
            [
              7.098464,
              50.7275111
            ],
            [
              7.0994092,
              50.7276651
            ],
            [
              7.0996206,
              50.7274901
            ],
            [
              7.1006185,
              50.7278914
            ],
            [
              7.1004316,
              50.7280892
            ],
            [
              7.1007517,
              50.7282079
            ],
            [
              7.1009341,
              50.7280199
            ],
            [
              7.1011439,
              50.7279526
            ],
            [
              7.1013791,
              50.7277145
            ],
            [
              7.1005307,
              50.727413
            ],
            [
              7.1004403,
              50.7275039
            ],
            [
              7.1003511,
              50.7274673
            ],
            [
              7.1003479,
              50.7274707
            ],
            [
              7.1002515,
              50.7275728
            ],
            [
              7.1002214,
              50.7276046
            ],
            [
              7.1002053,
              50.7276217
            ],
            [
              7.0997478,
              50.7274189
            ],
            [
              7.0997547,
              50.7274127
            ],
            [
              7.0998795,
              50.7272991
            ],
            [
              7.098885,
              50.7264015
            ],
            [
              7.0987528,
              50.726123
            ],
            [
              7.0988864,
              50.7260092
            ],
            [
              7.0989274,
              50.7258638
            ],
            [
              7.0990994,
              50.7257103
            ],
            [
              7.0992069,
              50.7257316
            ],
            [
              7.0995018,
              50.7253856
            ],
            [
              7.0994947,
              50.7252522
            ],
            [
              7.0993209,
              50.7251949
            ],
            [
              7.099481,
              50.7250072
            ],
            [
              7.0992641,
              50.7249419
            ],
            [
              7.0992417,
              50.7249352
            ],
            [
              7.0992258,
              50.7248065
            ],
            [
              7.0994492,
              50.7247959
            ],
            [
              7.1001092,
              50.7246293
            ],
            [
              7.1001886,
              50.724275
            ],
            [
              7.0999069,
              50.7242868
            ],
            [
              7.0996996,
              50.72394
            ],
            [
              7.099411,
              50.7238258
            ],
            [
              7.0994178,
              50.7236646
            ],
            [
              7.0993232,
              50.7235893
            ],
            [
              7.0993936,
              50.7231927
            ],
            [
              7.0996508,
              50.7231777
            ],
            [
              7.0995673,
              50.7226426
            ],
            [
              7.1004139,
              50.7225714
            ],
            [
              7.1021276,
              50.7222636
            ],
            [
              7.1017888,
              50.721697
            ],
            [
              7.1002111,
              50.7220378
            ],
            [
              7.0946508,
              50.7229337
            ],
            [
              7.0937254,
              50.7230807
            ],
            [
              7.0930003,
              50.7230022
            ],
            [
              7.0928916,
              50.7227437
            ],
            [
              7.0934745,
              50.7226812
            ],
            [
              7.093776,
              50.7227847
            ],
            [
              7.0941746,
              50.7226356
            ],
            [
              7.0942979,
              50.7227596
            ],
            [
              7.0944084,
              50.7228837
            ],
            [
              7.0949638,
              50.7227873
            ],
            [
              7.0947349,
              50.7225644
            ],
            [
              7.0951523,
              50.7223848
            ],
            [
              7.0948612,
              50.7221119
            ],
            [
              7.0956411,
              50.7217838
            ],
            [
              7.0964338,
              50.7224688
            ],
            [
              7.0970208,
              50.722337
            ],
            [
              7.0970811,
              50.7224587
            ],
            [
              7.0990485,
              50.7221373
            ],
            [
              7.0989585,
              50.7220012
            ],
            [
              7.10007,
              50.7216924
            ],
            [
              7.1029973,
              50.7210718
            ],
            [
              7.1032627,
              50.7214073
            ],
            [
              7.1057043,
              50.7210888
            ],
            [
              7.1085721,
              50.7205777
            ],
            [
              7.1102954,
              50.7202611
            ],
            [
              7.1121674,
              50.7198109
            ],
            [
              7.1127422,
              50.7197985
            ],
            [
              7.1137593,
              50.7188061
            ],
            [
              7.1145416,
              50.7180273
            ],
            [
              7.1165504,
              50.7159957
            ],
            [
              7.120215,
              50.7123221
            ],
            [
              7.127682,
              50.7048296
            ],
            [
              7.1285951,
              50.7039695
            ],
            [
              7.1308438,
              50.7052845
            ],
            [
              7.1306855,
              50.7053786
            ],
            [
              7.1316165,
              50.7058894
            ],
            [
              7.1320201,
              50.7055455
            ],
            [
              7.1322694,
              50.7057073
            ],
            [
              7.1339912,
              50.7069156
            ],
            [
              7.1353187,
              50.7079621
            ],
            [
              7.1373385,
              50.709741
            ],
            [
              7.1379847,
              50.7104404
            ],
            [
              7.1372234,
              50.710734
            ],
            [
              7.137021,
              50.710834
            ],
            [
              7.1378877,
              50.7117901
            ],
            [
              7.1380607,
              50.7119138
            ],
            [
              7.138608,
              50.7121806
            ],
            [
              7.1387314,
              50.7122282
            ],
            [
              7.1390189,
              50.7123619
            ],
            [
              7.13938,
              50.7126389
            ],
            [
              7.1396874,
              50.7129314
            ],
            [
              7.1401175,
              50.7134924
            ],
            [
              7.1401564,
              50.7135447
            ],
            [
              7.1403477,
              50.7138013
            ],
            [
              7.140888,
              50.7145266
            ],
            [
              7.1411274,
              50.7148092
            ],
            [
              7.141217,
              50.7149149
            ],
            [
              7.1431597,
              50.7177159
            ],
            [
              7.1402655,
              50.7183875
            ],
            [
              7.1364721,
              50.7192805
            ],
            [
              7.1304522,
              50.7206686
            ],
            [
              7.1286125,
              50.7211022
            ],
            [
              7.1267973,
              50.7215268
            ],
            [
              7.1254092,
              50.7219186
            ],
            [
              7.1243084,
              50.7222801
            ],
            [
              7.1228611,
              50.722821
            ],
            [
              7.1206162,
              50.723867
            ],
            [
              7.1198975,
              50.7242581
            ]
          ]
        ]
      },
      "id": "relation/1434541"
    },
    {
      "type": "Feature",
      "properties": {
        "@id": "relation/1434542",
        "boundary": "postal_code",
        "note": "53121 Bonn",
        "postal_code": "53121",
        "postal_code_level": "8",
        "ref": "53121",
        "type": "boundary"
      },
      "geometry": {
        "type": "Polygon",
        "coordinates": [
          [
            [
              7.0451888,
              50.7444846
            ],
            [
              7.0406144,
              50.7455112
            ],
            [
              7.0363329,
              50.7464681
            ],
            [
              7.0362987,
              50.7464072
            ],
            [
              7.0362436,
              50.7464212
            ],
            [
              7.0361534,
              50.7460323
            ],
            [
              7.0359996,
              50.7455229
            ],
            [
              7.0360387,
              50.7455191
            ],
            [
              7.0360168,
              50.7454467
            ],
            [
              7.035978,
              50.7454521
            ],
            [
              7.0355561,
              50.7441308
            ],
            [
              7.0352523,
              50.7425347
            ],
            [
              7.0352922,
              50.7425309
            ],
            [
              7.0351476,
              50.7424009
            ],
            [
              7.0350741,
              50.7424032
            ],
            [
              7.034957,
              50.7424197
            ],
            [
              7.0349123,
              50.7424015
            ],
            [
              7.0348867,
              50.7423594
            ],
            [
              7.0348766,
              50.7423116
            ],
            [
              7.0349181,
              50.7423118
            ],
            [
              7.0349719,
              50.7419316
            ],
            [
              7.0349985,
              50.7415759
            ],
            [
              7.0349932,
              50.7413145
            ],
            [
              7.0349719,
              50.7411817
            ],
            [
              7.0347204,
              50.7400734
            ],
            [
              7.0347452,
              50.7400084
            ],
            [
              7.0346078,
              50.7396469
            ],
            [
              7.0342185,
              50.738824
            ],
            [
              7.0340842,
              50.7384979
            ],
            [
              7.0335818,
              50.7371847
            ],
            [
              7.0335305,
              50.7371941
            ],
            [
              7.0334828,
              50.7371062
            ],
            [
              7.0335045,
              50.737078
            ],
            [
              7.0334315,
              50.7368166
            ],
            [
              7.0333689,
              50.7368298
            ],
            [
              7.033271,
              50.7365772
            ],
            [
              7.0336009,
              50.7365561
            ],
            [
              7.033545,
              50.7364611
            ],
            [
              7.033544,
              50.7363147
            ],
            [
              7.0334381,
              50.7359694
            ],
            [
              7.0333392,
              50.7357425
            ],
            [
              7.033245,
              50.7354547
            ],
            [
              7.033113,
              50.7352236
            ],
            [
              7.0329904,
              50.7350623
            ],
            [
              7.0328673,
              50.7349482
            ],
            [
              7.0328625,
              50.7348632
            ],
            [
              7.0329177,
              50.7347292
            ],
            [
              7.0330623,
              50.7341659
            ],
            [
              7.0331182,
              50.7340352
            ],
            [
              7.0331566,
              50.7339971
            ],
            [
              7.0332057,
              50.7339771
            ],
            [
              7.0332434,
              50.733975
            ],
            [
              7.0333042,
              50.7339748
            ],
            [
              7.0333483,
              50.7338447
            ],
            [
              7.0388851,
              50.7338187
            ],
            [
              7.0432296,
              50.7344761
            ],
            [
              7.0455643,
              50.7342703
            ],
            [
              7.0451074,
              50.7332093
            ],
            [
              7.0452009,
              50.7331495
            ],
            [
              7.0469808,
              50.7321934
            ],
            [
              7.0470734,
              50.7321198
            ],
            [
              7.0461019,
              50.7313197
            ],
            [
              7.0459129,
              50.7308877
            ],
            [
              7.0467534,
              50.730779
            ],
            [
              7.0470473,
              50.7304159
            ],
            [
              7.0489139,
              50.7300574
            ],
            [
              7.0498564,
              50.7297674
            ],
            [
              7.0506711,
              50.7294279
            ],
            [
              7.0508363,
              50.7290731
            ],
            [
              7.0543071,
              50.7291609
            ],
            [
              7.0558655,
              50.729199
            ],
            [
              7.0557583,
              50.7286573
            ],
            [
              7.0563332,
              50.7274099
            ],
            [
              7.0567432,
              50.726521
            ],
            [
              7.0577163,
              50.7257352
            ],
            [
              7.0586325,
              50.7246785
            ],
            [
              7.0604291,
              50.7232361
            ],
            [
              7.0625047,
              50.7215932
            ],
            [
              7.0647332,
              50.7196765
            ],
            [
              7.0656276,
              50.7188574
            ],
            [
              7.0666225,
              50.7177146
            ],
            [
              7.0675192,
              50.71647
            ],
            [
              7.0689821,
              50.7171261
            ],
            [
              7.0700399,
              50.7175045
            ],
            [
              7.0711841,
              50.7178592
            ],
            [
              7.07181,
              50.7180506
            ],
            [
              7.0726679,
              50.7183024
            ],
            [
              7.0735022,
              50.7185562
            ],
            [
              7.0745426,
              50.7188484
            ],
            [
              7.0755018,
              50.7191553
            ],
            [
              7.0776209,
              50.7199293
            ],
            [
              7.0784177,
              50.7203556
            ],
            [
              7.0791868,
              50.7208174
            ],
            [
              7.0800539,
              50.7214325
            ],
            [
              7.078813,
              50.7219488
            ],
            [
              7.0794335,
              50.7224554
            ],
            [
              7.0790398,
              50.7231506
            ],
            [
              7.0785829,
              50.7231471
            ],
            [
              7.0778175,
              50.7234581
            ],
            [
              7.0775449,
              50.7232328
            ],
            [
              7.0773135,
              50.7233554
            ],
            [
              7.077567,
              50.7236169
            ],
            [
              7.077044,
              50.723868
            ],
            [
              7.0766749,
              50.7243952
            ],
            [
              7.0765217,
              50.7245048
            ],
            [
              7.0774553,
              50.7250505
            ],
            [
              7.0761707,
              50.7260274
            ],
            [
              7.075949,
              50.7263291
            ],
            [
              7.0756956,
              50.7265358
            ],
            [
              7.0751679,
              50.7269355
            ],
            [
              7.075426,
              50.7270583
            ],
            [
              7.0755897,
              50.7270481
            ],
            [
              7.0757476,
              50.7269398
            ],
            [
              7.076,
              50.727048
            ],
            [
              7.0764348,
              50.7266894
            ],
            [
              7.0762261,
              50.726581
            ],
            [
              7.0765286,
              50.7263176
            ],
            [
              7.0769917,
              50.72654
            ],
            [
              7.077925,
              50.7257456
            ],
            [
              7.077528,
              50.72555
            ],
            [
              7.0777199,
              50.7253833
            ],
            [
              7.0780417,
              50.7251574
            ],
            [
              7.0783289,
              50.725315
            ],
            [
              7.0790272,
              50.7254173
            ],
            [
              7.0797293,
              50.7259992
            ],
            [
              7.0798675,
              50.7259223
            ],
            [
              7.0812902,
              50.7267344
            ],
            [
              7.0814923,
              50.7271934
            ],
            [
              7.0795909,
              50.728376
            ],
            [
              7.0781187,
              50.7290574
            ],
            [
              7.0773582,
              50.7294482
            ],
            [
              7.076063,
              50.7301995
            ],
            [
              7.0752869,
              50.7308623
            ],
            [
              7.075938,
              50.7319546
            ],
            [
              7.0774618,
              50.73215
            ],
            [
              7.0778829,
              50.732347
            ],
            [
              7.0772073,
              50.732892
            ],
            [
              7.0806448,
              50.7346425
            ],
            [
              7.0807724,
              50.7345351
            ],
            [
              7.080813,
              50.7345012
            ],
            [
              7.0812691,
              50.734727
            ],
            [
              7.081252,
              50.7347404
            ],
            [
              7.0810854,
              50.7348713
            ],
            [
              7.0824809,
              50.7356671
            ],
            [
              7.085996,
              50.7354622
            ],
            [
              7.0775021,
              50.7376516
            ],
            [
              7.0753422,
              50.7389208
            ],
            [
              7.0754948,
              50.7390814
            ],
            [
              7.0761421,
              50.7394378
            ],
            [
              7.0754764,
              50.7399339
            ],
            [
              7.0759457,
              50.7403059
            ],
            [
              7.0753405,
              50.7401213
            ],
            [
              7.0750237,
              50.7400247
            ],
            [
              7.0749708,
              50.7401307
            ],
            [
              7.0750667,
              50.7401527
            ],
            [
              7.0749726,
              50.7403385
            ],
            [
              7.072561,
              50.7400412
            ],
            [
              7.0742195,
              50.7394667
            ],
            [
              7.0732841,
              50.7387563
            ],
            [
              7.0730148,
              50.7382785
            ],
            [
              7.0726378,
              50.7383608
            ],
            [
              7.0665937,
              50.7396717
            ],
            [
              7.0549263,
              50.7422946
            ],
            [
              7.0501678,
              50.7433684
            ],
            [
              7.0451888,
              50.7444846
            ]
          ]
        ]
      },
      "id": "relation/1434542"
    },
    {
      "type": "Feature",
      "properties": {
        "@id": "relation/1434543",
        "boundary": "postal_code",
        "note": "53127 Bonn",
        "postal_code": "53127",
        "postal_code_level": "8",
        "type": "boundary"
      },
      "geometry": {
        "type": "Polygon",
        "coordinates": [
          [
            [
              7.0891745,
              50.6847419
            ],
            [
              7.0965643,
              50.6878548
            ],
            [
              7.1013533,
              50.6906318
            ],
            [
              7.1052014,
              50.6937447
            ],
            [
              7.1070341,
              50.6950532
            ],
            [
              7.1085265,
              50.6964755
            ],
            [
              7.1085602,
              50.6990091
            ],
            [
              7.1078474,
              50.701378
            ],
            [
              7.1064254,
              50.7037279
            ],
            [
              7.1040983,
              50.7058298
            ],
            [
              7.1028113,
              50.7071498
            ],
            [
              7.1021158,
              50.7105501
            ],
            [
              7.0907897,
              50.711977
            ],
            [
              7.0875057,
              50.7148346
            ],
            [
              7.0871256,
              50.7146081
            ],
            [
              7.0871972,
              50.7138548
            ],
            [
              7.0869371,
              50.7131429
            ],
            [
              7.0873807,
              50.7128378
            ],
            [
              7.0860576,
              50.7114334
            ],
            [
              7.0867612,
              50.7113075
            ],
            [
              7.0863941,
              50.7105035
            ],
            [
              7.0852469,
              50.7106198
            ],
            [
              7.0859311,
              50.7119346
            ],
            [
              7.0865544,
              50.7130811
            ],
            [
              7.0866722,
              50.7136514
            ],
            [
              7.0859794,
              50.7136948
            ],
            [
              7.0859853,
              50.7138909
            ],
            [
              7.0867304,
              50.7139129
            ],
            [
              7.0867572,
              50.7145706
            ],
            [
              7.0855378,
              50.7145242
            ],
            [
              7.0853578,
              50.7151395
            ],
            [
              7.0818051,
              50.7150593
            ],
            [
              7.081938,
              50.7156392
            ],
            [
              7.0824387,
              50.7162356
            ],
            [
              7.0827224,
              50.7168481
            ],
            [
              7.0831729,
              50.7171074
            ],
            [
              7.0836312,
              50.717395
            ],
            [
              7.0839397,
              50.7178728
            ],
            [
              7.0840168,
              50.7182943
            ],
            [
              7.0837542,
              50.7183132
            ],
            [
              7.0836628,
              50.7179653
            ],
            [
              7.0833781,
              50.7175154
            ],
            [
              7.0826747,
              50.7169888
            ],
            [
              7.0822071,
              50.7162533
            ],
            [
              7.081091,
              50.7149953
            ],
            [
              7.0788289,
              50.7169349
            ],
            [
              7.0754881,
              50.7181921
            ],
            [
              7.0776209,
              50.7199293
            ],
            [
              7.0755018,
              50.7191553
            ],
            [
              7.0745426,
              50.7188484
            ],
            [
              7.0735022,
              50.7185562
            ],
            [
              7.0726679,
              50.7183024
            ],
            [
              7.07181,
              50.7180506
            ],
            [
              7.0711841,
              50.7178592
            ],
            [
              7.0700399,
              50.7175045
            ],
            [
              7.0689821,
              50.7171261
            ],
            [
              7.0675192,
              50.71647
            ],
            [
              7.0659479,
              50.7156068
            ],
            [
              7.064894,
              50.7148438
            ],
            [
              7.064157,
              50.7142478
            ],
            [
              7.0633834,
              50.7134563
            ],
            [
              7.0627264,
              50.7127544
            ],
            [
              7.0620902,
              50.7119103
            ],
            [
              7.0615724,
              50.7109648
            ],
            [
              7.0612085,
              50.7099162
            ],
            [
              7.0611548,
              50.7088562
            ],
            [
              7.0613424,
              50.7078381
            ],
            [
              7.0617742,
              50.7068353
            ],
            [
              7.0624365,
              50.7058072
            ],
            [
              7.063377,
              50.7046279
            ],
            [
              7.0653257,
              50.7048089
            ],
            [
              7.066903,
              50.7049467
            ],
            [
              7.0696563,
              50.7052034
            ],
            [
              7.070085,
              50.7045513
            ],
            [
              7.070375,
              50.7038809
            ],
            [
              7.0702025,
              50.702881
            ],
            [
              7.0709621,
              50.7013971
            ],
            [
              7.0716091,
              50.7001497
            ],
            [
              7.0717293,
              50.6993448
            ],
            [
              7.0725703,
              50.6983721
            ],
            [
              7.0734753,
              50.6963693
            ],
            [
              7.0737701,
              50.6950722
            ],
            [
              7.07474,
              50.6942864
            ],
            [
              7.0749661,
              50.6929398
            ],
            [
              7.0752951,
              50.6922303
            ],
            [
              7.0758162,
              50.691887
            ],
            [
              7.0764429,
              50.6917745
            ],
            [
              7.0806239,
              50.6917405
            ],
            [
              7.080989,
              50.6908348
            ],
            [
              7.0792443,
              50.6868819
            ],
            [
              7.0796893,
              50.6854515
            ],
            [
              7.0804165,
              50.6840285
            ],
            [
              7.0812585,
              50.6830138
            ],
            [
              7.0866745,
              50.6837442
            ],
            [
              7.0891745,
              50.6847419
            ]
          ]
        ]
      },
      "id": "relation/1434543"
    },
    {
      "type": "Feature",
      "properties": {
        "@id": "relation/1434546",
        "boundary": "postal_code",
        "name": "53123 Bonn",
        "note": "53123 Bonn",
        "postal_code": "53123",
        "postal_code_level": "8",
        "type": "boundary"
      },
      "geometry": {
        "type": "Polygon",
        "coordinates": [
          [
            [
              7.0299923,
              50.7127929
            ],
            [
              7.0297559,
              50.7126288
            ],
            [
              7.0292101,
              50.7121776
            ],
            [
              7.0291302,
              50.7121092
            ],
            [
              7.0287743,
              50.7118486
            ],
            [
              7.0276587,
              50.7110914
            ],
            [
              7.0274965,
              50.7109063
            ],
            [
              7.0271854,
              50.7104556
            ],
            [
              7.0268687,
              50.7099735
            ],
            [
              7.0265944,
              50.7094802
            ],
            [
              7.0261472,
              50.7087844
            ],
            [
              7.0258349,
              50.7085178
            ],
            [
              7.0256632,
              50.7083869
            ],
            [
              7.0253348,
              50.7081345
            ],
            [
              7.0249402,
              50.7078563
            ],
            [
              7.0247384,
              50.7077319
            ],
            [
              7.0233618,
              50.707018
            ],
            [
              7.0228136,
              50.7067925
            ],
            [
              7.0226048,
              50.7066459
            ],
            [
              7.0225354,
              50.7064715
            ],
            [
              7.0225885,
              50.7062435
            ],
            [
              7.0226716,
              50.7061298
            ],
            [
              7.0230983,
              50.7055551
            ],
            [
              7.0232036,
              50.7054009
            ],
            [
              7.0232807,
              50.7052352
            ],
            [
              7.023275,
              50.7049117
            ],
            [
              7.0231432,
              50.7047826
            ],
            [
              7.0231412,
              50.7047242
            ],
            [
              7.0230595,
              50.7045897
            ],
            [
              7.023223,
              50.7045239
            ],
            [
              7.0241894,
              50.7043252
            ],
            [
              7.0243103,
              50.7043167
            ],
            [
              7.024324,
              50.7043661
            ],
            [
              7.0243476,
              50.7043643
            ],
            [
              7.0244286,
              50.7043924
            ],
            [
              7.0245092,
              50.7043389
            ],
            [
              7.0246412,
              50.7042875
            ],
            [
              7.0247242,
              50.7042637
            ],
            [
              7.0248141,
              50.7042477
            ],
            [
              7.0249414,
              50.7042335
            ],
            [
              7.0250977,
              50.7041955
            ],
            [
              7.0251027,
              50.7041687
            ],
            [
              7.0250196,
              50.7040865
            ],
            [
              7.0249884,
              50.7040203
            ],
            [
              7.0248662,
              50.7040108
            ],
            [
              7.0248549,
              50.7040047
            ],
            [
              7.0248456,
              50.7039797
            ],
            [
              7.0248851,
              50.7039528
            ],
            [
              7.0249886,
              50.7039178
            ],
            [
              7.0250192,
              50.7039159
            ],
            [
              7.0250777,
              50.7039199
            ],
            [
              7.0252165,
              50.7037817
            ],
            [
              7.0254252,
              50.7036325
            ],
            [
              7.0255072,
              50.7034495
            ],
            [
              7.0256602,
              50.7033045
            ],
            [
              7.0257182,
              50.7032085
            ],
            [
              7.0257882,
              50.7031935
            ],
            [
              7.0259661,
              50.7032475
            ],
            [
              7.0261213,
              50.7032225
            ],
            [
              7.0263261,
              50.7031895
            ],
            [
              7.026872,
              50.7029575
            ],
            [
              7.0272159,
              50.7027056
            ],
            [
              7.0273819,
              50.7026446
            ],
            [
              7.0275089,
              50.7025416
            ],
            [
              7.0275959,
              50.7025066
            ],
            [
              7.0276539,
              50.7024006
            ],
            [
              7.0276049,
              50.7022666
            ],
            [
              7.0277519,
              50.7021866
            ],
            [
              7.0278279,
              50.7020986
            ],
            [
              7.0278668,
              50.7019617
            ],
            [
              7.0279798,
              50.7019117
            ],
            [
              7.0280468,
              50.7018167
            ],
            [
              7.0279198,
              50.7017017
            ],
            [
              7.0280328,
              50.7016567
            ],
            [
              7.0279528,
              50.7014277
            ],
            [
              7.0280188,
              50.7012867
            ],
            [
              7.0280718,
              50.7010348
            ],
            [
              7.0285348,
              50.7006948
            ],
            [
              7.0286307,
              50.7006528
            ],
            [
              7.0287877,
              50.7006568
            ],
            [
              7.0287747,
              50.7005458
            ],
            [
              7.0286617,
              50.7003938
            ],
            [
              7.0291277,
              50.7001839
            ],
            [
              7.029056,
              50.7001195
            ],
            [
              7.0289866,
              50.7000966
            ],
            [
              7.0289534,
              50.7000674
            ],
            [
              7.0289418,
              50.7000218
            ],
            [
              7.0289507,
              50.6999439
            ],
            [
              7.0290117,
              50.6998798
            ],
            [
              7.0291907,
              50.6997409
            ],
            [
              7.0292916,
              50.6997379
            ],
            [
              7.0294306,
              50.6996459
            ],
            [
              7.0293356,
              50.6995049
            ],
            [
              7.0294146,
              50.699234
            ],
            [
              7.0294596,
              50.699177
            ],
            [
              7.0295296,
              50.699154
            ],
            [
              7.0296446,
              50.699154
            ],
            [
              7.0297656,
              50.698856
            ],
            [
              7.0298416,
              50.698803
            ],
            [
              7.0308874,
              50.698971
            ],
            [
              7.0319653,
              50.699089
            ],
            [
              7.032115,
              50.69909
            ],
            [
              7.0326622,
              50.6979561
            ],
            [
              7.0330251,
              50.6975522
            ],
            [
              7.0327821,
              50.6972462
            ],
            [
              7.0322572,
              50.6965563
            ],
            [
              7.0338205,
              50.6964031
            ],
            [
              7.0357473,
              50.6963488
            ],
            [
              7.0397309,
              50.6957532
            ],
            [
              7.0414081,
              50.6960889
            ],
            [
              7.0439224,
              50.695934
            ],
            [
              7.04618,
              50.6958603
            ],
            [
              7.0473429,
              50.695906
            ],
            [
              7.0475567,
              50.6959701
            ],
            [
              7.0480638,
              50.6963693
            ],
            [
              7.0506774,
              50.6984969
            ],
            [
              7.0509135,
              50.6989716
            ],
            [
              7.0510367,
              50.6997076
            ],
            [
              7.051143,
              50.700462
            ],
            [
              7.0512626,
              50.7014255
            ],
            [
              7.0506466,
              50.7018403
            ],
            [
              7.0499506,
              50.7014554
            ],
            [
              7.0492526,
              50.7019365
            ],
            [
              7.0498767,
              50.7022967
            ],
            [
              7.0494411,
              50.7024396
            ],
            [
              7.0489536,
              50.702831
            ],
            [
              7.0484626,
              50.7024625
            ],
            [
              7.0476284,
              50.7031449
            ],
            [
              7.0476691,
              50.7032855
            ],
            [
              7.0481417,
              50.7034934
            ],
            [
              7.0473103,
              50.7042173
            ],
            [
              7.0472616,
              50.7042369
            ],
            [
              7.0466863,
              50.7047969
            ],
            [
              7.0469304,
              50.7050272
            ],
            [
              7.046749,
              50.7051006
            ],
            [
              7.0467311,
              50.7051072
            ],
            [
              7.0467108,
              50.7051161
            ],
            [
              7.0466127,
              50.7051559
            ],
            [
              7.0465783,
              50.7051712
            ],
            [
              7.0465671,
              50.7051743
            ],
            [
              7.0460166,
              50.7054456
            ],
            [
              7.0432866,
              50.7046451
            ],
            [
              7.042783,
              50.7045415
            ],
            [
              7.0422761,
              50.7045029
            ],
            [
              7.0421398,
              50.704479
            ],
            [
              7.0412829,
              50.7045553
            ],
            [
              7.0405888,
              50.7046135
            ],
            [
              7.0404827,
              50.7046245
            ],
            [
              7.0394915,
              50.7044726
            ],
            [
              7.0356183,
              50.7042416
            ],
            [
              7.0351398,
              50.7048087
            ],
            [
              7.0369844,
              50.7053968
            ],
            [
              7.0386196,
              50.7065053
            ],
            [
              7.0402996,
              50.7070353
            ],
            [
              7.040606,
              50.7074615
            ],
            [
              7.0432501,
              50.7074893
            ],
            [
              7.0441432,
              50.7068369
            ],
            [
              7.0455332,
              50.7061541
            ],
            [
              7.0472524,
              50.7048907
            ],
            [
              7.0484194,
              50.7042308
            ],
            [
              7.0494712,
              50.7043479
            ],
            [
              7.0509539,
              50.7041706
            ],
            [
              7.052256,
              50.7038732
            ],
            [
              7.0529606,
              50.703783
            ],
            [
              7.055125,
              50.7035294
            ],
            [
              7.0565868,
              50.7034916
            ],
            [
              7.0588494,
              50.7036787
            ],
            [
              7.0604548,
              50.7040675
            ],
            [
              7.063377,
              50.7046279
            ],
            [
              7.0624365,
              50.7058072
            ],
            [
              7.0617742,
              50.7068353
            ],
            [
              7.0613424,
              50.7078381
            ],
            [
              7.0611548,
              50.7088562
            ],
            [
              7.0612085,
              50.7099162
            ],
            [
              7.0615724,
              50.7109648
            ],
            [
              7.0620902,
              50.7119103
            ],
            [
              7.0627264,
              50.7127544
            ],
            [
              7.0633834,
              50.7134563
            ],
            [
              7.064157,
              50.7142478
            ],
            [
              7.064894,
              50.7148438
            ],
            [
              7.0659479,
              50.7156068
            ],
            [
              7.0675192,
              50.71647
            ],
            [
              7.0666225,
              50.7177146
            ],
            [
              7.0656276,
              50.7188574
            ],
            [
              7.0647332,
              50.7196765
            ],
            [
              7.0625047,
              50.7215932
            ],
            [
              7.0604291,
              50.7232361
            ],
            [
              7.0586325,
              50.7246785
            ],
            [
              7.0577163,
              50.7257352
            ],
            [
              7.0567432,
              50.726521
            ],
            [
              7.0563332,
              50.7274099
            ],
            [
              7.0557583,
              50.7286573
            ],
            [
              7.0558655,
              50.729199
            ],
            [
              7.0543071,
              50.7291609
            ],
            [
              7.0508363,
              50.7290731
            ],
            [
              7.0506711,
              50.7294279
            ],
            [
              7.0498564,
              50.7297674
            ],
            [
              7.0489139,
              50.7300574
            ],
            [
              7.0470473,
              50.7304159
            ],
            [
              7.0467534,
              50.730779
            ],
            [
              7.0459129,
              50.7308877
            ],
            [
              7.0461019,
              50.7313197
            ],
            [
              7.0470734,
              50.7321198
            ],
            [
              7.0469808,
              50.7321934
            ],
            [
              7.0452009,
              50.7331495
            ],
            [
              7.0451074,
              50.7332093
            ],
            [
              7.0455643,
              50.7342703
            ],
            [
              7.0432296,
              50.7344761
            ],
            [
              7.0388851,
              50.7338187
            ],
            [
              7.0333483,
              50.7338447
            ],
            [
              7.0328511,
              50.7337761
            ],
            [
              7.032901,
              50.7337703
            ],
            [
              7.0331091,
              50.7333394
            ],
            [
              7.0333382,
              50.7328432
            ],
            [
              7.0334332,
              50.7325
            ],
            [
              7.033458,
              50.7321107
            ],
            [
              7.0334359,
              50.7318969
            ],
            [
              7.0320161,
              50.7321369
            ],
            [
              7.0315651,
              50.7310271
            ],
            [
              7.0314782,
              50.7307163
            ],
            [
              7.0314979,
              50.730528
            ],
            [
              7.0316263,
              50.7299515
            ],
            [
              7.0316552,
              50.729604
            ],
            [
              7.0316283,
              50.729344
            ],
            [
              7.0315141,
              50.72894
            ],
            [
              7.031414,
              50.7287146
            ],
            [
              7.0312267,
              50.7284364
            ],
            [
              7.03064,
              50.7276488
            ],
            [
              7.0303283,
              50.7272674
            ],
            [
              7.0300037,
              50.7267598
            ],
            [
              7.0296343,
              50.726082
            ],
            [
              7.0303833,
              50.7260008
            ],
            [
              7.0316115,
              50.7258151
            ],
            [
              7.0338229,
              50.7254586
            ],
            [
              7.0337198,
              50.7251951
            ],
            [
              7.0335842,
              50.7249254
            ],
            [
              7.0334745,
              50.7247353
            ],
            [
              7.0333032,
              50.724471
            ],
            [
              7.0331702,
              50.7242879
            ],
            [
              7.032934,
              50.7239995
            ],
            [
              7.0352705,
              50.7225142
            ],
            [
              7.036629,
              50.7215693
            ],
            [
              7.0371031,
              50.7212177
            ],
            [
              7.0372208,
              50.721273
            ],
            [
              7.0385403,
              50.7202463
            ],
            [
              7.0384263,
              50.7200336
            ],
            [
              7.0389233,
              50.7196549
            ],
            [
              7.039014,
              50.7196965
            ],
            [
              7.0392544,
              50.7198236
            ],
            [
              7.0403043,
              50.7188841
            ],
            [
              7.0403307,
              50.7188577
            ],
            [
              7.039626,
              50.7184837
            ],
            [
              7.0393041,
              50.7182621
            ],
            [
              7.0391111,
              50.718123
            ],
            [
              7.0386845,
              50.7178762
            ],
            [
              7.0384377,
              50.7177157
            ],
            [
              7.0375875,
              50.717235
            ],
            [
              7.0364505,
              50.7181305
            ],
            [
              7.0361038,
              50.7179586
            ],
            [
              7.0353798,
              50.7177488
            ],
            [
              7.0340314,
              50.7172516
            ],
            [
              7.0342232,
              50.7171069
            ],
            [
              7.0336235,
              50.7168238
            ],
            [
              7.0344918,
              50.7160717
            ],
            [
              7.0336581,
              50.715597
            ],
            [
              7.0334344,
              50.7155408
            ],
            [
              7.0325603,
              50.7152368
            ],
            [
              7.0320958,
              50.714917
            ],
            [
              7.0319669,
              50.7148291
            ],
            [
              7.031814,
              50.7147151
            ],
            [
              7.03171,
              50.7146016
            ],
            [
              7.0313788,
              50.7140051
            ],
            [
              7.031341,
              50.7139103
            ],
            [
              7.0306385,
              50.7132562
            ],
            [
              7.0299923,
              50.7127929
            ]
          ]
        ]
      },
      "id": "relation/1434546"
    },
    {
      "type": "Feature",
      "properties": {
        "@id": "way/37638732",
        "@relations": [
          {
            "role": "outer",
            "rel": 1434453,
            "reltags": {
              "boundary": "postal_code",
              "note": "53125 Bonn",
              "postal_code": "53125",
              "postal_code_level": "8",
              "type": "boundary"
            }
          }
        ]
      },
      "geometry": {
        "type": "LineString",
        "coordinates": [
          [
            7.024418,
            50.6648848
          ],
          [
            7.0248201,
            50.6654196
          ],
          [
            7.0250866,
            50.6654191
          ],
          [
            7.0256797,
            50.6653647
          ],
          [
            7.0266637,
            50.6650641
          ],
          [
            7.02741,
            50.6647108
          ],
          [
            7.0277929,
            50.6645319
          ],
          [
            7.0287698,
            50.6637989
          ],
          [
            7.0289208,
            50.663708
          ],
          [
            7.0309715,
            50.6627461
          ],
          [
            7.0327542,
            50.6619792
          ],
          [
            7.0336581,
            50.6616552
          ],
          [
            7.0338971,
            50.6615599
          ],
          [
            7.0340756,
            50.6614923
          ],
          [
            7.0355089,
            50.6614578
          ],
          [
            7.0365664,
            50.6614353
          ],
          [
            7.0371026,
            50.6615832
          ],
          [
            7.0374315,
            50.6617122
          ],
          [
            7.04064,
            50.6638538
          ],
          [
            7.0408901,
            50.6639584
          ],
          [
            7.0408967,
            50.6646545
          ],
          [
            7.0399432,
            50.6658608
          ],
          [
            7.0398598,
            50.6660398
          ],
          [
            7.0397572,
            50.6661837
          ],
          [
            7.0397932,
            50.6664847
          ],
          [
            7.0402221,
            50.6674385
          ],
          [
            7.041075,
            50.6682395
          ],
          [
            7.041973,
            50.6696536
          ],
          [
            7.0426127,
            50.6708262
          ],
          [
            7.0427977,
            50.6710511
          ],
          [
            7.0436116,
            50.672539
          ],
          [
            7.0436626,
            50.672684
          ],
          [
            7.0442484,
            50.6743836
          ],
          [
            7.0438626,
            50.6744933
          ],
          [
            7.0430988,
            50.6746344
          ],
          [
            7.0426647,
            50.6749077
          ],
          [
            7.0415869,
            50.6756896
          ],
          [
            7.0404381,
            50.6764755
          ],
          [
            7.0402871,
            50.6767005
          ],
          [
            7.0398971,
            50.6768795
          ],
          [
            7.0393432,
            50.6771884
          ],
          [
            7.0387424,
            50.6773829
          ]
        ]
      },
      "id": "way/37638732"
    },
    {
      "type": "Feature",
      "properties": {
        "@id": "way/243538208",
        "@relations": [
          {
            "role": "outer",
            "rel": 1434453,
            "reltags": {
              "boundary": "postal_code",
              "note": "53125 Bonn",
              "postal_code": "53125",
              "postal_code_level": "8",
              "type": "boundary"
            }
          }
        ]
      },
      "geometry": {
        "type": "LineString",
        "coordinates": [
          [
            7.0258978,
            50.654341
          ],
          [
            7.0241654,
            50.6590021
          ],
          [
            7.0239919,
            50.6598569
          ],
          [
            7.0236223,
            50.6610919
          ],
          [
            7.0234675,
            50.6614697
          ],
          [
            7.0237252,
            50.6615171
          ],
          [
            7.0235143,
            50.6624772
          ],
          [
            7.0240967,
            50.6637242
          ],
          [
            7.0248503,
            50.6640061
          ],
          [
            7.0248584,
            50.6644939
          ]
        ]
      },
      "id": "way/243538208"
    },
    {
      "type": "Feature",
      "properties": {
        "@id": "way/37647880",
        "@relations": [
          {
            "role": "outer",
            "rel": 1434453,
            "reltags": {
              "boundary": "postal_code",
              "note": "53125 Bonn",
              "postal_code": "53125",
              "postal_code_level": "8",
              "type": "boundary"
            }
          }
        ]
      },
      "geometry": {
        "type": "LineString",
        "coordinates": [
          [
            7.0636527,
            50.6328735
          ],
          [
            7.0635957,
            50.6328559
          ],
          [
            7.0628135,
            50.6328981
          ],
          [
            7.0627182,
            50.6329032
          ],
          [
            7.0618488,
            50.6329498
          ],
          [
            7.06184,
            50.6330236
          ],
          [
            7.0616296,
            50.6330301
          ],
          [
            7.0611773,
            50.632957
          ],
          [
            7.0595319,
            50.6326909
          ],
          [
            7.057059,
            50.6330391
          ],
          [
            7.0570825,
            50.6330983
          ],
          [
            7.0574479,
            50.6339813
          ],
          [
            7.057778,
            50.6347734
          ],
          [
            7.0581166,
            50.6355834
          ],
          [
            7.0583979,
            50.6362628
          ],
          [
            7.058536,
            50.6365956
          ],
          [
            7.0592999,
            50.6384339
          ],
          [
            7.0539793,
            50.6392561
          ],
          [
            7.0538974,
            50.6392719
          ],
          [
            7.0519098,
            50.6396095
          ],
          [
            7.0507083,
            50.6408392
          ],
          [
            7.0500789,
            50.6412277
          ]
        ]
      },
      "id": "way/37647880"
    },
    {
      "type": "Feature",
      "properties": {
        "@id": "way/100323634",
        "@relations": [
          {
            "role": "outer",
            "rel": 1434453,
            "reltags": {
              "boundary": "postal_code",
              "note": "53125 Bonn",
              "postal_code": "53125",
              "postal_code_level": "8",
              "type": "boundary"
            }
          }
        ]
      },
      "geometry": {
        "type": "LineString",
        "coordinates": [
          [
            7.0771407,
            50.6428943
          ],
          [
            7.0760139,
            50.6421124
          ],
          [
            7.0756013,
            50.6416176
          ],
          [
            7.075255,
            50.6411775
          ],
          [
            7.0749831,
            50.6406706
          ],
          [
            7.0747601,
            50.6394847
          ],
          [
            7.0753648,
            50.6382805
          ],
          [
            7.0752012,
            50.6372222
          ],
          [
            7.0736863,
            50.636585
          ],
          [
            7.072031,
            50.6359456
          ],
          [
            7.0716523,
            50.6358194
          ],
          [
            7.0702265,
            50.6352957
          ],
          [
            7.0685188,
            50.6346653
          ],
          [
            7.0685504,
            50.6345912
          ],
          [
            7.0684979,
            50.6345727
          ],
          [
            7.0664723,
            50.6338595
          ],
          [
            7.065154,
            50.6333961
          ],
          [
            7.0646258,
            50.6332144
          ],
          [
            7.0636527,
            50.6328735
          ]
        ]
      },
      "id": "way/100323634"
    },
    {
      "type": "Feature",
      "properties": {
        "@id": "way/237613506",
        "@relations": [
          {
            "role": "outer",
            "rel": 1434453,
            "reltags": {
              "boundary": "postal_code",
              "note": "53125 Bonn",
              "postal_code": "53125",
              "postal_code_level": "8",
              "type": "boundary"
            }
          }
        ]
      },
      "geometry": {
        "type": "LineString",
        "coordinates": [
          [
            7.0420619,
            50.646505
          ],
          [
            7.0418175,
            50.6466187
          ],
          [
            7.0400449,
            50.6475522
          ],
          [
            7.0390504,
            50.6483976
          ],
          [
            7.0381554,
            50.6490097
          ],
          [
            7.0375849,
            50.649215
          ],
          [
            7.0373649,
            50.6492941
          ],
          [
            7.0368286,
            50.6497258
          ],
          [
            7.0362205,
            50.6499778
          ],
          [
            7.0346845,
            50.6518276
          ],
          [
            7.0331186,
            50.6539968
          ],
          [
            7.0324639,
            50.6546202
          ],
          [
            7.0307631,
            50.6546942
          ],
          [
            7.0292858,
            50.6546933
          ],
          [
            7.0266962,
            50.6551011
          ],
          [
            7.0258978,
            50.654341
          ]
        ]
      },
      "id": "way/237613506"
    },
    {
      "type": "Feature",
      "properties": {
        "@id": "way/243542927",
        "@relations": [
          {
            "role": "outer",
            "rel": 1434453,
            "reltags": {
              "boundary": "postal_code",
              "note": "53125 Bonn",
              "postal_code": "53125",
              "postal_code_level": "8",
              "type": "boundary"
            }
          }
        ]
      },
      "geometry": {
        "type": "LineString",
        "coordinates": [
          [
            7.0500789,
            50.6412277
          ],
          [
            7.0498974,
            50.6413189
          ],
          [
            7.0483311,
            50.6418258
          ],
          [
            7.0480273,
            50.6419832
          ],
          [
            7.0472965,
            50.6426471
          ],
          [
            7.0462205,
            50.6436857
          ],
          [
            7.0459101,
            50.6439864
          ],
          [
            7.0454109,
            50.6443708
          ],
          [
            7.0436861,
            50.6452966
          ],
          [
            7.043411,
            50.64568
          ],
          [
            7.0420619,
            50.646505
          ]
        ]
      },
      "id": "way/243542927"
    },
    {
      "type": "Feature",
      "properties": {
        "@id": "way/237613510",
        "@relations": [
          {
            "role": "outer",
            "rel": 1434453,
            "reltags": {
              "boundary": "postal_code",
              "note": "53125 Bonn",
              "postal_code": "53125",
              "postal_code_level": "8",
              "type": "boundary"
            }
          }
        ]
      },
      "geometry": {
        "type": "LineString",
        "coordinates": [
          [
            7.0823614,
            50.6460965
          ],
          [
            7.0820263,
            50.6454475
          ],
          [
            7.0818673,
            50.644968
          ],
          [
            7.0818542,
            50.6443262
          ],
          [
            7.0804673,
            50.6443252
          ],
          [
            7.0791234,
            50.6436802
          ],
          [
            7.0771407,
            50.6428943
          ]
        ]
      },
      "id": "way/237613510"
    },
    {
      "type": "Feature",
      "properties": {
        "@id": "way/100321476",
        "@relations": [
          {
            "role": "outer",
            "rel": 1434451,
            "reltags": {
              "boundary": "postal_code",
              "note": "53177 Bonn",
              "postal_code": "53177",
              "postal_code_level": "8",
              "type": "boundary"
            }
          },
          {
            "role": "outer",
            "rel": 1434453,
            "reltags": {
              "boundary": "postal_code",
              "note": "53125 Bonn",
              "postal_code": "53125",
              "postal_code_level": "8",
              "type": "boundary"
            }
          }
        ]
      },
      "geometry": {
        "type": "LineString",
        "coordinates": [
          [
            7.0866745,
            50.6837442
          ],
          [
            7.0890078,
            50.6746363
          ],
          [
            7.0962781,
            50.6646644
          ],
          [
            7.1018683,
            50.6569955
          ]
        ]
      },
      "id": "way/100321476"
    },
    {
      "type": "Feature",
      "properties": {
        "@id": "way/100323633",
        "@relations": [
          {
            "role": "outer",
            "rel": 1434451,
            "reltags": {
              "boundary": "postal_code",
              "note": "53177 Bonn",
              "postal_code": "53177",
              "postal_code_level": "8",
              "type": "boundary"
            }
          }
        ]
      },
      "geometry": {
        "type": "LineString",
        "coordinates": [
          [
            7.1511579,
            50.6535659
          ],
          [
            7.1509284,
            50.6535043
          ],
          [
            7.1508063,
            50.6534908
          ],
          [
            7.1506896,
            50.6534327
          ],
          [
            7.1505968,
            50.6534116
          ],
          [
            7.150475,
            50.6534357
          ],
          [
            7.1503808,
            50.6534233
          ],
          [
            7.1502626,
            50.6534436
          ],
          [
            7.1500803,
            50.6534775
          ],
          [
            7.149912,
            50.6534692
          ],
          [
            7.1496126,
            50.6533591
          ],
          [
            7.1492551,
            50.6532022
          ],
          [
            7.1488442,
            50.6530453
          ],
          [
            7.1486673,
            50.6530094
          ],
          [
            7.1482157,
            50.6528423
          ],
          [
            7.1479061,
            50.6527017
          ],
          [
            7.1476358,
            50.6526497
          ],
          [
            7.1475082,
            50.6525823
          ],
          [
            7.147198,
            50.65253
          ],
          [
            7.1469529,
            50.6524593
          ],
          [
            7.1468635,
            50.6524428
          ],
          [
            7.1468253,
            50.6523785
          ],
          [
            7.1464334,
            50.6521184
          ],
          [
            7.1463503,
            50.6519807
          ],
          [
            7.1462429,
            50.6519092
          ],
          [
            7.1458018,
            50.6517898
          ],
          [
            7.1455984,
            50.6518091
          ],
          [
            7.1454901,
            50.6518873
          ],
          [
            7.1453382,
            50.6518736
          ],
          [
            7.1450703,
            50.651795
          ],
          [
            7.1450061,
            50.6518047
          ],
          [
            7.1447251,
            50.651724
          ],
          [
            7.1444359,
            50.6513784
          ],
          [
            7.1441909,
            50.6512415
          ],
          [
            7.1441516,
            50.651224
          ],
          [
            7.1439309,
            50.6511615
          ],
          [
            7.1432755,
            50.6511041
          ],
          [
            7.1425381,
            50.6510395
          ],
          [
            7.1411583,
            50.6505465
          ],
          [
            7.1409004,
            50.6504515
          ],
          [
            7.1406844,
            50.6503945
          ],
          [
            7.1404314,
            50.6503296
          ],
          [
            7.1397875,
            50.6502566
          ],
          [
            7.1391006,
            50.6501276
          ],
          [
            7.1393066,
            50.6495436
          ],
          [
            7.1383278,
            50.6493717
          ],
          [
            7.1382418,
            50.6488877
          ],
          [
            7.1371499,
            50.6487657
          ],
          [
            7.1320427,
            50.6482928
          ],
          [
            7.1304749,
            50.6479228
          ],
          [
            7.1280383,
            50.6472859
          ],
          [
            7.1277063,
            50.6471979
          ],
          [
            7.1254386,
            50.6509855
          ],
          [
            7.1249787,
            50.6517524
          ],
          [
            7.1237259,
            50.6526263
          ],
          [
            7.1220314,
            50.6538271
          ],
          [
            7.1219807,
            50.6538564
          ],
          [
            7.1214862,
            50.6542131
          ],
          [
            7.1223891,
            50.6544071
          ],
          [
            7.1237209,
            50.6545681
          ],
          [
            7.1233659,
            50.654976
          ],
          [
            7.1238172,
            50.6552351
          ]
        ]
      },
      "id": "way/100323633"
    },
    {
      "type": "Feature",
      "properties": {
        "@id": "way/32944909",
        "@relations": [
          {
            "role": "outer",
            "rel": 1434453,
            "reltags": {
              "boundary": "postal_code",
              "note": "53125 Bonn",
              "postal_code": "53125",
              "postal_code_level": "8",
              "type": "boundary"
            }
          }
        ]
      },
      "geometry": {
        "type": "LineString",
        "coordinates": [
          [
            7.1018683,
            50.6569955
          ],
          [
            7.1012728,
            50.6567653
          ],
          [
            7.0999431,
            50.656091
          ],
          [
            7.098663,
            50.6552106
          ],
          [
            7.0976387,
            50.6538771
          ],
          [
            7.0963229,
            50.6527782
          ],
          [
            7.09595,
            50.6524393
          ],
          [
            7.095871,
            50.6523893
          ],
          [
            7.095698,
            50.6522753
          ],
          [
            7.0944392,
            50.6515734
          ],
          [
            7.0934557,
            50.651331
          ],
          [
            7.0926328,
            50.6510297
          ],
          [
            7.0920387,
            50.6508079
          ],
          [
            7.0911717,
            50.6504405
          ],
          [
            7.0903788,
            50.6499556
          ],
          [
            7.0896169,
            50.6494906
          ],
          [
            7.0885341,
            50.6487387
          ],
          [
            7.0873574,
            50.6488675
          ],
          [
            7.0871163,
            50.6482669
          ],
          [
            7.0839153,
            50.6467844
          ],
          [
            7.0835649,
            50.6466259
          ],
          [
            7.083538,
            50.6465946
          ],
          [
            7.0829743,
            50.6463511
          ],
          [
            7.0824819,
            50.6461469
          ],
          [
            7.0823614,
            50.6460965
          ]
        ]
      },
      "id": "way/32944909"
    },
    {
      "type": "Feature",
      "properties": {
        "@id": "way/784031098",
        "@relations": [
          {
            "role": "outer",
            "rel": 1434451,
            "reltags": {
              "boundary": "postal_code",
              "note": "53177 Bonn",
              "postal_code": "53177",
              "postal_code_level": "8",
              "type": "boundary"
            }
          }
        ]
      },
      "geometry": {
        "type": "LineString",
        "coordinates": [
          [
            7.1053586,
            50.6595385
          ],
          [
            7.1043787,
            50.6581876
          ],
          [
            7.1041527,
            50.6579247
          ],
          [
            7.1036981,
            50.6576335
          ],
          [
            7.1036301,
            50.6576802
          ],
          [
            7.1018683,
            50.6569955
          ]
        ]
      },
      "id": "way/784031098"
    },
    {
      "type": "Feature",
      "properties": {
        "@id": "way/46583816",
        "@relations": [
          {
            "role": "outer",
            "rel": 1434451,
            "reltags": {
              "boundary": "postal_code",
              "note": "53177 Bonn",
              "postal_code": "53177",
              "postal_code_level": "8",
              "type": "boundary"
            }
          }
        ]
      },
      "geometry": {
        "type": "LineString",
        "coordinates": [
          [
            7.1220435,
            50.656205
          ],
          [
            7.1217672,
            50.6562729
          ],
          [
            7.1211443,
            50.6565018
          ],
          [
            7.1203544,
            50.6566618
          ],
          [
            7.1199516,
            50.6567324
          ],
          [
            7.1195155,
            50.6566728
          ],
          [
            7.1193835,
            50.6566698
          ],
          [
            7.1191096,
            50.6567118
          ],
          [
            7.1189846,
            50.6566958
          ],
          [
            7.1187496,
            50.6568448
          ],
          [
            7.1186526,
            50.6568488
          ],
          [
            7.1184217,
            50.6567838
          ],
          [
            7.1177158,
            50.6568798
          ],
          [
            7.1176018,
            50.6568798
          ],
          [
            7.1173888,
            50.6568758
          ],
          [
            7.1170709,
            50.6569628
          ],
          [
            7.1164569,
            50.6570508
          ],
          [
            7.1156601,
            50.6571078
          ],
          [
            7.1152271,
            50.6572228
          ],
          [
            7.1150691,
            50.6572947
          ],
          [
            7.1147872,
            50.6573257
          ],
          [
            7.1145932,
            50.6573947
          ],
          [
            7.1142013,
            50.6574517
          ],
          [
            7.1141173,
            50.6574817
          ],
          [
            7.1121676,
            50.6578487
          ],
          [
            7.1110387,
            50.6580237
          ],
          [
            7.1108538,
            50.6580127
          ],
          [
            7.1106928,
            50.6580467
          ],
          [
            7.1100949,
            50.6581496
          ],
          [
            7.1099089,
            50.6581996
          ],
          [
            7.1096459,
            50.6582146
          ],
          [
            7.109495,
            50.6582486
          ],
          [
            7.109247,
            50.6582376
          ],
          [
            7.109052,
            50.6582566
          ],
          [
            7.108895,
            50.6582946
          ],
          [
            7.1087631,
            50.6584016
          ],
          [
            7.1086201,
            50.6584166
          ],
          [
            7.1083121,
            50.6584086
          ],
          [
            7.1081802,
            50.6584736
          ],
          [
            7.1080912,
            50.6584856
          ],
          [
            7.1078972,
            50.6584626
          ],
          [
            7.1068833,
            50.6587066
          ],
          [
            7.1066104,
            50.6587906
          ],
          [
            7.1063464,
            50.6589016
          ],
          [
            7.1059055,
            50.6591525
          ],
          [
            7.1054845,
            50.6594505
          ],
          [
            7.1053586,
            50.6595385
          ]
        ]
      },
      "id": "way/46583816"
    },
    {
      "type": "Feature",
      "properties": {
        "@id": "way/48559677",
        "@relations": [
          {
            "role": "outer",
            "rel": 1434451,
            "reltags": {
              "boundary": "postal_code",
              "note": "53177 Bonn",
              "postal_code": "53177",
              "postal_code_level": "8",
              "type": "boundary"
            }
          }
        ]
      },
      "geometry": {
        "type": "LineString",
        "coordinates": [
          [
            7.1238172,
            50.6552351
          ],
          [
            7.122828,
            50.655805
          ],
          [
            7.1223771,
            50.6561779
          ],
          [
            7.1222401,
            50.6561849
          ],
          [
            7.1220435,
            50.656205
          ]
        ]
      },
      "id": "way/48559677"
    },
    {
      "type": "Feature",
      "properties": {
        "@id": "way/45086492",
        "@relations": [
          {
            "role": "outer",
            "rel": 1434453,
            "reltags": {
              "boundary": "postal_code",
              "note": "53125 Bonn",
              "postal_code": "53125",
              "postal_code_level": "8",
              "type": "boundary"
            }
          }
        ]
      },
      "geometry": {
        "type": "LineString",
        "coordinates": [
          [
            7.0248584,
            50.6644939
          ],
          [
            7.024857,
            50.6645454
          ],
          [
            7.0238974,
            50.6642597
          ],
          [
            7.024418,
            50.6648848
          ]
        ]
      },
      "id": "way/45086492"
    },
    {
      "type": "Feature",
      "properties": {
        "@id": "way/100330647",
        "@relations": [
          {
            "role": "outer",
            "rel": 1434546,
            "reltags": {
              "boundary": "postal_code",
              "name": "53123 Bonn",
              "note": "53123 Bonn",
              "postal_code": "53123",
              "postal_code_level": "8",
              "type": "boundary"
            }
          }
        ]
      },
      "geometry": {
        "type": "LineString",
        "coordinates": [
          [
            7.0322572,
            50.6965563
          ],
          [
            7.0327821,
            50.6972462
          ],
          [
            7.0330251,
            50.6975522
          ],
          [
            7.0326622,
            50.6979561
          ],
          [
            7.032115,
            50.69909
          ],
          [
            7.0319653,
            50.699089
          ],
          [
            7.0308874,
            50.698971
          ],
          [
            7.0298416,
            50.698803
          ],
          [
            7.0297656,
            50.698856
          ],
          [
            7.0296446,
            50.699154
          ],
          [
            7.0295296,
            50.699154
          ],
          [
            7.0294596,
            50.699177
          ],
          [
            7.0294146,
            50.699234
          ],
          [
            7.0293356,
            50.6995049
          ],
          [
            7.0294306,
            50.6996459
          ],
          [
            7.0292916,
            50.6997379
          ],
          [
            7.0291907,
            50.6997409
          ],
          [
            7.0290117,
            50.6998798
          ],
          [
            7.0289507,
            50.6999439
          ],
          [
            7.0289418,
            50.7000218
          ],
          [
            7.0289534,
            50.7000674
          ],
          [
            7.0289866,
            50.7000966
          ],
          [
            7.029056,
            50.7001195
          ],
          [
            7.0291277,
            50.7001839
          ],
          [
            7.0286617,
            50.7003938
          ],
          [
            7.0287747,
            50.7005458
          ],
          [
            7.0287877,
            50.7006568
          ],
          [
            7.0286307,
            50.7006528
          ],
          [
            7.0285348,
            50.7006948
          ],
          [
            7.0280718,
            50.7010348
          ],
          [
            7.0280188,
            50.7012867
          ],
          [
            7.0279528,
            50.7014277
          ],
          [
            7.0280328,
            50.7016567
          ],
          [
            7.0279198,
            50.7017017
          ],
          [
            7.0280468,
            50.7018167
          ],
          [
            7.0279798,
            50.7019117
          ],
          [
            7.0278668,
            50.7019617
          ],
          [
            7.0278279,
            50.7020986
          ],
          [
            7.0277519,
            50.7021866
          ],
          [
            7.0276049,
            50.7022666
          ],
          [
            7.0276539,
            50.7024006
          ],
          [
            7.0275959,
            50.7025066
          ],
          [
            7.0275089,
            50.7025416
          ],
          [
            7.0273819,
            50.7026446
          ],
          [
            7.0272159,
            50.7027056
          ],
          [
            7.026872,
            50.7029575
          ],
          [
            7.0263261,
            50.7031895
          ],
          [
            7.0261213,
            50.7032225
          ],
          [
            7.0259661,
            50.7032475
          ],
          [
            7.0257882,
            50.7031935
          ],
          [
            7.0257182,
            50.7032085
          ],
          [
            7.0256602,
            50.7033045
          ],
          [
            7.0255072,
            50.7034495
          ],
          [
            7.0254252,
            50.7036325
          ],
          [
            7.0252165,
            50.7037817
          ],
          [
            7.0250777,
            50.7039199
          ],
          [
            7.0250192,
            50.7039159
          ],
          [
            7.0249886,
            50.7039178
          ],
          [
            7.0248851,
            50.7039528
          ],
          [
            7.0248456,
            50.7039797
          ],
          [
            7.0248549,
            50.7040047
          ],
          [
            7.0248662,
            50.7040108
          ],
          [
            7.0249884,
            50.7040203
          ],
          [
            7.0250196,
            50.7040865
          ],
          [
            7.0251027,
            50.7041687
          ],
          [
            7.0250977,
            50.7041955
          ],
          [
            7.0249414,
            50.7042335
          ],
          [
            7.0248141,
            50.7042477
          ],
          [
            7.0247242,
            50.7042637
          ],
          [
            7.0246412,
            50.7042875
          ],
          [
            7.0245092,
            50.7043389
          ],
          [
            7.0244286,
            50.7043924
          ],
          [
            7.0243476,
            50.7043643
          ],
          [
            7.024324,
            50.7043661
          ],
          [
            7.0243103,
            50.7043167
          ],
          [
            7.0241894,
            50.7043252
          ],
          [
            7.023223,
            50.7045239
          ]
        ]
      },
      "id": "way/100330647"
    },
    {
      "type": "Feature",
      "properties": {
        "@id": "way/180868502",
        "@relations": [
          {
            "role": "outer",
            "rel": 1434546,
            "reltags": {
              "boundary": "postal_code",
              "name": "53123 Bonn",
              "note": "53123 Bonn",
              "postal_code": "53123",
              "postal_code_level": "8",
              "type": "boundary"
            }
          }
        ]
      },
      "geometry": {
        "type": "LineString",
        "coordinates": [
          [
            7.023223,
            50.7045239
          ],
          [
            7.0230595,
            50.7045897
          ],
          [
            7.0231412,
            50.7047242
          ],
          [
            7.0231432,
            50.7047826
          ],
          [
            7.023275,
            50.7049117
          ],
          [
            7.0232807,
            50.7052352
          ],
          [
            7.0232036,
            50.7054009
          ],
          [
            7.0230983,
            50.7055551
          ],
          [
            7.0226716,
            50.7061298
          ],
          [
            7.0225885,
            50.7062435
          ],
          [
            7.0225354,
            50.7064715
          ],
          [
            7.0226048,
            50.7066459
          ],
          [
            7.0228136,
            50.7067925
          ],
          [
            7.0233618,
            50.707018
          ],
          [
            7.0247384,
            50.7077319
          ]
        ]
      },
      "id": "way/180868502"
    },
    {
      "type": "Feature",
      "properties": {
        "@id": "way/243529806",
        "@relations": [
          {
            "role": "outer",
            "rel": 1434546,
            "reltags": {
              "boundary": "postal_code",
              "name": "53123 Bonn",
              "note": "53123 Bonn",
              "postal_code": "53123",
              "postal_code_level": "8",
              "type": "boundary"
            }
          }
        ]
      },
      "geometry": {
        "type": "LineString",
        "coordinates": [
          [
            7.0247384,
            50.7077319
          ],
          [
            7.0249402,
            50.7078563
          ],
          [
            7.0253348,
            50.7081345
          ],
          [
            7.0256632,
            50.7083869
          ],
          [
            7.0258349,
            50.7085178
          ],
          [
            7.0261472,
            50.7087844
          ]
        ]
      },
      "id": "way/243529806"
    },
    {
      "type": "Feature",
      "properties": {
        "@id": "way/100321420",
        "@relations": [
          {
            "role": "outer",
            "rel": 1434453,
            "reltags": {
              "boundary": "postal_code",
              "note": "53125 Bonn",
              "postal_code": "53125",
              "postal_code_level": "8",
              "type": "boundary"
            }
          },
          {
            "role": "outer",
            "rel": 1434546,
            "reltags": {
              "boundary": "postal_code",
              "name": "53123 Bonn",
              "note": "53123 Bonn",
              "postal_code": "53123",
              "postal_code_level": "8",
              "type": "boundary"
            }
          }
        ]
      },
      "geometry": {
        "type": "LineString",
        "coordinates": [
          [
            7.063377,
            50.7046279
          ],
          [
            7.0604548,
            50.7040675
          ],
          [
            7.0588494,
            50.7036787
          ],
          [
            7.0565868,
            50.7034916
          ],
          [
            7.055125,
            50.7035294
          ],
          [
            7.0529606,
            50.703783
          ],
          [
            7.052256,
            50.7038732
          ],
          [
            7.0509539,
            50.7041706
          ],
          [
            7.0494712,
            50.7043479
          ],
          [
            7.0484194,
            50.7042308
          ],
          [
            7.0472524,
            50.7048907
          ],
          [
            7.0455332,
            50.7061541
          ],
          [
            7.0441432,
            50.7068369
          ],
          [
            7.0432501,
            50.7074893
          ],
          [
            7.040606,
            50.7074615
          ],
          [
            7.0402996,
            50.7070353
          ],
          [
            7.0386196,
            50.7065053
          ],
          [
            7.0369844,
            50.7053968
          ],
          [
            7.0351398,
            50.7048087
          ],
          [
            7.0356183,
            50.7042416
          ],
          [
            7.0394915,
            50.7044726
          ],
          [
            7.0404827,
            50.7046245
          ],
          [
            7.0405888,
            50.7046135
          ],
          [
            7.0412829,
            50.7045553
          ],
          [
            7.0421398,
            50.704479
          ],
          [
            7.0422761,
            50.7045029
          ],
          [
            7.042783,
            50.7045415
          ],
          [
            7.0432866,
            50.7046451
          ],
          [
            7.0460166,
            50.7054456
          ],
          [
            7.0465671,
            50.7051743
          ],
          [
            7.0465783,
            50.7051712
          ],
          [
            7.0466127,
            50.7051559
          ],
          [
            7.0467108,
            50.7051161
          ],
          [
            7.0467311,
            50.7051072
          ],
          [
            7.046749,
            50.7051006
          ],
          [
            7.0469304,
            50.7050272
          ],
          [
            7.0466863,
            50.7047969
          ],
          [
            7.0472616,
            50.7042369
          ],
          [
            7.0473103,
            50.7042173
          ],
          [
            7.0481417,
            50.7034934
          ],
          [
            7.0476691,
            50.7032855
          ],
          [
            7.0476284,
            50.7031449
          ],
          [
            7.0484626,
            50.7024625
          ],
          [
            7.0489536,
            50.702831
          ],
          [
            7.0494411,
            50.7024396
          ],
          [
            7.0498767,
            50.7022967
          ],
          [
            7.0492526,
            50.7019365
          ],
          [
            7.0499506,
            50.7014554
          ],
          [
            7.0506466,
            50.7018403
          ],
          [
            7.0512626,
            50.7014255
          ],
          [
            7.051143,
            50.700462
          ],
          [
            7.0510367,
            50.6997076
          ],
          [
            7.0509135,
            50.6989716
          ],
          [
            7.0506774,
            50.6984969
          ],
          [
            7.0480638,
            50.6963693
          ],
          [
            7.0475567,
            50.6959701
          ],
          [
            7.0473429,
            50.695906
          ],
          [
            7.04618,
            50.6958603
          ],
          [
            7.0439224,
            50.695934
          ],
          [
            7.0414081,
            50.6960889
          ],
          [
            7.0397309,
            50.6957532
          ],
          [
            7.0357473,
            50.6963488
          ],
          [
            7.0338205,
            50.6964031
          ],
          [
            7.0322572,
            50.6965563
          ]
        ]
      },
      "id": "way/100321420"
    },
    {
      "type": "Feature",
      "properties": {
        "@id": "way/100321457",
        "@relations": [
          {
            "role": "outer",
            "rel": 1434453,
            "reltags": {
              "boundary": "postal_code",
              "note": "53125 Bonn",
              "postal_code": "53125",
              "postal_code_level": "8",
              "type": "boundary"
            }
          },
          {
            "role": "outer",
            "rel": 1434543,
            "reltags": {
              "boundary": "postal_code",
              "note": "53127 Bonn",
              "postal_code": "53127",
              "postal_code_level": "8",
              "type": "boundary"
            }
          }
        ]
      },
      "geometry": {
        "type": "LineString",
        "coordinates": [
          [
            7.063377,
            50.7046279
          ],
          [
            7.0653257,
            50.7048089
          ],
          [
            7.066903,
            50.7049467
          ],
          [
            7.0696563,
            50.7052034
          ],
          [
            7.070085,
            50.7045513
          ],
          [
            7.070375,
            50.7038809
          ],
          [
            7.0702025,
            50.702881
          ],
          [
            7.0709621,
            50.7013971
          ],
          [
            7.0716091,
            50.7001497
          ],
          [
            7.0717293,
            50.6993448
          ],
          [
            7.0725703,
            50.6983721
          ],
          [
            7.0734753,
            50.6963693
          ],
          [
            7.0737701,
            50.6950722
          ],
          [
            7.07474,
            50.6942864
          ],
          [
            7.0749661,
            50.6929398
          ],
          [
            7.0752951,
            50.6922303
          ],
          [
            7.0758162,
            50.691887
          ],
          [
            7.0764429,
            50.6917745
          ],
          [
            7.0806239,
            50.6917405
          ],
          [
            7.080989,
            50.6908348
          ],
          [
            7.0792443,
            50.6868819
          ],
          [
            7.0796893,
            50.6854515
          ],
          [
            7.0804165,
            50.6840285
          ],
          [
            7.0812585,
            50.6830138
          ],
          [
            7.0866745,
            50.6837442
          ]
        ]
      },
      "id": "way/100321457"
    },
    {
      "type": "Feature",
      "properties": {
        "@id": "way/100321459",
        "@relations": [
          {
            "role": "outer",
            "rel": 1434540,
            "reltags": {
              "boundary": "postal_code",
              "note": "53115 Bonn",
              "postal_code": "53115",
              "postal_code_level": "8",
              "type": "boundary"
            }
          },
          {
            "role": "outer",
            "rel": 1434543,
            "reltags": {
              "boundary": "postal_code",
              "note": "53127 Bonn",
              "postal_code": "53127",
              "postal_code_level": "8",
              "type": "boundary"
            }
          }
        ]
      },
      "geometry": {
        "type": "LineString",
        "coordinates": [
          [
            7.1021158,
            50.7105501
          ],
          [
            7.0907897,
            50.711977
          ],
          [
            7.0875057,
            50.7148346
          ],
          [
            7.0871256,
            50.7146081
          ],
          [
            7.0871972,
            50.7138548
          ],
          [
            7.0869371,
            50.7131429
          ],
          [
            7.0873807,
            50.7128378
          ],
          [
            7.0860576,
            50.7114334
          ],
          [
            7.0867612,
            50.7113075
          ],
          [
            7.0863941,
            50.7105035
          ],
          [
            7.0852469,
            50.7106198
          ],
          [
            7.0859311,
            50.7119346
          ],
          [
            7.0865544,
            50.7130811
          ],
          [
            7.0866722,
            50.7136514
          ],
          [
            7.0859794,
            50.7136948
          ],
          [
            7.0859853,
            50.7138909
          ],
          [
            7.0867304,
            50.7139129
          ],
          [
            7.0867572,
            50.7145706
          ],
          [
            7.0855378,
            50.7145242
          ],
          [
            7.0853578,
            50.7151395
          ],
          [
            7.0818051,
            50.7150593
          ],
          [
            7.081938,
            50.7156392
          ],
          [
            7.0824387,
            50.7162356
          ],
          [
            7.0827224,
            50.7168481
          ],
          [
            7.0831729,
            50.7171074
          ],
          [
            7.0836312,
            50.717395
          ],
          [
            7.0839397,
            50.7178728
          ],
          [
            7.0840168,
            50.7182943
          ],
          [
            7.0837542,
            50.7183132
          ],
          [
            7.0836628,
            50.7179653
          ],
          [
            7.0833781,
            50.7175154
          ],
          [
            7.0826747,
            50.7169888
          ],
          [
            7.0822071,
            50.7162533
          ],
          [
            7.081091,
            50.7149953
          ],
          [
            7.0788289,
            50.7169349
          ],
          [
            7.0754881,
            50.7181921
          ],
          [
            7.0776209,
            50.7199293
          ]
        ]
      },
      "id": "way/100321459"
    },
    {
      "type": "Feature",
      "properties": {
        "@id": "way/32944910",
        "@relations": [
          {
            "role": "outer",
            "rel": 1434453,
            "reltags": {
              "boundary": "postal_code",
              "note": "53125 Bonn",
              "postal_code": "53125",
              "postal_code_level": "8",
              "type": "boundary"
            }
          }
        ]
      },
      "geometry": {
        "type": "LineString",
        "coordinates": [
          [
            7.0373696,
            50.6870578
          ],
          [
            7.0371515,
            50.6870613
          ],
          [
            7.0371345,
            50.6871943
          ],
          [
            7.0370075,
            50.6881442
          ],
          [
            7.0370825,
            50.6882552
          ],
          [
            7.0371875,
            50.6882632
          ],
          [
            7.0385553,
            50.6880222
          ],
          [
            7.0389333,
            50.6882862
          ],
          [
            7.0390292,
            50.6884286
          ],
          [
            7.0390822,
            50.6885072
          ],
          [
            7.0389103,
            50.6886562
          ],
          [
            7.0384573,
            50.6888731
          ],
          [
            7.0381574,
            50.6888431
          ],
          [
            7.0374988,
            50.6890815
          ],
          [
            7.0375063,
            50.689103
          ],
          [
            7.0374526,
            50.6891363
          ],
          [
            7.0374258,
            50.6891856
          ],
          [
            7.0373748,
            50.6892096
          ],
          [
            7.0373353,
            50.6891744
          ],
          [
            7.0373111,
            50.6891106
          ],
          [
            7.0372622,
            50.6890783
          ],
          [
            7.0372179,
            50.6891047
          ],
          [
            7.0372555,
            50.6891393
          ],
          [
            7.037176,
            50.689192
          ],
          [
            7.0371056,
            50.6891676
          ],
          [
            7.037061,
            50.6892177
          ],
          [
            7.0369862,
            50.6892138
          ],
          [
            7.0367055,
            50.6892797
          ],
          [
            7.0366999,
            50.6893126
          ],
          [
            7.0366168,
            50.6893789
          ],
          [
            7.0365696,
            50.6893927
          ],
          [
            7.0365678,
            50.6894218
          ],
          [
            7.0364833,
            50.6894365
          ],
          [
            7.0363928,
            50.689414
          ],
          [
            7.036369,
            50.6893787
          ],
          [
            7.0362,
            50.6893899
          ],
          [
            7.0361729,
            50.6894235
          ],
          [
            7.0360952,
            50.6894148
          ],
          [
            7.0360099,
            50.6895187
          ],
          [
            7.0358534,
            50.689535
          ],
          [
            7.0358376,
            50.6894664
          ],
          [
            7.0357984,
            50.6894543
          ],
          [
            7.0357561,
            50.6894528
          ],
          [
            7.0357298,
            50.6895216
          ],
          [
            7.0356971,
            50.6895286
          ],
          [
            7.0356716,
            50.689555
          ],
          [
            7.0356419,
            50.6895631
          ],
          [
            7.0356324,
            50.6895131
          ],
          [
            7.0355958,
            50.6894923
          ],
          [
            7.0355412,
            50.6895225
          ],
          [
            7.0355593,
            50.6895499
          ],
          [
            7.0355391,
            50.6895698
          ],
          [
            7.035515,
            50.6895936
          ],
          [
            7.0354758,
            50.6896113
          ],
          [
            7.0354715,
            50.6895762
          ],
          [
            7.0353749,
            50.6895728
          ],
          [
            7.0353389,
            50.6896131
          ],
          [
            7.0353205,
            50.6896337
          ],
          [
            7.035277,
            50.6896824
          ],
          [
            7.0352626,
            50.6896854
          ],
          [
            7.0352462,
            50.6896752
          ],
          [
            7.035233,
            50.6896849
          ],
          [
            7.0353626,
            50.6898646
          ],
          [
            7.0355637,
            50.6901437
          ],
          [
            7.0357516,
            50.6903985
          ],
          [
            7.035809,
            50.6904604
          ],
          [
            7.0360827,
            50.6907554
          ],
          [
            7.0362086,
            50.6907133
          ],
          [
            7.0364365,
            50.6909729
          ],
          [
            7.036442,
            50.6909791
          ],
          [
            7.0347686,
            50.6915916
          ],
          [
            7.0334715,
            50.6920611
          ],
          [
            7.0334198,
            50.6920783
          ],
          [
            7.0322789,
            50.6925051
          ],
          [
            7.0311539,
            50.6929237
          ],
          [
            7.0307301,
            50.693079
          ],
          [
            7.0308,
            50.6932437
          ],
          [
            7.0311216,
            50.6940966
          ],
          [
            7.0314874,
            50.6944332
          ],
          [
            7.0317851,
            50.6947619
          ],
          [
            7.0318822,
            50.6949944
          ],
          [
            7.0318194,
            50.6952666
          ],
          [
            7.0320254,
            50.6957176
          ],
          [
            7.0322572,
            50.6965563
          ]
        ]
      },
      "id": "way/32944910"
    },
    {
      "type": "Feature",
      "properties": {
        "@id": "way/50154256",
        "@relations": [
          {
            "role": "outer",
            "rel": 1434453,
            "reltags": {
              "boundary": "postal_code",
              "note": "53125 Bonn",
              "postal_code": "53125",
              "postal_code_level": "8",
              "type": "boundary"
            }
          }
        ]
      },
      "geometry": {
        "type": "LineString",
        "coordinates": [
          [
            7.0387424,
            50.6773829
          ],
          [
            7.0381599,
            50.677484
          ],
          [
            7.0375775,
            50.6775314
          ],
          [
            7.0371117,
            50.6775675
          ],
          [
            7.0362859,
            50.6776471
          ],
          [
            7.0356668,
            50.6777082
          ],
          [
            7.035056,
            50.6777475
          ],
          [
            7.0342652,
            50.6778183
          ],
          [
            7.0340801,
            50.6778427
          ],
          [
            7.0334151,
            50.6780095
          ],
          [
            7.0331329,
            50.6780853
          ],
          [
            7.0328343,
            50.6781806
          ],
          [
            7.0323641,
            50.6783731
          ],
          [
            7.0319808,
            50.6785131
          ],
          [
            7.0318707,
            50.6785463
          ],
          [
            7.0317608,
            50.678576
          ],
          [
            7.0314904,
            50.6786078
          ],
          [
            7.0313678,
            50.6786221
          ],
          [
            7.0313474,
            50.6787603
          ],
          [
            7.0312434,
            50.6793442
          ],
          [
            7.0312304,
            50.6801031
          ],
          [
            7.0325202,
            50.680744
          ],
          [
            7.0329012,
            50.681129
          ],
          [
            7.0332688,
            50.6818788
          ],
          [
            7.0335778,
            50.682738
          ],
          [
            7.0337946,
            50.6830379
          ],
          [
            7.0346169,
            50.6846825
          ],
          [
            7.0348659,
            50.6849846
          ],
          [
            7.0349656,
            50.6852535
          ],
          [
            7.0353578,
            50.6860584
          ],
          [
            7.0356344,
            50.6863764
          ],
          [
            7.0353678,
            50.6865732
          ],
          [
            7.0359777,
            50.6867294
          ],
          [
            7.0368535,
            50.6867984
          ],
          [
            7.0373605,
            50.6869354
          ],
          [
            7.0373696,
            50.6870578
          ]
        ]
      },
      "id": "way/50154256"
    },
    {
      "type": "Feature",
      "properties": {
        "@id": "way/238510616",
        "@relations": [
          {
            "role": "outer",
            "rel": 1434546,
            "reltags": {
              "boundary": "postal_code",
              "name": "53123 Bonn",
              "note": "53123 Bonn",
              "postal_code": "53123",
              "postal_code_level": "8",
              "type": "boundary"
            }
          }
        ]
      },
      "geometry": {
        "type": "LineString",
        "coordinates": [
          [
            7.0299923,
            50.7127929
          ],
          [
            7.0306385,
            50.7132562
          ],
          [
            7.031341,
            50.7139103
          ],
          [
            7.0313788,
            50.7140051
          ],
          [
            7.03171,
            50.7146016
          ],
          [
            7.031814,
            50.7147151
          ],
          [
            7.0319669,
            50.7148291
          ],
          [
            7.0320958,
            50.714917
          ],
          [
            7.0325603,
            50.7152368
          ],
          [
            7.0334344,
            50.7155408
          ],
          [
            7.0336581,
            50.715597
          ]
        ]
      },
      "id": "way/238510616"
    },
    {
      "type": "Feature",
      "properties": {
        "@id": "way/49988945",
        "@relations": [
          {
            "role": "outer",
            "rel": 1434546,
            "reltags": {
              "boundary": "postal_code",
              "name": "53123 Bonn",
              "note": "53123 Bonn",
              "postal_code": "53123",
              "postal_code_level": "8",
              "type": "boundary"
            }
          }
        ]
      },
      "geometry": {
        "type": "LineString",
        "coordinates": [
          [
            7.0291302,
            50.7121092
          ],
          [
            7.0292101,
            50.7121776
          ],
          [
            7.0297559,
            50.7126288
          ],
          [
            7.0299923,
            50.7127929
          ]
        ]
      },
      "id": "way/49988945"
    },
    {
      "type": "Feature",
      "properties": {
        "@id": "way/182068652",
        "@relations": [
          {
            "role": "outer",
            "rel": 1434546,
            "reltags": {
              "boundary": "postal_code",
              "name": "53123 Bonn",
              "note": "53123 Bonn",
              "postal_code": "53123",
              "postal_code_level": "8",
              "type": "boundary"
            }
          }
        ]
      },
      "geometry": {
        "type": "LineString",
        "coordinates": [
          [
            7.0261472,
            50.7087844
          ],
          [
            7.0265944,
            50.7094802
          ],
          [
            7.0268687,
            50.7099735
          ],
          [
            7.0271854,
            50.7104556
          ],
          [
            7.0274965,
            50.7109063
          ],
          [
            7.0276587,
            50.7110914
          ],
          [
            7.0287743,
            50.7118486
          ],
          [
            7.0291302,
            50.7121092
          ]
        ]
      },
      "id": "way/182068652"
    },
    {
      "type": "Feature",
      "properties": {
        "@id": "way/100321460",
        "@relations": [
          {
            "role": "outer",
            "rel": 1434543,
            "reltags": {
              "boundary": "postal_code",
              "note": "53127 Bonn",
              "postal_code": "53127",
              "postal_code_level": "8",
              "type": "boundary"
            }
          },
          {
            "role": "outer",
            "rel": 1434546,
            "reltags": {
              "boundary": "postal_code",
              "name": "53123 Bonn",
              "note": "53123 Bonn",
              "postal_code": "53123",
              "postal_code_level": "8",
              "type": "boundary"
            }
          }
        ]
      },
      "geometry": {
        "type": "LineString",
        "coordinates": [
          [
            7.0675192,
            50.71647
          ],
          [
            7.0659479,
            50.7156068
          ],
          [
            7.064894,
            50.7148438
          ],
          [
            7.064157,
            50.7142478
          ],
          [
            7.0633834,
            50.7134563
          ],
          [
            7.0627264,
            50.7127544
          ],
          [
            7.0620902,
            50.7119103
          ],
          [
            7.0615724,
            50.7109648
          ],
          [
            7.0612085,
            50.7099162
          ],
          [
            7.0611548,
            50.7088562
          ],
          [
            7.0613424,
            50.7078381
          ],
          [
            7.0617742,
            50.7068353
          ],
          [
            7.0624365,
            50.7058072
          ],
          [
            7.063377,
            50.7046279
          ]
        ]
      },
      "id": "way/100321460"
    },
    {
      "type": "Feature",
      "properties": {
        "@id": "way/100321412",
        "@relations": [
          {
            "role": "outer",
            "rel": 1434451,
            "reltags": {
              "boundary": "postal_code",
              "note": "53177 Bonn",
              "postal_code": "53177",
              "postal_code_level": "8",
              "type": "boundary"
            }
          },
          {
            "role": "outer",
            "rel": 1434459,
            "reltags": {
              "boundary": "postal_code",
              "note": "53175 Bonn",
              "postal_code": "53175",
              "postal_code_level": "8",
              "type": "boundary"
            }
          }
        ]
      },
      "geometry": {
        "type": "LineString",
        "coordinates": [
          [
            7.1459516,
            50.6888078
          ],
          [
            7.1459704,
            50.6886781
          ],
          [
            7.1458122,
            50.68833
          ],
          [
            7.1456559,
            50.6881976
          ],
          [
            7.1453153,
            50.6883324
          ],
          [
            7.1449335,
            50.6879635
          ],
          [
            7.1453532,
            50.6877869
          ],
          [
            7.1449427,
            50.6872353
          ],
          [
            7.1448049,
            50.6868982
          ],
          [
            7.144457,
            50.6863656
          ],
          [
            7.1422382,
            50.6867332
          ],
          [
            7.1403579,
            50.687206
          ],
          [
            7.1377385,
            50.6879591
          ],
          [
            7.1352421,
            50.6887007
          ],
          [
            7.1302997,
            50.6899429
          ],
          [
            7.1279754,
            50.6872657
          ],
          [
            7.1263612,
            50.6862339
          ],
          [
            7.1248743,
            50.6853218
          ],
          [
            7.1236629,
            50.6842536
          ],
          [
            7.1227211,
            50.683464
          ],
          [
            7.1202058,
            50.6820709
          ],
          [
            7.118841,
            50.6817862
          ],
          [
            7.1178065,
            50.6818947
          ],
          [
            7.1167012,
            50.6822356
          ],
          [
            7.1160475,
            50.6824874
          ],
          [
            7.1135642,
            50.6836891
          ],
          [
            7.1106173,
            50.6807815
          ],
          [
            7.1090732,
            50.6802105
          ],
          [
            7.1054794,
            50.6799358
          ],
          [
            7.1031033,
            50.6813069
          ],
          [
            7.1006582,
            50.6824226
          ],
          [
            7.0950641,
            50.6834945
          ],
          [
            7.0891745,
            50.6847419
          ]
        ]
      },
      "id": "way/100321412"
    },
    {
      "type": "Feature",
      "properties": {
        "@id": "way/100321503",
        "@relations": [
          {
            "role": "outer",
            "rel": 1434459,
            "reltags": {
              "boundary": "postal_code",
              "note": "53175 Bonn",
              "postal_code": "53175",
              "postal_code_level": "8",
              "type": "boundary"
            }
          },
          {
            "role": "outer",
            "rel": 1434543,
            "reltags": {
              "boundary": "postal_code",
              "note": "53127 Bonn",
              "postal_code": "53127",
              "postal_code_level": "8",
              "type": "boundary"
            }
          }
        ]
      },
      "geometry": {
        "type": "LineString",
        "coordinates": [
          [
            7.1085265,
            50.6964755
          ],
          [
            7.1070341,
            50.6950532
          ],
          [
            7.1052014,
            50.6937447
          ],
          [
            7.1013533,
            50.6906318
          ],
          [
            7.0965643,
            50.6878548
          ],
          [
            7.0891745,
            50.6847419
          ]
        ]
      },
      "id": "way/100321503"
    },
    {
      "type": "Feature",
      "properties": {
        "@id": "way/100321402",
        "@relations": [
          {
            "role": "outer",
            "rel": 1434451,
            "reltags": {
              "boundary": "postal_code",
              "note": "53177 Bonn",
              "postal_code": "53177",
              "postal_code_level": "8",
              "type": "boundary"
            }
          },
          {
            "role": "outer",
            "rel": 1434543,
            "reltags": {
              "boundary": "postal_code",
              "note": "53127 Bonn",
              "postal_code": "53127",
              "postal_code_level": "8",
              "type": "boundary"
            }
          }
        ]
      },
      "geometry": {
        "type": "LineString",
        "coordinates": [
          [
            7.0891745,
            50.6847419
          ],
          [
            7.0866745,
            50.6837442
          ]
        ]
      },
      "id": "way/100321402"
    },
    {
      "type": "Feature",
      "properties": {
        "@id": "way/100321398",
        "@relations": [
          {
            "role": "outer",
            "rel": 1434539,
            "reltags": {
              "boundary": "postal_code",
              "note": "53129 Bonn",
              "postal_code": "53129",
              "postal_code_level": "8",
              "type": "boundary"
            }
          },
          {
            "role": "outer",
            "rel": 1434543,
            "reltags": {
              "boundary": "postal_code",
              "note": "53127 Bonn",
              "postal_code": "53127",
              "postal_code_level": "8",
              "type": "boundary"
            }
          }
        ]
      },
      "geometry": {
        "type": "LineString",
        "coordinates": [
          [
            7.1021158,
            50.7105501
          ],
          [
            7.1028113,
            50.7071498
          ],
          [
            7.1040983,
            50.7058298
          ],
          [
            7.1064254,
            50.7037279
          ],
          [
            7.1078474,
            50.701378
          ],
          [
            7.1085602,
            50.6990091
          ],
          [
            7.1085265,
            50.6964755
          ]
        ]
      },
      "id": "way/100321398"
    },
    {
      "type": "Feature",
      "properties": {
        "@id": "way/100321473",
        "@relations": [
          {
            "role": "outer",
            "rel": 1434539,
            "reltags": {
              "boundary": "postal_code",
              "note": "53129 Bonn",
              "postal_code": "53129",
              "postal_code_level": "8",
              "type": "boundary"
            }
          },
          {
            "role": "outer",
            "rel": 1434540,
            "reltags": {
              "boundary": "postal_code",
              "note": "53115 Bonn",
              "postal_code": "53115",
              "postal_code_level": "8",
              "type": "boundary"
            }
          }
        ]
      },
      "geometry": {
        "type": "LineString",
        "coordinates": [
          [
            7.0989585,
            50.7220012
          ],
          [
            7.0986799,
            50.7216062
          ],
          [
            7.0985029,
            50.7214134
          ],
          [
            7.0982979,
            50.7212419
          ],
          [
            7.0981645,
            50.7211309
          ],
          [
            7.0975623,
            50.7214436
          ],
          [
            7.0977362,
            50.721867
          ],
          [
            7.0970158,
            50.72233
          ],
          [
            7.0964404,
            50.7224548
          ],
          [
            7.0960586,
            50.7221128
          ],
          [
            7.0971451,
            50.7215739
          ],
          [
            7.0969479,
            50.7214043
          ],
          [
            7.0976982,
            50.7210201
          ],
          [
            7.0979247,
            50.7210761
          ],
          [
            7.0980179,
            50.7210212
          ],
          [
            7.0978879,
            50.7209182
          ],
          [
            7.0979926,
            50.7208589
          ],
          [
            7.0991411,
            50.7200894
          ],
          [
            7.1004026,
            50.7194833
          ],
          [
            7.1002542,
            50.7191841
          ],
          [
            7.100458,
            50.7190714
          ],
          [
            7.100345,
            50.7186836
          ],
          [
            7.1023232,
            50.7179607
          ],
          [
            7.1033575,
            50.7173123
          ],
          [
            7.1044596,
            50.7168107
          ],
          [
            7.1042351,
            50.7163415
          ],
          [
            7.1050294,
            50.715172
          ],
          [
            7.1043425,
            50.714749
          ],
          [
            7.1043141,
            50.7144461
          ],
          [
            7.1045438,
            50.7139681
          ],
          [
            7.1045927,
            50.7135382
          ],
          [
            7.103765,
            50.7130016
          ],
          [
            7.1033121,
            50.712315
          ],
          [
            7.1034287,
            50.7117065
          ],
          [
            7.1021158,
            50.7105501
          ]
        ]
      },
      "id": "way/100321473"
    },
    {
      "type": "Feature",
      "properties": {
        "@id": "way/22921225",
        "@relations": [
          {
            "role": "outer",
            "rel": 1434459,
            "reltags": {
              "boundary": "postal_code",
              "note": "53175 Bonn",
              "postal_code": "53175",
              "postal_code_level": "8",
              "type": "boundary"
            }
          },
          {
            "role": "outer",
            "rel": 1434539,
            "reltags": {
              "boundary": "postal_code",
              "note": "53129 Bonn",
              "postal_code": "53129",
              "postal_code_level": "8",
              "type": "boundary"
            }
          }
        ]
      },
      "geometry": {
        "type": "LineString",
        "coordinates": [
          [
            7.113699,
            50.6944707
          ],
          [
            7.111476,
            50.6947969
          ],
          [
            7.1093045,
            50.6953297
          ],
          [
            7.1085512,
            50.6957736
          ],
          [
            7.1085265,
            50.6964755
          ]
        ]
      },
      "id": "way/22921225"
    },
    {
      "type": "Feature",
      "properties": {
        "@id": "way/237885792",
        "@relations": [
          {
            "role": "outer",
            "rel": 1434459,
            "reltags": {
              "boundary": "postal_code",
              "note": "53175 Bonn",
              "postal_code": "53175",
              "postal_code_level": "8",
              "type": "boundary"
            }
          },
          {
            "role": "outer",
            "rel": 1434539,
            "reltags": {
              "boundary": "postal_code",
              "note": "53129 Bonn",
              "postal_code": "53129",
              "postal_code_level": "8",
              "type": "boundary"
            }
          }
        ]
      },
      "geometry": {
        "type": "LineString",
        "coordinates": [
          [
            7.1175042,
            50.6984391
          ],
          [
            7.1182132,
            50.6980465
          ],
          [
            7.1163537,
            50.6969622
          ],
          [
            7.1136421,
            50.6953723
          ],
          [
            7.1142416,
            50.694948
          ],
          [
            7.113699,
            50.6944707
          ]
        ]
      },
      "id": "way/237885792"
    },
    {
      "type": "Feature",
      "properties": {
        "@id": "way/237751717",
        "@relations": [
          {
            "role": "outer",
            "rel": 1434459,
            "reltags": {
              "boundary": "postal_code",
              "note": "53175 Bonn",
              "postal_code": "53175",
              "postal_code_level": "8",
              "type": "boundary"
            }
          },
          {
            "role": "outer",
            "rel": 1434539,
            "reltags": {
              "boundary": "postal_code",
              "note": "53129 Bonn",
              "postal_code": "53129",
              "postal_code_level": "8",
              "type": "boundary"
            }
          }
        ]
      },
      "geometry": {
        "type": "LineString",
        "coordinates": [
          [
            7.1272854,
            50.7040584
          ],
          [
            7.1270877,
            50.703898
          ],
          [
            7.1267998,
            50.7036336
          ],
          [
            7.1260608,
            50.7027482
          ],
          [
            7.1255102,
            50.702355
          ],
          [
            7.1251266,
            50.7025913
          ],
          [
            7.1239311,
            50.7018715
          ]
        ]
      },
      "id": "way/237751717"
    },
    {
      "type": "Feature",
      "properties": {
        "@id": "way/237885789",
        "@relations": [
          {
            "role": "outer",
            "rel": 1434459,
            "reltags": {
              "boundary": "postal_code",
              "note": "53175 Bonn",
              "postal_code": "53175",
              "postal_code_level": "8",
              "type": "boundary"
            }
          },
          {
            "role": "outer",
            "rel": 1434539,
            "reltags": {
              "boundary": "postal_code",
              "note": "53129 Bonn",
              "postal_code": "53129",
              "postal_code_level": "8",
              "type": "boundary"
            }
          }
        ]
      },
      "geometry": {
        "type": "LineString",
        "coordinates": [
          [
            7.1239311,
            50.7018715
          ],
          [
            7.1236895,
            50.7017071
          ],
          [
            7.1236289,
            50.7017288
          ],
          [
            7.1226984,
            50.7011658
          ],
          [
            7.1225682,
            50.7011359
          ],
          [
            7.1224746,
            50.7010271
          ],
          [
            7.1222647,
            50.7009074
          ],
          [
            7.1221764,
            50.7008395
          ],
          [
            7.1221979,
            50.7008237
          ],
          [
            7.1219679,
            50.7006856
          ],
          [
            7.1217305,
            50.7008045
          ],
          [
            7.1207407,
            50.7001561
          ],
          [
            7.120357,
            50.6999532
          ]
        ]
      },
      "id": "way/237885789"
    },
    {
      "type": "Feature",
      "properties": {
        "@id": "way/237751716",
        "@relations": [
          {
            "role": "outer",
            "rel": 1434459,
            "reltags": {
              "boundary": "postal_code",
              "note": "53175 Bonn",
              "postal_code": "53175",
              "postal_code_level": "8",
              "type": "boundary"
            }
          },
          {
            "role": "outer",
            "rel": 1434539,
            "reltags": {
              "boundary": "postal_code",
              "note": "53129 Bonn",
              "postal_code": "53129",
              "postal_code_level": "8",
              "type": "boundary"
            }
          }
        ]
      },
      "geometry": {
        "type": "LineString",
        "coordinates": [
          [
            7.120357,
            50.6999532
          ],
          [
            7.1200694,
            50.6997991
          ],
          [
            7.1202523,
            50.6996651
          ],
          [
            7.1199458,
            50.6994885
          ],
          [
            7.1198202,
            50.6995595
          ],
          [
            7.1175042,
            50.6984391
          ]
        ]
      },
      "id": "way/237751716"
    },
    {
      "type": "Feature",
      "properties": {
        "@id": "way/238225360",
        "@relations": [
          {
            "role": "outer",
            "rel": 1434539,
            "reltags": {
              "boundary": "postal_code",
              "note": "53129 Bonn",
              "postal_code": "53129",
              "postal_code_level": "8",
              "type": "boundary"
            }
          },
          {
            "role": "outer",
            "rel": 1434541,
            "reltags": {
              "boundary": "postal_code",
              "note": "53113 Bonn",
              "postal_code": "53113",
              "postal_code_level": "8",
              "type": "boundary"
            }
          }
        ]
      },
      "geometry": {
        "type": "LineString",
        "coordinates": [
          [
            7.1145416,
            50.7180273
          ],
          [
            7.1165504,
            50.7159957
          ],
          [
            7.120215,
            50.7123221
          ]
        ]
      },
      "id": "way/238225360"
    },
    {
      "type": "Feature",
      "properties": {
        "@id": "way/146707019",
        "@relations": [
          {
            "role": "outer",
            "rel": 1434459,
            "reltags": {
              "boundary": "postal_code",
              "note": "53175 Bonn",
              "postal_code": "53175",
              "postal_code_level": "8",
              "type": "boundary"
            }
          },
          {
            "role": "outer",
            "rel": 1434539,
            "reltags": {
              "boundary": "postal_code",
              "note": "53129 Bonn",
              "postal_code": "53129",
              "postal_code_level": "8",
              "type": "boundary"
            }
          }
        ]
      },
      "geometry": {
        "type": "LineString",
        "coordinates": [
          [
            7.127682,
            50.7048296
          ],
          [
            7.1275639,
            50.7048046
          ],
          [
            7.1272459,
            50.7046526
          ],
          [
            7.1272465,
            50.7046041
          ],
          [
            7.1276587,
            50.7044048
          ],
          [
            7.1272854,
            50.7040584
          ]
        ]
      },
      "id": "way/146707019"
    },
    {
      "type": "Feature",
      "properties": {
        "@id": "way/146705257",
        "@relations": [
          {
            "role": "outer",
            "rel": 1434539,
            "reltags": {
              "boundary": "postal_code",
              "note": "53129 Bonn",
              "postal_code": "53129",
              "postal_code_level": "8",
              "type": "boundary"
            }
          },
          {
            "role": "outer",
            "rel": 1434541,
            "reltags": {
              "boundary": "postal_code",
              "note": "53113 Bonn",
              "postal_code": "53113",
              "postal_code_level": "8",
              "type": "boundary"
            }
          }
        ]
      },
      "geometry": {
        "type": "LineString",
        "coordinates": [
          [
            7.120215,
            50.7123221
          ],
          [
            7.127682,
            50.7048296
          ]
        ]
      },
      "id": "way/146705257"
    },
    {
      "type": "Feature",
      "properties": {
        "@id": "way/236341619",
        "@relations": [
          {
            "role": "outer",
            "rel": 1434459,
            "reltags": {
              "boundary": "postal_code",
              "note": "53175 Bonn",
              "postal_code": "53175",
              "postal_code_level": "8",
              "type": "boundary"
            }
          },
          {
            "role": "outer",
            "rel": 1434541,
            "reltags": {
              "boundary": "postal_code",
              "note": "53113 Bonn",
              "postal_code": "53113",
              "postal_code_level": "8",
              "type": "boundary"
            }
          }
        ]
      },
      "geometry": {
        "type": "LineString",
        "coordinates": [
          [
            7.1306855,
            50.7053786
          ],
          [
            7.1308438,
            50.7052845
          ],
          [
            7.1285951,
            50.7039695
          ],
          [
            7.127682,
            50.7048296
          ]
        ]
      },
      "id": "way/236341619"
    },
    {
      "type": "Feature",
      "properties": {
        "@id": "way/1170481657",
        "@relations": [
          {
            "role": "outer",
            "rel": 1434546,
            "reltags": {
              "boundary": "postal_code",
              "name": "53123 Bonn",
              "note": "53123 Bonn",
              "postal_code": "53123",
              "postal_code_level": "8",
              "type": "boundary"
            }
          }
        ]
      },
      "geometry": {
        "type": "LineString",
        "coordinates": [
          [
            7.0336581,
            50.715597
          ],
          [
            7.0344918,
            50.7160717
          ],
          [
            7.0336235,
            50.7168238
          ],
          [
            7.0342232,
            50.7171069
          ],
          [
            7.0340314,
            50.7172516
          ],
          [
            7.0353798,
            50.7177488
          ],
          [
            7.0361038,
            50.7179586
          ],
          [
            7.0364505,
            50.7181305
          ],
          [
            7.0375875,
            50.717235
          ]
        ]
      },
      "id": "way/1170481657"
    },
    {
      "type": "Feature",
      "properties": {
        "@id": "way/32944911",
        "@relations": [
          {
            "role": "outer",
            "rel": 1434546,
            "reltags": {
              "boundary": "postal_code",
              "name": "53123 Bonn",
              "note": "53123 Bonn",
              "postal_code": "53123",
              "postal_code_level": "8",
              "type": "boundary"
            }
          }
        ]
      },
      "geometry": {
        "type": "LineString",
        "coordinates": [
          [
            7.0403043,
            50.7188841
          ],
          [
            7.0392544,
            50.7198236
          ],
          [
            7.039014,
            50.7196965
          ],
          [
            7.0389233,
            50.7196549
          ],
          [
            7.0384263,
            50.7200336
          ],
          [
            7.0385403,
            50.7202463
          ],
          [
            7.0372208,
            50.721273
          ],
          [
            7.0371031,
            50.7212177
          ],
          [
            7.036629,
            50.7215693
          ],
          [
            7.0352705,
            50.7225142
          ],
          [
            7.032934,
            50.7239995
          ],
          [
            7.0331702,
            50.7242879
          ],
          [
            7.0333032,
            50.724471
          ],
          [
            7.0334745,
            50.7247353
          ],
          [
            7.0335842,
            50.7249254
          ],
          [
            7.0337198,
            50.7251951
          ],
          [
            7.0338229,
            50.7254586
          ],
          [
            7.0316115,
            50.7258151
          ],
          [
            7.0303833,
            50.7260008
          ],
          [
            7.0296343,
            50.726082
          ]
        ]
      },
      "id": "way/32944911"
    },
    {
      "type": "Feature",
      "properties": {
        "@id": "way/182068645",
        "@relations": [
          {
            "role": "outer",
            "rel": 1434546,
            "reltags": {
              "boundary": "postal_code",
              "name": "53123 Bonn",
              "note": "53123 Bonn",
              "postal_code": "53123",
              "postal_code_level": "8",
              "type": "boundary"
            }
          }
        ]
      },
      "geometry": {
        "type": "LineString",
        "coordinates": [
          [
            7.0296343,
            50.726082
          ],
          [
            7.0300037,
            50.7267598
          ],
          [
            7.0303283,
            50.7272674
          ],
          [
            7.03064,
            50.7276488
          ],
          [
            7.0312267,
            50.7284364
          ],
          [
            7.031414,
            50.7287146
          ],
          [
            7.0315141,
            50.72894
          ],
          [
            7.0316283,
            50.729344
          ],
          [
            7.0316552,
            50.729604
          ],
          [
            7.0316263,
            50.7299515
          ],
          [
            7.0314979,
            50.730528
          ],
          [
            7.0314782,
            50.7307163
          ],
          [
            7.0315651,
            50.7310271
          ],
          [
            7.0320161,
            50.7321369
          ],
          [
            7.0334359,
            50.7318969
          ],
          [
            7.033458,
            50.7321107
          ],
          [
            7.0334332,
            50.7325
          ],
          [
            7.0333382,
            50.7328432
          ],
          [
            7.0331091,
            50.7333394
          ]
        ]
      },
      "id": "way/182068645"
    },
    {
      "type": "Feature",
      "properties": {
        "@id": "way/238510615",
        "@relations": [
          {
            "role": "outer",
            "rel": 1434546,
            "reltags": {
              "boundary": "postal_code",
              "name": "53123 Bonn",
              "note": "53123 Bonn",
              "postal_code": "53123",
              "postal_code_level": "8",
              "type": "boundary"
            }
          }
        ]
      },
      "geometry": {
        "type": "LineString",
        "coordinates": [
          [
            7.0375875,
            50.717235
          ],
          [
            7.0384377,
            50.7177157
          ],
          [
            7.0386845,
            50.7178762
          ],
          [
            7.0391111,
            50.718123
          ],
          [
            7.0393041,
            50.7182621
          ],
          [
            7.039626,
            50.7184837
          ],
          [
            7.0403307,
            50.7188577
          ],
          [
            7.0403043,
            50.7188841
          ]
        ]
      },
      "id": "way/238510615"
    },
    {
      "type": "Feature",
      "properties": {
        "@id": "way/32944713",
        "@relations": [
          {
            "role": "outer",
            "rel": 1434470,
            "reltags": {
              "boundary": "postal_code",
              "note": "53225 Bonn",
              "postal_code": "53225",
              "postal_code_level": "8",
              "type": "boundary"
            }
          }
        ]
      },
      "geometry": {
        "type": "LineString",
        "coordinates": [
          [
            7.0771987,
            50.768707
          ],
          [
            7.0779264,
            50.7686122
          ],
          [
            7.0798141,
            50.7682423
          ],
          [
            7.0810469,
            50.7680013
          ],
          [
            7.0820128,
            50.7677913
          ],
          [
            7.0830816,
            50.7674373
          ],
          [
            7.0838415,
            50.7670974
          ],
          [
            7.0847754,
            50.7666854
          ],
          [
            7.0863021,
            50.7658535
          ],
          [
            7.087497,
            50.7652056
          ],
          [
            7.0876519,
            50.7651286
          ],
          [
            7.0890847,
            50.7643777
          ],
          [
            7.0894157,
            50.7642287
          ],
          [
            7.0914334,
            50.7632978
          ],
          [
            7.0915604,
            50.7632408
          ],
          [
            7.0928252,
            50.7627979
          ],
          [
            7.0949219,
            50.762127
          ],
          [
            7.0957405,
            50.7618754
          ],
          [
            7.096866,
            50.7616544
          ],
          [
            7.0979404,
            50.76157
          ],
          [
            7.0987533,
            50.761555
          ],
          [
            7.0998311,
            50.761558
          ],
          [
            7.100524,
            50.761562
          ],
          [
            7.1025288,
            50.761799
          ],
          [
            7.1036104,
            50.7620075
          ],
          [
            7.1041285,
            50.762157
          ],
          [
            7.1048904,
            50.7623599
          ],
          [
            7.1053233,
            50.7625199
          ],
          [
            7.1060312,
            50.7628559
          ],
          [
            7.1062992,
            50.7630229
          ],
          [
            7.1066281,
            50.7633098
          ],
          [
            7.1067971,
            50.7634928
          ],
          [
            7.1069571,
            50.7637248
          ],
          [
            7.1071561,
            50.7642057
          ],
          [
            7.1072041,
            50.7644157
          ],
          [
            7.1073656,
            50.7649021
          ],
          [
            7.1074614,
            50.7654236
          ],
          [
            7.107494,
            50.7656625
          ],
          [
            7.1075146,
            50.7657941
          ]
        ]
      },
      "id": "way/32944713"
    },
    {
      "type": "Feature",
      "properties": {
        "@id": "way/100321464",
        "@relations": [
          {
            "role": "outer",
            "rel": 1434542,
            "reltags": {
              "boundary": "postal_code",
              "note": "53121 Bonn",
              "postal_code": "53121",
              "postal_code_level": "8",
              "ref": "53121",
              "type": "boundary"
            }
          },
          {
            "role": "outer",
            "rel": 1434546,
            "reltags": {
              "boundary": "postal_code",
              "name": "53123 Bonn",
              "note": "53123 Bonn",
              "postal_code": "53123",
              "postal_code_level": "8",
              "type": "boundary"
            }
          }
        ]
      },
      "geometry": {
        "type": "LineString",
        "coordinates": [
          [
            7.0675192,
            50.71647
          ],
          [
            7.0666225,
            50.7177146
          ],
          [
            7.0656276,
            50.7188574
          ],
          [
            7.0647332,
            50.7196765
          ],
          [
            7.0625047,
            50.7215932
          ],
          [
            7.0604291,
            50.7232361
          ],
          [
            7.0586325,
            50.7246785
          ],
          [
            7.0577163,
            50.7257352
          ],
          [
            7.0567432,
            50.726521
          ],
          [
            7.0563332,
            50.7274099
          ],
          [
            7.0557583,
            50.7286573
          ],
          [
            7.0558655,
            50.729199
          ],
          [
            7.0543071,
            50.7291609
          ],
          [
            7.0508363,
            50.7290731
          ],
          [
            7.0506711,
            50.7294279
          ],
          [
            7.0498564,
            50.7297674
          ],
          [
            7.0489139,
            50.7300574
          ],
          [
            7.0470473,
            50.7304159
          ],
          [
            7.0467534,
            50.730779
          ],
          [
            7.0459129,
            50.7308877
          ],
          [
            7.0461019,
            50.7313197
          ],
          [
            7.0470734,
            50.7321198
          ],
          [
            7.0469808,
            50.7321934
          ],
          [
            7.0452009,
            50.7331495
          ],
          [
            7.0451074,
            50.7332093
          ],
          [
            7.0455643,
            50.7342703
          ],
          [
            7.0432296,
            50.7344761
          ],
          [
            7.0388851,
            50.7338187
          ],
          [
            7.0333483,
            50.7338447
          ]
        ]
      },
      "id": "way/100321464"
    },
    {
      "type": "Feature",
      "properties": {
        "@id": "way/100321470",
        "@relations": [
          {
            "role": "outer",
            "rel": 1434471,
            "reltags": {
              "boundary": "postal_code",
              "note": "53117 Bonn",
              "postal_code": "53117",
              "postal_code_level": "8",
              "type": "boundary"
            }
          },
          {
            "role": "outer",
            "rel": 1434472,
            "reltags": {
              "boundary": "postal_code",
              "note": "53119 Bonn",
              "postal_code": "53119",
              "postal_code_level": "8",
              "type": "boundary"
            }
          }
        ]
      },
      "geometry": {
        "type": "LineString",
        "coordinates": [
          [
            7.0893985,
            50.7437851
          ],
          [
            7.0887234,
            50.7431496
          ],
          [
            7.0879654,
            50.7426486
          ],
          [
            7.0873173,
            50.7429986
          ],
          [
            7.0865263,
            50.7425124
          ],
          [
            7.0845382,
            50.7439164
          ],
          [
            7.0839408,
            50.7443327
          ],
          [
            7.0853519,
            50.7450974
          ],
          [
            7.0855134,
            50.7454416
          ],
          [
            7.0851724,
            50.7456454
          ],
          [
            7.0849783,
            50.7455209
          ],
          [
            7.0845266,
            50.7457889
          ],
          [
            7.0835969,
            50.7453665
          ],
          [
            7.0832553,
            50.7456651
          ],
          [
            7.0834985,
            50.7457755
          ],
          [
            7.0824425,
            50.7463722
          ],
          [
            7.0819294,
            50.746136
          ],
          [
            7.0817134,
            50.7463285
          ],
          [
            7.0808677,
            50.7469228
          ],
          [
            7.0805353,
            50.746734
          ],
          [
            7.080124,
            50.7470135
          ],
          [
            7.0811163,
            50.7477657
          ],
          [
            7.0808496,
            50.7479568
          ],
          [
            7.080283,
            50.7485343
          ],
          [
            7.0790334,
            50.7478335
          ],
          [
            7.0768261,
            50.7489911
          ],
          [
            7.0741228,
            50.7476348
          ],
          [
            7.0737684,
            50.7472273
          ],
          [
            7.0727577,
            50.7467879
          ],
          [
            7.0718052,
            50.747261
          ],
          [
            7.06877,
            50.748127
          ],
          [
            7.0661769,
            50.7487373
          ],
          [
            7.0607028,
            50.7499552
          ],
          [
            7.0576591,
            50.7506309
          ],
          [
            7.0547355,
            50.751459
          ],
          [
            7.0572781,
            50.7537736
          ],
          [
            7.0592038,
            50.7555148
          ],
          [
            7.0602822,
            50.7569705
          ],
          [
            7.05922,
            50.7575746
          ],
          [
            7.0585227,
            50.7567194
          ],
          [
            7.0579755,
            50.7563529
          ],
          [
            7.0589685,
            50.7557293
          ],
          [
            7.0585127,
            50.7552841
          ],
          [
            7.0581686,
            50.7549479
          ],
          [
            7.0564198,
            50.7536854
          ],
          [
            7.0542489,
            50.7516354
          ],
          [
            7.049501,
            50.7536088
          ],
          [
            7.0457862,
            50.7550927
          ],
          [
            7.0430609,
            50.7564046
          ],
          [
            7.0429593,
            50.7562858
          ],
          [
            7.0433357,
            50.75594
          ],
          [
            7.043116,
            50.7555876
          ],
          [
            7.0430942,
            50.7551595
          ],
          [
            7.0434217,
            50.7547336
          ],
          [
            7.0436632,
            50.7544542
          ],
          [
            7.043378,
            50.7543308
          ],
          [
            7.0433671,
            50.754165
          ],
          [
            7.0435244,
            50.7539948
          ],
          [
            7.0435927,
            50.7532902
          ],
          [
            7.0415292,
            50.7532124
          ],
          [
            7.0400119,
            50.7531893
          ],
          [
            7.0400058,
            50.7533802
          ],
          [
            7.0397095,
            50.7534288
          ],
          [
            7.0396354,
            50.7533372
          ]
        ]
      },
      "id": "way/100321470"
    },
    {
      "type": "Feature",
      "properties": {
        "@id": "way/142374066",
        "@relations": [
          {
            "role": "outer",
            "rel": 1434470,
            "reltags": {
              "boundary": "postal_code",
              "note": "53225 Bonn",
              "postal_code": "53225",
              "postal_code_level": "8",
              "type": "boundary"
            }
          },
          {
            "role": "outer",
            "rel": 1434471,
            "reltags": {
              "boundary": "postal_code",
              "note": "53117 Bonn",
              "postal_code": "53117",
              "postal_code_level": "8",
              "type": "boundary"
            }
          }
        ]
      },
      "geometry": {
        "type": "LineString",
        "coordinates": [
          [
            7.0757871,
            50.7672687
          ],
          [
            7.0800871,
            50.7654075
          ],
          [
            7.0847004,
            50.7630324
          ],
          [
            7.0868928,
            50.7616165
          ],
          [
            7.0893618,
            50.7606345
          ],
          [
            7.0911949,
            50.7599054
          ]
        ]
      },
      "id": "way/142374066"
    },
    {
      "type": "Feature",
      "properties": {
        "@id": "way/41438088",
        "@relations": [
          {
            "role": "outer",
            "rel": 1434546,
            "reltags": {
              "boundary": "postal_code",
              "name": "53123 Bonn",
              "note": "53123 Bonn",
              "postal_code": "53123",
              "postal_code_level": "8",
              "type": "boundary"
            }
          }
        ]
      },
      "geometry": {
        "type": "LineString",
        "coordinates": [
          [
            7.0331091,
            50.7333394
          ],
          [
            7.032901,
            50.7337703
          ],
          [
            7.0328511,
            50.7337761
          ],
          [
            7.0333483,
            50.7338447
          ]
        ]
      },
      "id": "way/41438088"
    },
    {
      "type": "Feature",
      "properties": {
        "@id": "way/100329729",
        "@relations": [
          {
            "role": "outer",
            "rel": 1434542,
            "reltags": {
              "boundary": "postal_code",
              "note": "53121 Bonn",
              "postal_code": "53121",
              "postal_code_level": "8",
              "ref": "53121",
              "type": "boundary"
            }
          }
        ]
      },
      "geometry": {
        "type": "LineString",
        "coordinates": [
          [
            7.0333483,
            50.7338447
          ],
          [
            7.0333042,
            50.7339748
          ],
          [
            7.0332434,
            50.733975
          ],
          [
            7.0332057,
            50.7339771
          ],
          [
            7.0331566,
            50.7339971
          ],
          [
            7.0331182,
            50.7340352
          ],
          [
            7.0330623,
            50.7341659
          ],
          [
            7.0329177,
            50.7347292
          ],
          [
            7.0328625,
            50.7348632
          ],
          [
            7.0328673,
            50.7349482
          ],
          [
            7.0329904,
            50.7350623
          ],
          [
            7.033113,
            50.7352236
          ],
          [
            7.033245,
            50.7354547
          ],
          [
            7.0333392,
            50.7357425
          ],
          [
            7.0334381,
            50.7359694
          ],
          [
            7.033544,
            50.7363147
          ],
          [
            7.033545,
            50.7364611
          ],
          [
            7.0336009,
            50.7365561
          ]
        ]
      },
      "id": "way/100329729"
    },
    {
      "type": "Feature",
      "properties": {
        "@id": "way/182068648",
        "@relations": [
          {
            "role": "outer",
            "rel": 1434542,
            "reltags": {
              "boundary": "postal_code",
              "note": "53121 Bonn",
              "postal_code": "53121",
              "postal_code_level": "8",
              "ref": "53121",
              "type": "boundary"
            }
          }
        ]
      },
      "geometry": {
        "type": "LineString",
        "coordinates": [
          [
            7.0336009,
            50.7365561
          ],
          [
            7.033271,
            50.7365772
          ],
          [
            7.0333689,
            50.7368298
          ],
          [
            7.0334315,
            50.7368166
          ],
          [
            7.0335045,
            50.737078
          ],
          [
            7.0334828,
            50.7371062
          ],
          [
            7.0335305,
            50.7371941
          ],
          [
            7.0335818,
            50.7371847
          ],
          [
            7.0340842,
            50.7384979
          ],
          [
            7.0342185,
            50.738824
          ],
          [
            7.0346078,
            50.7396469
          ],
          [
            7.0347452,
            50.7400084
          ],
          [
            7.0347204,
            50.7400734
          ],
          [
            7.0349719,
            50.7411817
          ],
          [
            7.0349932,
            50.7413145
          ],
          [
            7.0349985,
            50.7415759
          ],
          [
            7.0349719,
            50.7419316
          ],
          [
            7.0349181,
            50.7423118
          ],
          [
            7.0348766,
            50.7423116
          ],
          [
            7.0348867,
            50.7423594
          ],
          [
            7.0349123,
            50.7424015
          ],
          [
            7.034957,
            50.7424197
          ],
          [
            7.0350741,
            50.7424032
          ],
          [
            7.0351476,
            50.7424009
          ],
          [
            7.0352922,
            50.7425309
          ],
          [
            7.0352523,
            50.7425347
          ],
          [
            7.0355561,
            50.7441308
          ],
          [
            7.035978,
            50.7454521
          ],
          [
            7.0360168,
            50.7454467
          ],
          [
            7.0360387,
            50.7455191
          ],
          [
            7.0359996,
            50.7455229
          ],
          [
            7.0361534,
            50.7460323
          ],
          [
            7.0362436,
            50.7464212
          ],
          [
            7.0362987,
            50.7464072
          ],
          [
            7.0363329,
            50.7464681
          ]
        ]
      },
      "id": "way/182068648"
    },
    {
      "type": "Feature",
      "properties": {
        "@id": "way/100321439",
        "@relations": [
          {
            "role": "outer",
            "rel": 1434542,
            "reltags": {
              "boundary": "postal_code",
              "note": "53121 Bonn",
              "postal_code": "53121",
              "postal_code_level": "8",
              "ref": "53121",
              "type": "boundary"
            }
          },
          {
            "role": "outer",
            "rel": 1434543,
            "reltags": {
              "boundary": "postal_code",
              "note": "53127 Bonn",
              "postal_code": "53127",
              "postal_code_level": "8",
              "type": "boundary"
            }
          }
        ]
      },
      "geometry": {
        "type": "LineString",
        "coordinates": [
          [
            7.0776209,
            50.7199293
          ],
          [
            7.0755018,
            50.7191553
          ],
          [
            7.0745426,
            50.7188484
          ],
          [
            7.0735022,
            50.7185562
          ],
          [
            7.0726679,
            50.7183024
          ],
          [
            7.07181,
            50.7180506
          ],
          [
            7.0711841,
            50.7178592
          ],
          [
            7.0700399,
            50.7175045
          ],
          [
            7.0689821,
            50.7171261
          ],
          [
            7.0675192,
            50.71647
          ]
        ]
      },
      "id": "way/100321439"
    },
    {
      "type": "Feature",
      "properties": {
        "@id": "way/100321505",
        "@relations": [
          {
            "role": "outer",
            "rel": 1434540,
            "reltags": {
              "boundary": "postal_code",
              "note": "53115 Bonn",
              "postal_code": "53115",
              "postal_code_level": "8",
              "type": "boundary"
            }
          },
          {
            "role": "outer",
            "rel": 1434542,
            "reltags": {
              "boundary": "postal_code",
              "note": "53121 Bonn",
              "postal_code": "53121",
              "postal_code_level": "8",
              "ref": "53121",
              "type": "boundary"
            }
          }
        ]
      },
      "geometry": {
        "type": "LineString",
        "coordinates": [
          [
            7.0776209,
            50.7199293
          ],
          [
            7.0784177,
            50.7203556
          ],
          [
            7.0791868,
            50.7208174
          ],
          [
            7.0800539,
            50.7214325
          ],
          [
            7.078813,
            50.7219488
          ],
          [
            7.0794335,
            50.7224554
          ],
          [
            7.0790398,
            50.7231506
          ],
          [
            7.0785829,
            50.7231471
          ],
          [
            7.0778175,
            50.7234581
          ],
          [
            7.0775449,
            50.7232328
          ],
          [
            7.0773135,
            50.7233554
          ],
          [
            7.077567,
            50.7236169
          ],
          [
            7.077044,
            50.723868
          ],
          [
            7.0766749,
            50.7243952
          ],
          [
            7.0765217,
            50.7245048
          ],
          [
            7.0774553,
            50.7250505
          ],
          [
            7.0761707,
            50.7260274
          ],
          [
            7.075949,
            50.7263291
          ],
          [
            7.0756956,
            50.7265358
          ],
          [
            7.0751679,
            50.7269355
          ],
          [
            7.075426,
            50.7270583
          ],
          [
            7.0755897,
            50.7270481
          ],
          [
            7.0757476,
            50.7269398
          ],
          [
            7.076,
            50.727048
          ],
          [
            7.0764348,
            50.7266894
          ],
          [
            7.0762261,
            50.726581
          ],
          [
            7.0765286,
            50.7263176
          ],
          [
            7.0769917,
            50.72654
          ],
          [
            7.077925,
            50.7257456
          ],
          [
            7.077528,
            50.72555
          ],
          [
            7.0777199,
            50.7253833
          ],
          [
            7.0780417,
            50.7251574
          ],
          [
            7.0783289,
            50.725315
          ],
          [
            7.0790272,
            50.7254173
          ],
          [
            7.0797293,
            50.7259992
          ],
          [
            7.0798675,
            50.7259223
          ],
          [
            7.0812902,
            50.7267344
          ],
          [
            7.0814923,
            50.7271934
          ],
          [
            7.0795909,
            50.728376
          ],
          [
            7.0781187,
            50.7290574
          ],
          [
            7.0773582,
            50.7294482
          ],
          [
            7.076063,
            50.7301995
          ],
          [
            7.0752869,
            50.7308623
          ],
          [
            7.075938,
            50.7319546
          ],
          [
            7.0774618,
            50.73215
          ],
          [
            7.0778829,
            50.732347
          ],
          [
            7.0772073,
            50.732892
          ],
          [
            7.0806448,
            50.7346425
          ],
          [
            7.0807724,
            50.7345351
          ],
          [
            7.080813,
            50.7345012
          ],
          [
            7.0812691,
            50.734727
          ],
          [
            7.081252,
            50.7347404
          ],
          [
            7.0810854,
            50.7348713
          ],
          [
            7.0824809,
            50.7356671
          ],
          [
            7.085996,
            50.7354622
          ]
        ]
      },
      "id": "way/100321505"
    },
    {
      "type": "Feature",
      "properties": {
        "@id": "way/238391821",
        "@relations": [
          {
            "role": "outer",
            "rel": 1434472,
            "reltags": {
              "boundary": "postal_code",
              "note": "53119 Bonn",
              "postal_code": "53119",
              "postal_code_level": "8",
              "type": "boundary"
            }
          },
          {
            "role": "outer",
            "rel": 1434542,
            "reltags": {
              "boundary": "postal_code",
              "note": "53121 Bonn",
              "postal_code": "53121",
              "postal_code_level": "8",
              "ref": "53121",
              "type": "boundary"
            }
          }
        ]
      },
      "geometry": {
        "type": "LineString",
        "coordinates": [
          [
            7.0549263,
            50.7422946
          ],
          [
            7.0665937,
            50.7396717
          ]
        ]
      },
      "id": "way/238391821"
    },
    {
      "type": "Feature",
      "properties": {
        "@id": "way/22899321",
        "@relations": [
          {
            "role": "outer",
            "rel": 1434472,
            "reltags": {
              "boundary": "postal_code",
              "note": "53119 Bonn",
              "postal_code": "53119",
              "postal_code_level": "8",
              "type": "boundary"
            }
          },
          {
            "role": "outer",
            "rel": 1434542,
            "reltags": {
              "boundary": "postal_code",
              "note": "53121 Bonn",
              "postal_code": "53121",
              "postal_code_level": "8",
              "ref": "53121",
              "type": "boundary"
            }
          }
        ]
      },
      "geometry": {
        "type": "LineString",
        "coordinates": [
          [
            7.0665937,
            50.7396717
          ],
          [
            7.0726378,
            50.7383608
          ]
        ]
      },
      "id": "way/22899321"
    },
    {
      "type": "Feature",
      "properties": {
        "@id": "way/286556045",
        "@relations": [
          {
            "role": "outer",
            "rel": 1434472,
            "reltags": {
              "boundary": "postal_code",
              "note": "53119 Bonn",
              "postal_code": "53119",
              "postal_code_level": "8",
              "type": "boundary"
            }
          },
          {
            "role": "outer",
            "rel": 1434542,
            "reltags": {
              "boundary": "postal_code",
              "note": "53121 Bonn",
              "postal_code": "53121",
              "postal_code_level": "8",
              "ref": "53121",
              "type": "boundary"
            }
          }
        ]
      },
      "geometry": {
        "type": "LineString",
        "coordinates": [
          [
            7.0730148,
            50.7382785
          ],
          [
            7.0732841,
            50.7387563
          ],
          [
            7.0742195,
            50.7394667
          ],
          [
            7.072561,
            50.7400412
          ],
          [
            7.0749726,
            50.7403385
          ],
          [
            7.0750667,
            50.7401527
          ],
          [
            7.0749708,
            50.7401307
          ],
          [
            7.0750237,
            50.7400247
          ],
          [
            7.0753405,
            50.7401213
          ],
          [
            7.0759457,
            50.7403059
          ],
          [
            7.0754764,
            50.7399339
          ],
          [
            7.0761421,
            50.7394378
          ],
          [
            7.0754948,
            50.7390814
          ],
          [
            7.0753422,
            50.7389208
          ],
          [
            7.0775021,
            50.7376516
          ],
          [
            7.085996,
            50.7354622
          ]
        ]
      },
      "id": "way/286556045"
    },
    {
      "type": "Feature",
      "properties": {
        "@id": "way/22899329",
        "@relations": [
          {
            "role": "outer",
            "rel": 1434472,
            "reltags": {
              "boundary": "postal_code",
              "note": "53119 Bonn",
              "postal_code": "53119",
              "postal_code_level": "8",
              "type": "boundary"
            }
          },
          {
            "role": "outer",
            "rel": 1434542,
            "reltags": {
              "boundary": "postal_code",
              "note": "53121 Bonn",
              "postal_code": "53121",
              "postal_code_level": "8",
              "ref": "53121",
              "type": "boundary"
            }
          }
        ]
      },
      "geometry": {
        "type": "LineString",
        "coordinates": [
          [
            7.0726378,
            50.7383608
          ],
          [
            7.0730148,
            50.7382785
          ]
        ]
      },
      "id": "way/22899329"
    },
    {
      "type": "Feature",
      "properties": {
        "@id": "way/22897824",
        "@relations": [
          {
            "role": "outer",
            "rel": 1434472,
            "reltags": {
              "boundary": "postal_code",
              "note": "53119 Bonn",
              "postal_code": "53119",
              "postal_code_level": "8",
              "type": "boundary"
            }
          },
          {
            "role": "outer",
            "rel": 1434542,
            "reltags": {
              "boundary": "postal_code",
              "note": "53121 Bonn",
              "postal_code": "53121",
              "postal_code_level": "8",
              "ref": "53121",
              "type": "boundary"
            }
          }
        ]
      },
      "geometry": {
        "type": "LineString",
        "coordinates": [
          [
            7.0363329,
            50.7464681
          ],
          [
            7.0406144,
            50.7455112
          ]
        ]
      },
      "id": "way/22897824"
    },
    {
      "type": "Feature",
      "properties": {
        "@id": "way/41434017",
        "@relations": [
          {
            "role": "outer",
            "rel": 1434472,
            "reltags": {
              "boundary": "postal_code",
              "note": "53119 Bonn",
              "postal_code": "53119",
              "postal_code_level": "8",
              "type": "boundary"
            }
          }
        ]
      },
      "geometry": {
        "type": "LineString",
        "coordinates": [
          [
            7.0363329,
            50.7464681
          ],
          [
            7.0363878,
            50.746585
          ],
          [
            7.0367512,
            50.7465069
          ],
          [
            7.0368051,
            50.7466769
          ],
          [
            7.0367432,
            50.7471586
          ],
          [
            7.0366238,
            50.7475651
          ],
          [
            7.0365272,
            50.747767
          ],
          [
            7.0363744,
            50.747829
          ],
          [
            7.0362335,
            50.7481124
          ],
          [
            7.0366734,
            50.7481412
          ],
          [
            7.0367995,
            50.7481429
          ],
          [
            7.0371602,
            50.7480946
          ],
          [
            7.0375746,
            50.7488888
          ],
          [
            7.0378357,
            50.7493166
          ],
          [
            7.0378608,
            50.7493111
          ],
          [
            7.0383839,
            50.7500337
          ],
          [
            7.038332,
            50.750046
          ],
          [
            7.0383022,
            50.7500568
          ],
          [
            7.0383638,
            50.7501156
          ],
          [
            7.0382837,
            50.7501053
          ],
          [
            7.0372446,
            50.7504989
          ],
          [
            7.0367538,
            50.7506861
          ],
          [
            7.036733,
            50.7507321
          ],
          [
            7.0387496,
            50.7525177
          ]
        ]
      },
      "id": "way/41434017"
    },
    {
      "type": "Feature",
      "properties": {
        "@id": "way/238394718",
        "@relations": [
          {
            "role": "outer",
            "rel": 1434471,
            "reltags": {
              "boundary": "postal_code",
              "note": "53117 Bonn",
              "postal_code": "53117",
              "postal_code_level": "8",
              "type": "boundary"
            }
          }
        ]
      },
      "geometry": {
        "type": "LineString",
        "coordinates": [
          [
            7.0396354,
            50.7533372
          ],
          [
            7.0384184,
            50.7541508
          ],
          [
            7.0384397,
            50.7541955
          ],
          [
            7.0383729,
            50.7542382
          ],
          [
            7.0382538,
            50.7542603
          ],
          [
            7.0368756,
            50.755181
          ]
        ]
      },
      "id": "way/238394718"
    },
    {
      "type": "Feature",
      "properties": {
        "@id": "way/236498149",
        "@relations": [
          {
            "role": "outer",
            "rel": 1434472,
            "reltags": {
              "boundary": "postal_code",
              "note": "53119 Bonn",
              "postal_code": "53119",
              "postal_code_level": "8",
              "type": "boundary"
            }
          },
          {
            "role": "outer",
            "rel": 1434542,
            "reltags": {
              "boundary": "postal_code",
              "note": "53121 Bonn",
              "postal_code": "53121",
              "postal_code_level": "8",
              "ref": "53121",
              "type": "boundary"
            }
          }
        ]
      },
      "geometry": {
        "type": "LineString",
        "coordinates": [
          [
            7.0451888,
            50.7444846
          ],
          [
            7.0501678,
            50.7433684
          ]
        ]
      },
      "id": "way/236498149"
    },
    {
      "type": "Feature",
      "properties": {
        "@id": "way/238394714",
        "@relations": [
          {
            "role": "outer",
            "rel": 1434472,
            "reltags": {
              "boundary": "postal_code",
              "note": "53119 Bonn",
              "postal_code": "53119",
              "postal_code_level": "8",
              "type": "boundary"
            }
          },
          {
            "role": "outer",
            "rel": 1434542,
            "reltags": {
              "boundary": "postal_code",
              "note": "53121 Bonn",
              "postal_code": "53121",
              "postal_code_level": "8",
              "ref": "53121",
              "type": "boundary"
            }
          }
        ]
      },
      "geometry": {
        "type": "LineString",
        "coordinates": [
          [
            7.0406144,
            50.7455112
          ],
          [
            7.0451888,
            50.7444846
          ]
        ]
      },
      "id": "way/238394714"
    },
    {
      "type": "Feature",
      "properties": {
        "@id": "way/692749593",
        "@relations": [
          {
            "role": "outer",
            "rel": 1434472,
            "reltags": {
              "boundary": "postal_code",
              "note": "53119 Bonn",
              "postal_code": "53119",
              "postal_code_level": "8",
              "type": "boundary"
            }
          },
          {
            "role": "outer",
            "rel": 1434542,
            "reltags": {
              "boundary": "postal_code",
              "note": "53121 Bonn",
              "postal_code": "53121",
              "postal_code_level": "8",
              "ref": "53121",
              "type": "boundary"
            }
          }
        ]
      },
      "geometry": {
        "type": "LineString",
        "coordinates": [
          [
            7.0501678,
            50.7433684
          ],
          [
            7.0549263,
            50.7422946
          ]
        ]
      },
      "id": "way/692749593"
    },
    {
      "type": "Feature",
      "properties": {
        "@id": "way/866397770",
        "@relations": [
          {
            "role": "outer",
            "rel": 1434472,
            "reltags": {
              "boundary": "postal_code",
              "note": "53119 Bonn",
              "postal_code": "53119",
              "postal_code_level": "8",
              "type": "boundary"
            }
          }
        ]
      },
      "geometry": {
        "type": "LineString",
        "coordinates": [
          [
            7.0387496,
            50.7525177
          ],
          [
            7.0395862,
            50.753255
          ],
          [
            7.039657,
            50.753258
          ],
          [
            7.0397078,
            50.7532888
          ],
          [
            7.0396354,
            50.7533372
          ]
        ]
      },
      "id": "way/866397770"
    },
    {
      "type": "Feature",
      "properties": {
        "@id": "way/37393919",
        "@relations": [
          {
            "role": "outer",
            "rel": 1434471,
            "reltags": {
              "boundary": "postal_code",
              "note": "53117 Bonn",
              "postal_code": "53117",
              "postal_code_level": "8",
              "type": "boundary"
            }
          }
        ]
      },
      "geometry": {
        "type": "LineString",
        "coordinates": [
          [
            7.0368756,
            50.755181
          ],
          [
            7.0368685,
            50.7552364
          ],
          [
            7.0393833,
            50.7565981
          ],
          [
            7.0394682,
            50.7565971
          ],
          [
            7.0371471,
            50.7578965
          ],
          [
            7.0370636,
            50.7579058
          ],
          [
            7.0383677,
            50.7590876
          ],
          [
            7.039925,
            50.75817
          ]
        ]
      },
      "id": "way/37393919"
    },
    {
      "type": "Feature",
      "properties": {
        "@id": "way/103156380",
        "@relations": [
          {
            "role": "outer",
            "rel": 1434471,
            "reltags": {
              "boundary": "postal_code",
              "note": "53117 Bonn",
              "postal_code": "53117",
              "postal_code_level": "8",
              "type": "boundary"
            }
          }
        ]
      },
      "geometry": {
        "type": "LineString",
        "coordinates": [
          [
            7.039925,
            50.75817
          ],
          [
            7.0446086,
            50.7617149
          ],
          [
            7.0446031,
            50.7617678
          ],
          [
            7.0446354,
            50.7617482
          ],
          [
            7.0446538,
            50.7617861
          ],
          [
            7.0447386,
            50.7617855
          ],
          [
            7.0463837,
            50.7627544
          ]
        ]
      },
      "id": "way/103156380"
    },
    {
      "type": "Feature",
      "properties": {
        "@id": "way/238394723",
        "@relations": [
          {
            "role": "outer",
            "rel": 1434471,
            "reltags": {
              "boundary": "postal_code",
              "note": "53117 Bonn",
              "postal_code": "53117",
              "postal_code_level": "8",
              "type": "boundary"
            }
          }
        ]
      },
      "geometry": {
        "type": "LineString",
        "coordinates": [
          [
            7.048839,
            50.7636512
          ],
          [
            7.0488851,
            50.7636546
          ],
          [
            7.0488972,
            50.7637088
          ],
          [
            7.0513572,
            50.7651408
          ],
          [
            7.0514153,
            50.7651384
          ],
          [
            7.0528358,
            50.7640357
          ],
          [
            7.0540884,
            50.7646689
          ],
          [
            7.0544783,
            50.7643256
          ],
          [
            7.0551422,
            50.7638099
          ],
          [
            7.0555393,
            50.7635227
          ],
          [
            7.056228,
            50.7630945
          ]
        ]
      },
      "id": "way/238394723"
    },
    {
      "type": "Feature",
      "properties": {
        "@id": "way/958900196",
        "@relations": [
          {
            "role": "outer",
            "rel": 1434471,
            "reltags": {
              "boundary": "postal_code",
              "note": "53117 Bonn",
              "postal_code": "53117",
              "postal_code_level": "8",
              "type": "boundary"
            }
          }
        ]
      },
      "geometry": {
        "type": "LineString",
        "coordinates": [
          [
            7.0463837,
            50.7627544
          ],
          [
            7.0481866,
            50.7638161
          ],
          [
            7.0482028,
            50.7638723
          ],
          [
            7.0485833,
            50.7639081
          ],
          [
            7.0487586,
            50.7637276
          ],
          [
            7.048839,
            50.7636512
          ]
        ]
      },
      "id": "way/958900196"
    },
    {
      "type": "Feature",
      "properties": {
        "@id": "way/41433266",
        "@relations": [
          {
            "role": "outer",
            "rel": 1434471,
            "reltags": {
              "boundary": "postal_code",
              "note": "53117 Bonn",
              "postal_code": "53117",
              "postal_code_level": "8",
              "type": "boundary"
            }
          }
        ]
      },
      "geometry": {
        "type": "LineString",
        "coordinates": [
          [
            7.0621564,
            50.7671293
          ],
          [
            7.0639627,
            50.7683497
          ],
          [
            7.064058,
            50.7683941
          ],
          [
            7.0648024,
            50.7689258
          ],
          [
            7.0651871,
            50.7693402
          ],
          [
            7.0652188,
            50.7693234
          ],
          [
            7.0667005,
            50.7708455
          ]
        ]
      },
      "id": "way/41433266"
    },
    {
      "type": "Feature",
      "properties": {
        "@id": "way/41436625",
        "@relations": [
          {
            "role": "outer",
            "rel": 1434471,
            "reltags": {
              "boundary": "postal_code",
              "note": "53117 Bonn",
              "postal_code": "53117",
              "postal_code_level": "8",
              "type": "boundary"
            }
          }
        ]
      },
      "geometry": {
        "type": "LineString",
        "coordinates": [
          [
            7.056228,
            50.7630945
          ],
          [
            7.0563075,
            50.76311
          ],
          [
            7.0576772,
            50.7640598
          ],
          [
            7.0589955,
            50.7648114
          ],
          [
            7.0597257,
            50.7653119
          ],
          [
            7.060782,
            50.7660954
          ],
          [
            7.0614731,
            50.766678
          ],
          [
            7.0616701,
            50.766818
          ],
          [
            7.0621564,
            50.7671293
          ]
        ]
      },
      "id": "way/41436625"
    },
    {
      "type": "Feature",
      "properties": {
        "@id": "way/32944907",
        "@relations": [
          {
            "role": "outer",
            "rel": 1434470,
            "reltags": {
              "boundary": "postal_code",
              "note": "53225 Bonn",
              "postal_code": "53225",
              "postal_code_level": "8",
              "type": "boundary"
            }
          }
        ]
      },
      "geometry": {
        "type": "LineString",
        "coordinates": [
          [
            7.0757871,
            50.7672687
          ],
          [
            7.0765796,
            50.7680553
          ],
          [
            7.0767253,
            50.7682162
          ],
          [
            7.0771987,
            50.768707
          ]
        ]
      },
      "id": "way/32944907"
    },
    {
      "type": "Feature",
      "properties": {
        "@id": "way/33066247",
        "@relations": [
          {
            "role": "outer",
            "rel": 1434471,
            "reltags": {
              "boundary": "postal_code",
              "note": "53117 Bonn",
              "postal_code": "53117",
              "postal_code_level": "8",
              "type": "boundary"
            }
          }
        ]
      },
      "geometry": {
        "type": "LineString",
        "coordinates": [
          [
            7.0667005,
            50.7708455
          ],
          [
            7.0689837,
            50.7699391
          ],
          [
            7.0714563,
            50.7689782
          ],
          [
            7.0757871,
            50.7672687
          ]
        ]
      },
      "id": "way/33066247"
    },
    {
      "type": "Feature",
      "properties": {
        "@id": "way/100321479",
        "@relations": [
          {
            "role": "outer",
            "rel": 1434471,
            "reltags": {
              "boundary": "postal_code",
              "note": "53117 Bonn",
              "postal_code": "53117",
              "postal_code_level": "8",
              "type": "boundary"
            }
          },
          {
            "role": "outer",
            "rel": 1434477,
            "reltags": {
              "boundary": "postal_code",
              "note": "53111 Bonn",
              "postal_code": "53111",
              "postal_code_level": "8",
              "type": "boundary"
            }
          }
        ]
      },
      "geometry": {
        "type": "LineString",
        "coordinates": [
          [
            7.0893985,
            50.7437851
          ],
          [
            7.0877874,
            50.7443253
          ],
          [
            7.0867412,
            50.7448741
          ],
          [
            7.0873779,
            50.7458687
          ],
          [
            7.0877381,
            50.7470612
          ],
          [
            7.0872309,
            50.7489009
          ],
          [
            7.0906716,
            50.7491391
          ],
          [
            7.0915165,
            50.7486928
          ],
          [
            7.0912622,
            50.7485451
          ],
          [
            7.0911015,
            50.7484518
          ],
          [
            7.0904839,
            50.7481259
          ],
          [
            7.090146,
            50.747532
          ],
          [
            7.0904618,
            50.7474569
          ],
          [
            7.0904791,
            50.747452
          ],
          [
            7.0922106,
            50.7470324
          ],
          [
            7.0924136,
            50.7468598
          ],
          [
            7.0937393,
            50.7470574
          ],
          [
            7.0941215,
            50.747054
          ],
          [
            7.0944812,
            50.7465947
          ],
          [
            7.095657,
            50.7468241
          ],
          [
            7.0954947,
            50.7472211
          ],
          [
            7.0971125,
            50.7475015
          ],
          [
            7.0971441,
            50.7473936
          ],
          [
            7.0972439,
            50.747062
          ],
          [
            7.1063178,
            50.748187
          ]
        ]
      },
      "id": "way/100321479"
    },
    {
      "type": "Feature",
      "properties": {
        "@id": "way/100321409",
        "@relations": [
          {
            "role": "outer",
            "rel": 1434540,
            "reltags": {
              "boundary": "postal_code",
              "note": "53115 Bonn",
              "postal_code": "53115",
              "postal_code_level": "8",
              "type": "boundary"
            }
          },
          {
            "role": "outer",
            "rel": 1434541,
            "reltags": {
              "boundary": "postal_code",
              "note": "53113 Bonn",
              "postal_code": "53113",
              "postal_code_level": "8",
              "type": "boundary"
            }
          }
        ]
      },
      "geometry": {
        "type": "LineString",
        "coordinates": [
          [
            7.0989585,
            50.7220012
          ],
          [
            7.0990485,
            50.7221373
          ],
          [
            7.0970811,
            50.7224587
          ],
          [
            7.0970208,
            50.722337
          ],
          [
            7.0964338,
            50.7224688
          ],
          [
            7.0956411,
            50.7217838
          ],
          [
            7.0948612,
            50.7221119
          ],
          [
            7.0951523,
            50.7223848
          ],
          [
            7.0947349,
            50.7225644
          ],
          [
            7.0949638,
            50.7227873
          ],
          [
            7.0944084,
            50.7228837
          ],
          [
            7.0942979,
            50.7227596
          ],
          [
            7.0941746,
            50.7226356
          ],
          [
            7.093776,
            50.7227847
          ],
          [
            7.0934745,
            50.7226812
          ],
          [
            7.0928916,
            50.7227437
          ],
          [
            7.0930003,
            50.7230022
          ],
          [
            7.0937254,
            50.7230807
          ],
          [
            7.0946508,
            50.7229337
          ],
          [
            7.1002111,
            50.7220378
          ],
          [
            7.1017888,
            50.721697
          ],
          [
            7.1021276,
            50.7222636
          ],
          [
            7.1004139,
            50.7225714
          ],
          [
            7.0995673,
            50.7226426
          ],
          [
            7.0996508,
            50.7231777
          ],
          [
            7.0993936,
            50.7231927
          ],
          [
            7.0993232,
            50.7235893
          ],
          [
            7.0994178,
            50.7236646
          ],
          [
            7.099411,
            50.7238258
          ],
          [
            7.0996996,
            50.72394
          ],
          [
            7.0999069,
            50.7242868
          ],
          [
            7.1001886,
            50.724275
          ],
          [
            7.1001092,
            50.7246293
          ],
          [
            7.0994492,
            50.7247959
          ],
          [
            7.0992258,
            50.7248065
          ],
          [
            7.0992417,
            50.7249352
          ],
          [
            7.0992641,
            50.7249419
          ],
          [
            7.099481,
            50.7250072
          ],
          [
            7.0993209,
            50.7251949
          ],
          [
            7.0994947,
            50.7252522
          ],
          [
            7.0995018,
            50.7253856
          ],
          [
            7.0992069,
            50.7257316
          ],
          [
            7.0990994,
            50.7257103
          ],
          [
            7.0989274,
            50.7258638
          ],
          [
            7.0988864,
            50.7260092
          ],
          [
            7.0987528,
            50.726123
          ],
          [
            7.098885,
            50.7264015
          ],
          [
            7.0998795,
            50.7272991
          ],
          [
            7.0997547,
            50.7274127
          ],
          [
            7.0997478,
            50.7274189
          ],
          [
            7.1002053,
            50.7276217
          ],
          [
            7.1002214,
            50.7276046
          ],
          [
            7.1002515,
            50.7275728
          ],
          [
            7.1003479,
            50.7274707
          ],
          [
            7.1003511,
            50.7274673
          ],
          [
            7.1004403,
            50.7275039
          ],
          [
            7.1005307,
            50.727413
          ],
          [
            7.1013791,
            50.7277145
          ],
          [
            7.1011439,
            50.7279526
          ],
          [
            7.1009341,
            50.7280199
          ],
          [
            7.1007517,
            50.7282079
          ],
          [
            7.1004316,
            50.7280892
          ],
          [
            7.1006185,
            50.7278914
          ],
          [
            7.0996206,
            50.7274901
          ],
          [
            7.0994092,
            50.7276651
          ],
          [
            7.098464,
            50.7275111
          ],
          [
            7.0983851,
            50.7275865
          ],
          [
            7.0975489,
            50.7284755
          ],
          [
            7.0982273,
            50.7289994
          ],
          [
            7.098814,
            50.7286454
          ],
          [
            7.0993081,
            50.7289207
          ],
          [
            7.0994585,
            50.7288397
          ],
          [
            7.1004226,
            50.7295123
          ],
          [
            7.0991659,
            50.7301625
          ],
          [
            7.0997621,
            50.7306411
          ],
          [
            7.1000543,
            50.7304948
          ],
          [
            7.1005414,
            50.7308446
          ],
          [
            7.1001688,
            50.731007
          ],
          [
            7.0990143,
            50.7313037
          ]
        ]
      },
      "id": "way/100321409"
    },
    {
      "type": "Feature",
      "properties": {
        "@id": "way/267741308",
        "@relations": [
          {
            "role": "outer",
            "rel": 1434539,
            "reltags": {
              "boundary": "postal_code",
              "note": "53129 Bonn",
              "postal_code": "53129",
              "postal_code_level": "8",
              "type": "boundary"
            }
          },
          {
            "role": "outer",
            "rel": 1434541,
            "reltags": {
              "boundary": "postal_code",
              "note": "53113 Bonn",
              "postal_code": "53113",
              "postal_code_level": "8",
              "type": "boundary"
            }
          }
        ]
      },
      "geometry": {
        "type": "LineString",
        "coordinates": [
          [
            7.1127422,
            50.7197985
          ],
          [
            7.1121674,
            50.7198109
          ],
          [
            7.1102954,
            50.7202611
          ],
          [
            7.1085721,
            50.7205777
          ],
          [
            7.1057043,
            50.7210888
          ],
          [
            7.1032627,
            50.7214073
          ],
          [
            7.1029973,
            50.7210718
          ],
          [
            7.10007,
            50.7216924
          ],
          [
            7.0989585,
            50.7220012
          ]
        ]
      },
      "id": "way/267741308"
    },
    {
      "type": "Feature",
      "properties": {
        "@id": "way/100321480",
        "@relations": [
          {
            "role": "outer",
            "rel": 1434472,
            "reltags": {
              "boundary": "postal_code",
              "note": "53119 Bonn",
              "postal_code": "53119",
              "postal_code_level": "8",
              "type": "boundary"
            }
          },
          {
            "role": "outer",
            "rel": 1434477,
            "reltags": {
              "boundary": "postal_code",
              "note": "53111 Bonn",
              "postal_code": "53111",
              "postal_code_level": "8",
              "type": "boundary"
            }
          }
        ]
      },
      "geometry": {
        "type": "LineString",
        "coordinates": [
          [
            7.085996,
            50.7354622
          ],
          [
            7.086417,
            50.735861
          ],
          [
            7.0865102,
            50.7360057
          ],
          [
            7.0867275,
            50.7361619
          ],
          [
            7.0869011,
            50.7362323
          ],
          [
            7.0872679,
            50.7365544
          ],
          [
            7.0867841,
            50.7367875
          ],
          [
            7.0868636,
            50.7369495
          ],
          [
            7.0867985,
            50.7369737
          ],
          [
            7.086926,
            50.7371311
          ],
          [
            7.0867885,
            50.7373985
          ],
          [
            7.086841,
            50.7375049
          ],
          [
            7.0871778,
            50.7374392
          ],
          [
            7.0879055,
            50.7387418
          ],
          [
            7.0872885,
            50.7388151
          ],
          [
            7.0875234,
            50.7393482
          ],
          [
            7.0876885,
            50.739723
          ],
          [
            7.0881333,
            50.7408353
          ],
          [
            7.0879237,
            50.7408868
          ],
          [
            7.0878566,
            50.7407846
          ],
          [
            7.0854367,
            50.7415172
          ],
          [
            7.0856466,
            50.7417814
          ],
          [
            7.0862999,
            50.7418867
          ],
          [
            7.0873342,
            50.7420959
          ],
          [
            7.088576,
            50.741652
          ],
          [
            7.0887547,
            50.7419854
          ],
          [
            7.0894388,
            50.7430295
          ],
          [
            7.0899129,
            50.7436299
          ],
          [
            7.0893985,
            50.7437851
          ]
        ]
      },
      "id": "way/100321480"
    },
    {
      "type": "Feature",
      "properties": {
        "@id": "way/100321504",
        "@relations": [
          {
            "role": "outer",
            "rel": 1434477,
            "reltags": {
              "boundary": "postal_code",
              "note": "53111 Bonn",
              "postal_code": "53111",
              "postal_code_level": "8",
              "type": "boundary"
            }
          },
          {
            "role": "outer",
            "rel": 1434540,
            "reltags": {
              "boundary": "postal_code",
              "note": "53115 Bonn",
              "postal_code": "53115",
              "postal_code_level": "8",
              "type": "boundary"
            }
          }
        ]
      },
      "geometry": {
        "type": "LineString",
        "coordinates": [
          [
            7.0990143,
            50.7313037
          ],
          [
            7.085996,
            50.7354622
          ]
        ]
      },
      "id": "way/100321504"
    },
    {
      "type": "Feature",
      "properties": {
        "@id": "way/100321474",
        "@relations": [
          {
            "role": "outer",
            "rel": 1434477,
            "reltags": {
              "boundary": "postal_code",
              "note": "53111 Bonn",
              "postal_code": "53111",
              "postal_code_level": "8",
              "type": "boundary"
            }
          },
          {
            "role": "outer",
            "rel": 1434541,
            "reltags": {
              "boundary": "postal_code",
              "note": "53113 Bonn",
              "postal_code": "53113",
              "postal_code_level": "8",
              "type": "boundary"
            }
          }
        ]
      },
      "geometry": {
        "type": "LineString",
        "coordinates": [
          [
            7.1123027,
            50.7329738
          ],
          [
            7.1081791,
            50.7323252
          ],
          [
            7.1078366,
            50.7323158
          ],
          [
            7.1074264,
            50.7322122
          ],
          [
            7.1072088,
            50.7320526
          ],
          [
            7.1058586,
            50.7344564
          ],
          [
            7.1080851,
            50.7349069
          ],
          [
            7.1075954,
            50.735845
          ],
          [
            7.1072236,
            50.7357797
          ],
          [
            7.1071579,
            50.7358992
          ],
          [
            7.1075387,
            50.7359645
          ],
          [
            7.1074194,
            50.7363474
          ],
          [
            7.1059359,
            50.7361992
          ],
          [
            7.1057262,
            50.7361662
          ],
          [
            7.1056236,
            50.7363507
          ],
          [
            7.105135,
            50.7361894
          ],
          [
            7.1049879,
            50.7363321
          ],
          [
            7.1047519,
            50.7362284
          ],
          [
            7.1051501,
            50.7355004
          ],
          [
            7.1046285,
            50.7353662
          ],
          [
            7.1039499,
            50.7350241
          ],
          [
            7.1035871,
            50.7347975
          ],
          [
            7.1033037,
            50.7349242
          ],
          [
            7.1030555,
            50.7347156
          ],
          [
            7.1028614,
            50.7345814
          ],
          [
            7.1027511,
            50.73468
          ],
          [
            7.1024685,
            50.7345625
          ],
          [
            7.102014,
            50.7346055
          ],
          [
            7.1017433,
            50.7344055
          ],
          [
            7.1012812,
            50.7340335
          ],
          [
            7.1011261,
            50.7341098
          ],
          [
            7.100864,
            50.7339387
          ],
          [
            7.1006024,
            50.733692
          ],
          [
            7.1007974,
            50.733449
          ],
          [
            7.1006541,
            50.7333729
          ],
          [
            7.0999753,
            50.733124
          ],
          [
            7.0997683,
            50.7330481
          ],
          [
            7.0996001,
            50.732772
          ],
          [
            7.099453,
            50.7327332
          ],
          [
            7.0992565,
            50.7324162
          ],
          [
            7.0995402,
            50.7323543
          ],
          [
            7.0995624,
            50.7321799
          ],
          [
            7.0997168,
            50.7321391
          ],
          [
            7.0998502,
            50.7323588
          ],
          [
            7.100001,
            50.7323201
          ],
          [
            7.100545,
            50.7320451
          ],
          [
            7.1004342,
            50.7319467
          ],
          [
            7.0990143,
            50.7313037
          ]
        ]
      },
      "id": "way/100321474"
    },
    {
      "type": "Feature",
      "properties": {
        "@id": "way/22921051",
        "@relations": [
          {
            "role": "outer",
            "rel": 1434539,
            "reltags": {
              "boundary": "postal_code",
              "note": "53129 Bonn",
              "postal_code": "53129",
              "postal_code_level": "8",
              "type": "boundary"
            }
          },
          {
            "role": "outer",
            "rel": 1434541,
            "reltags": {
              "boundary": "postal_code",
              "note": "53113 Bonn",
              "postal_code": "53113",
              "postal_code_level": "8",
              "type": "boundary"
            }
          }
        ]
      },
      "geometry": {
        "type": "LineString",
        "coordinates": [
          [
            7.1127422,
            50.7197985
          ],
          [
            7.1137593,
            50.7188061
          ],
          [
            7.1145416,
            50.7180273
          ]
        ]
      },
      "id": "way/22921051"
    },
    {
      "type": "Feature",
      "properties": {
        "@id": "way/41400875",
        "@relations": [
          {
            "role": "outer",
            "rel": 1434470,
            "reltags": {
              "boundary": "postal_code",
              "note": "53225 Bonn",
              "postal_code": "53225",
              "postal_code_level": "8",
              "type": "boundary"
            }
          },
          {
            "role": "outer",
            "rel": 1434541,
            "reltags": {
              "boundary": "postal_code",
              "note": "53113 Bonn",
              "postal_code": "53113",
              "postal_code_level": "8",
              "type": "boundary"
            }
          }
        ]
      },
      "geometry": {
        "type": "LineString",
        "coordinates": [
          [
            7.1138208,
            50.7297439
          ],
          [
            7.1140835,
            50.7293481
          ],
          [
            7.1144667,
            50.7288256
          ],
          [
            7.1151546,
            50.7279946
          ],
          [
            7.1156411,
            50.7274907
          ],
          [
            7.1162986,
            50.7268416
          ],
          [
            7.1166828,
            50.7265047
          ],
          [
            7.1172552,
            50.7260413
          ],
          [
            7.1181348,
            50.7253787
          ],
          [
            7.1189724,
            50.7248247
          ],
          [
            7.1198975,
            50.7242581
          ]
        ]
      },
      "id": "way/41400875"
    },
    {
      "type": "Feature",
      "properties": {
        "@id": "way/41399224",
        "@relations": [
          {
            "role": "outer",
            "rel": 1434468,
            "reltags": {
              "boundary": "postal_code",
              "note": "53227 Bonn",
              "postal_code": "53227",
              "postal_code_level": "8",
              "type": "boundary"
            }
          },
          {
            "role": "outer",
            "rel": 1434541,
            "reltags": {
              "boundary": "postal_code",
              "note": "53113 Bonn",
              "postal_code": "53113",
              "postal_code_level": "8",
              "type": "boundary"
            }
          }
        ]
      },
      "geometry": {
        "type": "LineString",
        "coordinates": [
          [
            7.1198975,
            50.7242581
          ],
          [
            7.1206162,
            50.723867
          ],
          [
            7.1228611,
            50.722821
          ],
          [
            7.1243084,
            50.7222801
          ]
        ]
      },
      "id": "way/41399224"
    },
    {
      "type": "Feature",
      "properties": {
        "@id": "way/51966850",
        "@relations": [
          {
            "role": "outer",
            "rel": 1434468,
            "reltags": {
              "boundary": "postal_code",
              "note": "53227 Bonn",
              "postal_code": "53227",
              "postal_code_level": "8",
              "type": "boundary"
            }
          },
          {
            "role": "outer",
            "rel": 1434541,
            "reltags": {
              "boundary": "postal_code",
              "note": "53113 Bonn",
              "postal_code": "53113",
              "postal_code_level": "8",
              "type": "boundary"
            }
          }
        ]
      },
      "geometry": {
        "type": "LineString",
        "coordinates": [
          [
            7.1243084,
            50.7222801
          ],
          [
            7.1254092,
            50.7219186
          ],
          [
            7.1267973,
            50.7215268
          ],
          [
            7.1286125,
            50.7211022
          ],
          [
            7.1304522,
            50.7206686
          ]
        ]
      },
      "id": "way/51966850"
    },
    {
      "type": "Feature",
      "properties": {
        "@id": "way/288681678",
        "@relations": [
          {
            "role": "outer",
            "rel": 1434468,
            "reltags": {
              "boundary": "postal_code",
              "note": "53227 Bonn",
              "postal_code": "53227",
              "postal_code_level": "8",
              "type": "boundary"
            }
          },
          {
            "role": "outer",
            "rel": 1434470,
            "reltags": {
              "boundary": "postal_code",
              "note": "53225 Bonn",
              "postal_code": "53225",
              "postal_code_level": "8",
              "type": "boundary"
            }
          }
        ]
      },
      "geometry": {
        "type": "LineString",
        "coordinates": [
          [
            7.1316736,
            50.7326623
          ],
          [
            7.1317437,
            50.7323974
          ],
          [
            7.1320545,
            50.7318959
          ],
          [
            7.1325913,
            50.7304923
          ],
          [
            7.1336401,
            50.7292189
          ],
          [
            7.1331538,
            50.7290376
          ],
          [
            7.1318253,
            50.7298672
          ],
          [
            7.1319405,
            50.7302153
          ],
          [
            7.1316394,
            50.7302891
          ],
          [
            7.1312324,
            50.7295358
          ],
          [
            7.130554,
            50.7290463
          ],
          [
            7.1288922,
            50.7293176
          ],
          [
            7.1285598,
            50.7284883
          ],
          [
            7.1274821,
            50.7286623
          ],
          [
            7.1273097,
            50.7292374
          ],
          [
            7.1269876,
            50.7294634
          ],
          [
            7.1266692,
            50.7293071
          ],
          [
            7.126331,
            50.7295866
          ],
          [
            7.1258725,
            50.7293721
          ],
          [
            7.1265902,
            50.7287821
          ],
          [
            7.1268668,
            50.7289304
          ],
          [
            7.1272164,
            50.7286807
          ],
          [
            7.1265546,
            50.7282978
          ],
          [
            7.1251213,
            50.7273153
          ],
          [
            7.1243929,
            50.7277517
          ],
          [
            7.1248264,
            50.7281809
          ],
          [
            7.1241578,
            50.7285536
          ],
          [
            7.123519,
            50.7277989
          ],
          [
            7.1227371,
            50.7282236
          ],
          [
            7.1222005,
            50.727967
          ],
          [
            7.1225667,
            50.7277458
          ],
          [
            7.1221717,
            50.7275163
          ],
          [
            7.1225369,
            50.7272457
          ],
          [
            7.1223151,
            50.7271207
          ],
          [
            7.1225937,
            50.7269271
          ],
          [
            7.1228951,
            50.7271028
          ],
          [
            7.1232322,
            50.726898
          ],
          [
            7.1226274,
            50.726527
          ],
          [
            7.1230901,
            50.7262889
          ],
          [
            7.1198975,
            50.7242581
          ]
        ]
      },
      "id": "way/288681678"
    },
    {
      "type": "Feature",
      "properties": {
        "@id": "way/236502955",
        "@relations": [
          {
            "role": "outer",
            "rel": 1434470,
            "reltags": {
              "boundary": "postal_code",
              "note": "53225 Bonn",
              "postal_code": "53225",
              "postal_code_level": "8",
              "type": "boundary"
            }
          },
          {
            "role": "outer",
            "rel": 1434541,
            "reltags": {
              "boundary": "postal_code",
              "note": "53113 Bonn",
              "postal_code": "53113",
              "postal_code_level": "8",
              "type": "boundary"
            }
          }
        ]
      },
      "geometry": {
        "type": "LineString",
        "coordinates": [
          [
            7.1123027,
            50.7329738
          ],
          [
            7.1126623,
            50.7320865
          ],
          [
            7.1130749,
            50.7310892
          ],
          [
            7.1135564,
            50.7301748
          ],
          [
            7.1138208,
            50.7297439
          ]
        ]
      },
      "id": "way/236502955"
    },
    {
      "type": "Feature",
      "properties": {
        "@id": "way/146722431",
        "@relations": [
          {
            "role": "outer",
            "rel": 1434470,
            "reltags": {
              "boundary": "postal_code",
              "note": "53225 Bonn",
              "postal_code": "53225",
              "postal_code_level": "8",
              "type": "boundary"
            }
          },
          {
            "role": "outer",
            "rel": 1434477,
            "reltags": {
              "boundary": "postal_code",
              "note": "53111 Bonn",
              "postal_code": "53111",
              "postal_code_level": "8",
              "type": "boundary"
            }
          }
        ]
      },
      "geometry": {
        "type": "LineString",
        "coordinates": [
          [
            7.1087231,
            50.7417236
          ],
          [
            7.1090849,
            50.7407753
          ]
        ]
      },
      "id": "way/146722431"
    },
    {
      "type": "Feature",
      "properties": {
        "@id": "way/146722432",
        "@relations": [
          {
            "role": "outer",
            "rel": 1434470,
            "reltags": {
              "boundary": "postal_code",
              "note": "53225 Bonn",
              "postal_code": "53225",
              "postal_code_level": "8",
              "type": "boundary"
            }
          },
          {
            "role": "outer",
            "rel": 1434477,
            "reltags": {
              "boundary": "postal_code",
              "note": "53111 Bonn",
              "postal_code": "53111",
              "postal_code_level": "8",
              "type": "boundary"
            }
          }
        ]
      },
      "geometry": {
        "type": "LineString",
        "coordinates": [
          [
            7.1111525,
            50.7352676
          ],
          [
            7.1123027,
            50.7329738
          ]
        ]
      },
      "id": "way/146722432"
    },
    {
      "type": "Feature",
      "properties": {
        "@id": "way/236502946",
        "@relations": [
          {
            "role": "outer",
            "rel": 1434470,
            "reltags": {
              "boundary": "postal_code",
              "note": "53225 Bonn",
              "postal_code": "53225",
              "postal_code_level": "8",
              "type": "boundary"
            }
          },
          {
            "role": "outer",
            "rel": 1434477,
            "reltags": {
              "boundary": "postal_code",
              "note": "53111 Bonn",
              "postal_code": "53111",
              "postal_code_level": "8",
              "type": "boundary"
            }
          }
        ]
      },
      "geometry": {
        "type": "LineString",
        "coordinates": [
          [
            7.1100527,
            50.7381979
          ],
          [
            7.1111525,
            50.7352676
          ]
        ]
      },
      "id": "way/236502946"
    },
    {
      "type": "Feature",
      "properties": {
        "@id": "way/238239792",
        "@relations": [
          {
            "role": "outer",
            "rel": 1434470,
            "reltags": {
              "boundary": "postal_code",
              "note": "53225 Bonn",
              "postal_code": "53225",
              "postal_code_level": "8",
              "type": "boundary"
            }
          },
          {
            "role": "outer",
            "rel": 1434477,
            "reltags": {
              "boundary": "postal_code",
              "note": "53111 Bonn",
              "postal_code": "53111",
              "postal_code_level": "8",
              "type": "boundary"
            }
          }
        ]
      },
      "geometry": {
        "type": "LineString",
        "coordinates": [
          [
            7.1090849,
            50.7407753
          ],
          [
            7.1100527,
            50.7381979
          ]
        ]
      },
      "id": "way/238239792"
    },
    {
      "type": "Feature",
      "properties": {
        "@id": "way/34878535",
        "@relations": [
          {
            "role": "outer",
            "rel": 1434468,
            "reltags": {
              "boundary": "postal_code",
              "note": "53227 Bonn",
              "postal_code": "53227",
              "postal_code_level": "8",
              "type": "boundary"
            }
          },
          {
            "role": "outer",
            "rel": 1434470,
            "reltags": {
              "boundary": "postal_code",
              "note": "53225 Bonn",
              "postal_code": "53225",
              "postal_code_level": "8",
              "type": "boundary"
            }
          }
        ]
      },
      "geometry": {
        "type": "LineString",
        "coordinates": [
          [
            7.1316736,
            50.7326623
          ],
          [
            7.1313142,
            50.7331793
          ],
          [
            7.1309682,
            50.733685
          ],
          [
            7.1285581,
            50.7373769
          ],
          [
            7.1278589,
            50.7384326
          ]
        ]
      },
      "id": "way/34878535"
    },
    {
      "type": "Feature",
      "properties": {
        "@id": "way/100321475",
        "@relations": [
          {
            "role": "outer",
            "rel": 1434468,
            "reltags": {
              "boundary": "postal_code",
              "note": "53227 Bonn",
              "postal_code": "53227",
              "postal_code_level": "8",
              "type": "boundary"
            }
          },
          {
            "role": "outer",
            "rel": 1434469,
            "reltags": {
              "boundary": "postal_code",
              "note": "53229 Bonn",
              "postal_code": "53229",
              "postal_code_level": "8",
              "type": "boundary"
            }
          }
        ]
      },
      "geometry": {
        "type": "LineString",
        "coordinates": [
          [
            7.1268808,
            50.7397873
          ],
          [
            7.1277329,
            50.7399836
          ],
          [
            7.1279091,
            50.7400577
          ],
          [
            7.1280105,
            50.7399882
          ],
          [
            7.1299446,
            50.7402918
          ],
          [
            7.12996,
            50.7405122
          ],
          [
            7.1303998,
            50.7406343
          ],
          [
            7.1307861,
            50.7407077
          ],
          [
            7.1312685,
            50.7398031
          ],
          [
            7.1313533,
            50.7396347
          ],
          [
            7.1318678,
            50.739751
          ],
          [
            7.1321212,
            50.7397855
          ],
          [
            7.132243,
            50.739516
          ],
          [
            7.1324245,
            50.7394457
          ],
          [
            7.1329381,
            50.739509
          ],
          [
            7.1332938,
            50.7396074
          ],
          [
            7.1330638,
            50.740043
          ],
          [
            7.1336733,
            50.7401755
          ],
          [
            7.1340455,
            50.7403339
          ],
          [
            7.1345172,
            50.7407811
          ],
          [
            7.133749,
            50.74139
          ],
          [
            7.1344923,
            50.7417721
          ],
          [
            7.1343511,
            50.7418969
          ],
          [
            7.135273,
            50.7424724
          ],
          [
            7.1370064,
            50.7424659
          ],
          [
            7.1370198,
            50.7431476
          ],
          [
            7.1374898,
            50.7433251
          ],
          [
            7.1376986,
            50.743118
          ],
          [
            7.1395557,
            50.7438694
          ],
          [
            7.1396396,
            50.7445623
          ]
        ]
      },
      "id": "way/100321475"
    },
    {
      "type": "Feature",
      "properties": {
        "@id": "way/289556190",
        "@relations": [
          {
            "role": "outer",
            "rel": 1434469,
            "reltags": {
              "boundary": "postal_code",
              "note": "53229 Bonn",
              "postal_code": "53229",
              "postal_code_level": "8",
              "type": "boundary"
            }
          },
          {
            "role": "outer",
            "rel": 1434470,
            "reltags": {
              "boundary": "postal_code",
              "note": "53225 Bonn",
              "postal_code": "53225",
              "postal_code_level": "8",
              "type": "boundary"
            }
          }
        ]
      },
      "geometry": {
        "type": "LineString",
        "coordinates": [
          [
            7.1262328,
            50.7429565
          ],
          [
            7.1261844,
            50.7426551
          ],
          [
            7.1261205,
            50.7424219
          ],
          [
            7.1261127,
            50.7422255
          ],
          [
            7.1262679,
            50.7416547
          ],
          [
            7.126144,
            50.7416254
          ],
          [
            7.1262271,
            50.7412022
          ],
          [
            7.1261578,
            50.7409708
          ]
        ]
      },
      "id": "way/289556190"
    },
    {
      "type": "Feature",
      "properties": {
        "@id": "way/236502956",
        "@relations": [
          {
            "role": "outer",
            "rel": 1434468,
            "reltags": {
              "boundary": "postal_code",
              "note": "53227 Bonn",
              "postal_code": "53227",
              "postal_code_level": "8",
              "type": "boundary"
            }
          },
          {
            "role": "outer",
            "rel": 1434470,
            "reltags": {
              "boundary": "postal_code",
              "note": "53225 Bonn",
              "postal_code": "53225",
              "postal_code_level": "8",
              "type": "boundary"
            }
          }
        ]
      },
      "geometry": {
        "type": "LineString",
        "coordinates": [
          [
            7.1278589,
            50.7384326
          ],
          [
            7.1268808,
            50.7397873
          ]
        ]
      },
      "id": "way/236502956"
    },
    {
      "type": "Feature",
      "properties": {
        "@id": "way/288681679",
        "@relations": [
          {
            "role": "outer",
            "rel": 1434469,
            "reltags": {
              "boundary": "postal_code",
              "note": "53229 Bonn",
              "postal_code": "53229",
              "postal_code_level": "8",
              "type": "boundary"
            }
          },
          {
            "role": "outer",
            "rel": 1434470,
            "reltags": {
              "boundary": "postal_code",
              "note": "53225 Bonn",
              "postal_code": "53225",
              "postal_code_level": "8",
              "type": "boundary"
            }
          }
        ]
      },
      "geometry": {
        "type": "LineString",
        "coordinates": [
          [
            7.1268808,
            50.7397873
          ],
          [
            7.1264673,
            50.7403654
          ],
          [
            7.1262826,
            50.7406951
          ],
          [
            7.1261578,
            50.7409708
          ]
        ]
      },
      "id": "way/288681679"
    },
    {
      "type": "Feature",
      "properties": {
        "@id": "way/142374074",
        "@relations": [
          {
            "role": "outer",
            "rel": 1434470,
            "reltags": {
              "boundary": "postal_code",
              "note": "53225 Bonn",
              "postal_code": "53225",
              "postal_code_level": "8",
              "type": "boundary"
            }
          },
          {
            "role": "outer",
            "rel": 1434471,
            "reltags": {
              "boundary": "postal_code",
              "note": "53117 Bonn",
              "postal_code": "53117",
              "postal_code_level": "8",
              "type": "boundary"
            }
          }
        ]
      },
      "geometry": {
        "type": "LineString",
        "coordinates": [
          [
            7.0997926,
            50.7566475
          ],
          [
            7.1017636,
            50.7551197
          ],
          [
            7.1021537,
            50.7547844
          ],
          [
            7.1025392,
            50.7544433
          ],
          [
            7.1032682,
            50.7537129
          ],
          [
            7.1040479,
            50.75279
          ],
          [
            7.1047132,
            50.7518352
          ]
        ]
      },
      "id": "way/142374074"
    },
    {
      "type": "Feature",
      "properties": {
        "@id": "way/236498131",
        "@relations": [
          {
            "role": "outer",
            "rel": 1434470,
            "reltags": {
              "boundary": "postal_code",
              "note": "53225 Bonn",
              "postal_code": "53225",
              "postal_code_level": "8",
              "type": "boundary"
            }
          },
          {
            "role": "outer",
            "rel": 1434471,
            "reltags": {
              "boundary": "postal_code",
              "note": "53117 Bonn",
              "postal_code": "53117",
              "postal_code_level": "8",
              "type": "boundary"
            }
          }
        ]
      },
      "geometry": {
        "type": "LineString",
        "coordinates": [
          [
            7.0911949,
            50.7599054
          ],
          [
            7.0929677,
            50.7593784
          ],
          [
            7.0955712,
            50.7585105
          ],
          [
            7.0974896,
            50.7577797
          ],
          [
            7.0985401,
            50.7572773
          ],
          [
            7.0995177,
            50.7567857
          ],
          [
            7.0997926,
            50.7566475
          ]
        ]
      },
      "id": "way/236498131"
    },
    {
      "type": "Feature",
      "properties": {
        "@id": "way/22934116",
        "@relations": [
          {
            "role": "outer",
            "rel": 1434470,
            "reltags": {
              "boundary": "postal_code",
              "note": "53225 Bonn",
              "postal_code": "53225",
              "postal_code_level": "8",
              "type": "boundary"
            }
          },
          {
            "role": "outer",
            "rel": 1434477,
            "reltags": {
              "boundary": "postal_code",
              "note": "53111 Bonn",
              "postal_code": "53111",
              "postal_code_level": "8",
              "type": "boundary"
            }
          }
        ]
      },
      "geometry": {
        "type": "LineString",
        "coordinates": [
          [
            7.1085006,
            50.7422553
          ],
          [
            7.1087231,
            50.7417236
          ]
        ]
      },
      "id": "way/22934116"
    },
    {
      "type": "Feature",
      "properties": {
        "@id": "way/238632594",
        "@relations": [
          {
            "role": "outer",
            "rel": 1434470,
            "reltags": {
              "boundary": "postal_code",
              "note": "53225 Bonn",
              "postal_code": "53225",
              "postal_code_level": "8",
              "type": "boundary"
            }
          },
          {
            "role": "outer",
            "rel": 1434477,
            "reltags": {
              "boundary": "postal_code",
              "note": "53111 Bonn",
              "postal_code": "53111",
              "postal_code_level": "8",
              "type": "boundary"
            }
          }
        ]
      },
      "geometry": {
        "type": "LineString",
        "coordinates": [
          [
            7.107324,
            50.7458587
          ],
          [
            7.1085006,
            50.7422553
          ]
        ]
      },
      "id": "way/238632594"
    },
    {
      "type": "Feature",
      "properties": {
        "@id": "way/238384556",
        "@relations": [
          {
            "role": "outer",
            "rel": 1434470,
            "reltags": {
              "boundary": "postal_code",
              "note": "53225 Bonn",
              "postal_code": "53225",
              "postal_code_level": "8",
              "type": "boundary"
            }
          },
          {
            "role": "outer",
            "rel": 1434477,
            "reltags": {
              "boundary": "postal_code",
              "note": "53111 Bonn",
              "postal_code": "53111",
              "postal_code_level": "8",
              "type": "boundary"
            }
          }
        ]
      },
      "geometry": {
        "type": "LineString",
        "coordinates": [
          [
            7.1063178,
            50.748187
          ],
          [
            7.107324,
            50.7458587
          ]
        ]
      },
      "id": "way/238384556"
    },
    {
      "type": "Feature",
      "properties": {
        "@id": "way/238384558",
        "@relations": [
          {
            "role": "outer",
            "rel": 1434470,
            "reltags": {
              "boundary": "postal_code",
              "note": "53225 Bonn",
              "postal_code": "53225",
              "postal_code_level": "8",
              "type": "boundary"
            }
          },
          {
            "role": "outer",
            "rel": 1434471,
            "reltags": {
              "boundary": "postal_code",
              "note": "53117 Bonn",
              "postal_code": "53117",
              "postal_code_level": "8",
              "type": "boundary"
            }
          }
        ]
      },
      "geometry": {
        "type": "LineString",
        "coordinates": [
          [
            7.1047132,
            50.7518352
          ],
          [
            7.1051834,
            50.750989
          ],
          [
            7.1055661,
            50.7501208
          ],
          [
            7.1063178,
            50.748187
          ]
        ]
      },
      "id": "way/238384558"
    },
    {
      "type": "Feature",
      "properties": {
        "@id": "way/289552034",
        "@relations": [
          {
            "role": "outer",
            "rel": 1434469,
            "reltags": {
              "boundary": "postal_code",
              "note": "53229 Bonn",
              "postal_code": "53229",
              "postal_code_level": "8",
              "type": "boundary"
            }
          },
          {
            "role": "outer",
            "rel": 1434470,
            "reltags": {
              "boundary": "postal_code",
              "note": "53225 Bonn",
              "postal_code": "53225",
              "postal_code_level": "8",
              "type": "boundary"
            }
          }
        ]
      },
      "geometry": {
        "type": "LineString",
        "coordinates": [
          [
            7.1292262,
            50.7469619
          ],
          [
            7.1291953,
            50.7469245
          ],
          [
            7.129175,
            50.7469267
          ],
          [
            7.1291773,
            50.7468425
          ],
          [
            7.1290939,
            50.7467969
          ],
          [
            7.1268289,
            50.7439749
          ],
          [
            7.1266853,
            50.743887
          ],
          [
            7.1266375,
            50.7438832
          ],
          [
            7.126529,
            50.7436879
          ],
          [
            7.1264321,
            50.7434789
          ],
          [
            7.1263318,
            50.7432493
          ],
          [
            7.1262328,
            50.7429565
          ]
        ]
      },
      "id": "way/289552034"
    },
    {
      "type": "Feature",
      "properties": {
        "@id": "way/289552036",
        "@relations": [
          {
            "role": "outer",
            "rel": 1434469,
            "reltags": {
              "boundary": "postal_code",
              "note": "53229 Bonn",
              "postal_code": "53229",
              "postal_code_level": "8",
              "type": "boundary"
            }
          },
          {
            "role": "outer",
            "rel": 1434470,
            "reltags": {
              "boundary": "postal_code",
              "note": "53225 Bonn",
              "postal_code": "53225",
              "postal_code_level": "8",
              "type": "boundary"
            }
          }
        ]
      },
      "geometry": {
        "type": "LineString",
        "coordinates": [
          [
            7.1292262,
            50.7469619
          ],
          [
            7.1290034,
            50.746971
          ]
        ]
      },
      "id": "way/289552036"
    },
    {
      "type": "Feature",
      "properties": {
        "@id": "way/289552040",
        "@relations": [
          {
            "role": "outer",
            "rel": 1434469,
            "reltags": {
              "boundary": "postal_code",
              "note": "53229 Bonn",
              "postal_code": "53229",
              "postal_code_level": "8",
              "type": "boundary"
            }
          },
          {
            "role": "outer",
            "rel": 1434470,
            "reltags": {
              "boundary": "postal_code",
              "note": "53225 Bonn",
              "postal_code": "53225",
              "postal_code_level": "8",
              "type": "boundary"
            }
          }
        ]
      },
      "geometry": {
        "type": "LineString",
        "coordinates": [
          [
            7.1324342,
            50.7511949
          ],
          [
            7.1312904,
            50.749767
          ],
          [
            7.1309012,
            50.7493034
          ],
          [
            7.1308347,
            50.7492981
          ],
          [
            7.1308107,
            50.7492468
          ],
          [
            7.1290034,
            50.746971
          ]
        ]
      },
      "id": "way/289552040"
    },
    {
      "type": "Feature",
      "properties": {
        "@id": "way/41543031",
        "@relations": [
          {
            "role": "outer",
            "rel": 1434470,
            "reltags": {
              "boundary": "postal_code",
              "note": "53225 Bonn",
              "postal_code": "53225",
              "postal_code_level": "8",
              "type": "boundary"
            }
          }
        ]
      },
      "geometry": {
        "type": "LineString",
        "coordinates": [
          [
            7.1075146,
            50.7657941
          ],
          [
            7.1076364,
            50.7663387
          ],
          [
            7.1076862,
            50.7664816
          ],
          [
            7.107684,
            50.7666395
          ],
          [
            7.1079569,
            50.7673564
          ],
          [
            7.1083069,
            50.7680363
          ],
          [
            7.1087338,
            50.7686192
          ],
          [
            7.1093317,
            50.7692072
          ],
          [
            7.1098687,
            50.7696151
          ],
          [
            7.1108185,
            50.7702791
          ],
          [
            7.1117724,
            50.770748
          ],
          [
            7.1128202,
            50.771153
          ],
          [
            7.1134808,
            50.7712521
          ],
          [
            7.1145422,
            50.7715536
          ],
          [
            7.1154098,
            50.7717324
          ],
          [
            7.1171462,
            50.7719254
          ],
          [
            7.1185086,
            50.7720314
          ],
          [
            7.1193297,
            50.7720968
          ],
          [
            7.1199928,
            50.7721444
          ],
          [
            7.1215623,
            50.7724518
          ],
          [
            7.1221565,
            50.7726292
          ],
          [
            7.1225103,
            50.772778
          ],
          [
            7.1229744,
            50.7729374
          ],
          [
            7.1233157,
            50.7730787
          ],
          [
            7.1235546,
            50.7731967
          ],
          [
            7.1239356,
            50.7733917
          ],
          [
            7.1242985,
            50.7736057
          ],
          [
            7.1244977,
            50.7737477
          ],
          [
            7.1246315,
            50.7738361
          ],
          [
            7.1251225,
            50.7741642
          ],
          [
            7.1253628,
            50.7744093
          ]
        ]
      },
      "id": "way/41543031"
    },
    {
      "type": "Feature",
      "properties": {
        "@id": "way/100321502",
        "@relations": [
          {
            "role": "outer",
            "rel": 1434451,
            "reltags": {
              "boundary": "postal_code",
              "note": "53177 Bonn",
              "postal_code": "53177",
              "postal_code_level": "8",
              "type": "boundary"
            }
          },
          {
            "role": "outer",
            "rel": 1434454,
            "reltags": {
              "boundary": "postal_code",
              "note": "53179 Bonn",
              "postal_code": "53179",
              "postal_code_level": "8",
              "type": "boundary"
            }
          }
        ]
      },
      "geometry": {
        "type": "LineString",
        "coordinates": [
          [
            7.1725268,
            50.6755978
          ],
          [
            7.1730153,
            50.6749685
          ],
          [
            7.1729685,
            50.6746099
          ],
          [
            7.1736212,
            50.6743543
          ],
          [
            7.1744963,
            50.6739271
          ],
          [
            7.1755151,
            50.6734998
          ],
          [
            7.1773832,
            50.6718823
          ],
          [
            7.180344,
            50.6695092
          ],
          [
            7.176042,
            50.6675882
          ],
          [
            7.175053,
            50.6672766
          ],
          [
            7.1754979,
            50.6664966
          ],
          [
            7.1750969,
            50.6663606
          ],
          [
            7.1752975,
            50.6660905
          ],
          [
            7.1742067,
            50.6657527
          ],
          [
            7.1735904,
            50.6666461
          ],
          [
            7.1713053,
            50.6659998
          ],
          [
            7.1696417,
            50.6674717
          ],
          [
            7.169003,
            50.6681172
          ],
          [
            7.1683772,
            50.6678908
          ],
          [
            7.166785,
            50.6689412
          ],
          [
            7.1664001,
            50.6687851
          ],
          [
            7.1665007,
            50.6686861
          ],
          [
            7.1658866,
            50.6684557
          ],
          [
            7.1675638,
            50.6672806
          ],
          [
            7.1680256,
            50.6674982
          ],
          [
            7.1682804,
            50.667198
          ],
          [
            7.1670202,
            50.6666301
          ],
          [
            7.16717,
            50.6655687
          ],
          [
            7.1674218,
            50.6655325
          ],
          [
            7.1697252,
            50.6654232
          ],
          [
            7.1705103,
            50.6642113
          ],
          [
            7.1698019,
            50.6635978
          ],
          [
            7.1695615,
            50.6636382
          ],
          [
            7.1669241,
            50.6632496
          ],
          [
            7.1648595,
            50.6622539
          ],
          [
            7.1640064,
            50.6612335
          ],
          [
            7.1630547,
            50.6604132
          ],
          [
            7.1613357,
            50.6598372
          ],
          [
            7.1569326,
            50.6583571
          ],
          [
            7.1517873,
            50.6565512
          ],
          [
            7.1519605,
            50.6562053
          ],
          [
            7.1528077,
            50.6545131
          ],
          [
            7.1511579,
            50.6535659
          ]
        ]
      },
      "id": "way/100321502"
    },
    {
      "type": "Feature",
      "properties": {
        "@id": "way/46583817",
        "@relations": [
          {
            "role": "outer",
            "rel": 1434454,
            "reltags": {
              "boundary": "postal_code",
              "note": "53179 Bonn",
              "postal_code": "53179",
              "postal_code_level": "8",
              "type": "boundary"
            }
          }
        ]
      },
      "geometry": {
        "type": "LineString",
        "coordinates": [
          [
            7.1598994,
            50.6549393
          ],
          [
            7.1598098,
            50.6549472
          ],
          [
            7.1597555,
            50.65498
          ],
          [
            7.1597119,
            50.6549795
          ],
          [
            7.1596717,
            50.6549583
          ],
          [
            7.1596516,
            50.6549209
          ],
          [
            7.1596147,
            50.6549047
          ],
          [
            7.1595637,
            50.6549192
          ],
          [
            7.1595041,
            50.6548835
          ],
          [
            7.1593881,
            50.6548435
          ],
          [
            7.1593358,
            50.6548371
          ],
          [
            7.1592962,
            50.6548473
          ],
          [
            7.1592514,
            50.6548398
          ],
          [
            7.1592352,
            50.6547712
          ],
          [
            7.1591909,
            50.6547683
          ],
          [
            7.1591056,
            50.6547726
          ],
          [
            7.1590454,
            50.6547674
          ],
          [
            7.1590058,
            50.6547712
          ],
          [
            7.1589623,
            50.6547606
          ],
          [
            7.1588986,
            50.6547196
          ],
          [
            7.1588288,
            50.6547406
          ],
          [
            7.1587383,
            50.6547304
          ],
          [
            7.1587255,
            50.6547436
          ],
          [
            7.1586716,
            50.6547826
          ],
          [
            7.1586618,
            50.6548133
          ],
          [
            7.1585204,
            50.6549617
          ],
          [
            7.158521,
            50.6549761
          ],
          [
            7.1584748,
            50.6550127
          ],
          [
            7.1584265,
            50.6550272
          ],
          [
            7.158409,
            50.6550276
          ],
          [
            7.1583239,
            50.6550624
          ],
          [
            7.1583259,
            50.6550756
          ],
          [
            7.1583219,
            50.655113
          ],
          [
            7.1583122,
            50.6551177
          ],
          [
            7.1582535,
            50.6551016
          ],
          [
            7.1581723,
            50.6551249
          ],
          [
            7.158108,
            50.6551292
          ],
          [
            7.1580597,
            50.6551402
          ],
          [
            7.1580228,
            50.6551373
          ],
          [
            7.1579745,
            50.6551033
          ],
          [
            7.1577553,
            50.6550862
          ],
          [
            7.1577009,
            50.6550629
          ],
          [
            7.1576781,
            50.6550306
          ],
          [
            7.1576064,
            50.6550016
          ],
          [
            7.1575237,
            50.6549894
          ],
          [
            7.1574984,
            50.654994
          ],
          [
            7.1574213,
            50.6549812
          ],
          [
            7.1573798,
            50.6549868
          ],
          [
            7.1573523,
            50.6549808
          ],
          [
            7.1573368,
            50.6549668
          ],
          [
            7.1572966,
            50.6549795
          ],
          [
            7.1572691,
            50.6549868
          ],
          [
            7.1571551,
            50.6549927
          ],
          [
            7.1570928,
            50.6550029
          ],
          [
            7.1570525,
            50.655014
          ],
          [
            7.1569935,
            50.6550191
          ],
          [
            7.1569399,
            50.6550123
          ],
          [
            7.1568786,
            50.6549822
          ],
          [
            7.1568453,
            50.6549965
          ],
          [
            7.1567783,
            50.6549618
          ],
          [
            7.156742,
            50.6549431
          ],
          [
            7.1566613,
            50.6549251
          ],
          [
            7.1565813,
            50.6548476
          ],
          [
            7.1564962,
            50.6548454
          ],
          [
            7.1564282,
            50.6547946
          ],
          [
            7.1563411,
            50.6548001
          ],
          [
            7.1563049,
            50.6548103
          ],
          [
            7.1562593,
            50.6548333
          ],
          [
            7.1561775,
            50.6548265
          ],
          [
            7.1561705,
            50.6548381
          ],
          [
            7.1561124,
            50.6548193
          ],
          [
            7.1560152,
            50.6548367
          ],
          [
            7.1559756,
            50.6548346
          ],
          [
            7.1558811,
            50.6548037
          ],
          [
            7.1558536,
            50.6547347
          ],
          [
            7.1558167,
            50.6546866
          ],
          [
            7.1557993,
            50.6546445
          ],
          [
            7.1557235,
            50.6546114
          ],
          [
            7.1556892,
            50.6546165
          ],
          [
            7.1556591,
            50.6546016
          ],
          [
            7.1555532,
            50.6546255
          ],
          [
            7.1555217,
            50.6546161
          ],
          [
            7.1554781,
            50.6546139
          ],
          [
            7.1554144,
            50.6545918
          ],
          [
            7.1553668,
            50.654594
          ],
          [
            7.1553104,
            50.6545872
          ],
          [
            7.1552556,
            50.6545903
          ],
          [
            7.1552072,
            50.6545638
          ],
          [
            7.1550424,
            50.6545397
          ],
          [
            7.1549832,
            50.6545429
          ],
          [
            7.1549316,
            50.6545327
          ],
          [
            7.1548614,
            50.6545524
          ],
          [
            7.1548102,
            50.6545395
          ],
          [
            7.1547725,
            50.6545167
          ],
          [
            7.1546902,
            50.6545132
          ],
          [
            7.1546506,
            50.6545315
          ],
          [
            7.1545889,
            50.6545425
          ],
          [
            7.1545202,
            50.6545636
          ],
          [
            7.1543938,
            50.6545344
          ],
          [
            7.154221,
            50.6544603
          ],
          [
            7.1540626,
            50.6544557
          ],
          [
            7.1539088,
            50.6544542
          ],
          [
            7.1536915,
            50.6543429
          ],
          [
            7.1534542,
            50.6542243
          ],
          [
            7.1530985,
            50.6540284
          ],
          [
            7.1530041,
            50.6539297
          ],
          [
            7.1528049,
            50.6538225
          ],
          [
            7.1526362,
            50.6537327
          ],
          [
            7.1525789,
            50.6536395
          ],
          [
            7.1522935,
            50.6536846
          ],
          [
            7.1522175,
            50.6536542
          ],
          [
            7.1520326,
            50.6536519
          ],
          [
            7.1518903,
            50.6536039
          ],
          [
            7.1516178,
            50.6536086
          ],
          [
            7.1514375,
            50.653613
          ],
          [
            7.1513198,
            50.6535809
          ],
          [
            7.1511579,
            50.6535659
          ]
        ]
      },
      "id": "way/46583817"
    },
    {
      "type": "Feature",
      "properties": {
        "@id": "way/237755294",
        "@relations": [
          {
            "role": "outer",
            "rel": 1434454,
            "reltags": {
              "boundary": "postal_code",
              "note": "53179 Bonn",
              "postal_code": "53179",
              "postal_code_level": "8",
              "type": "boundary"
            }
          }
        ]
      },
      "geometry": {
        "type": "LineString",
        "coordinates": [
          [
            7.1626165,
            50.6539779
          ],
          [
            7.1615323,
            50.6545481
          ],
          [
            7.1617525,
            50.6547546
          ],
          [
            7.161735,
            50.6547564
          ],
          [
            7.1616927,
            50.6547717
          ],
          [
            7.1616197,
            50.6548329
          ],
          [
            7.1615573,
            50.6548393
          ],
          [
            7.1615305,
            50.6548324
          ],
          [
            7.1614511,
            50.6548592
          ],
          [
            7.161391,
            50.6548724
          ],
          [
            7.1613345,
            50.6548484
          ],
          [
            7.161214,
            50.6548461
          ],
          [
            7.161098,
            50.6548652
          ],
          [
            7.1610497,
            50.6548592
          ],
          [
            7.1609907,
            50.6548733
          ],
          [
            7.1608344,
            50.6548635
          ],
          [
            7.1607929,
            50.654872
          ],
          [
            7.1607439,
            50.6548639
          ],
          [
            7.1607225,
            50.6548507
          ],
          [
            7.1606576,
            50.6548448
          ],
          [
            7.1605729,
            50.6548388
          ],
          [
            7.1605193,
            50.6548711
          ],
          [
            7.160418,
            50.6548737
          ],
          [
            7.1603529,
            50.6548346
          ],
          [
            7.1602356,
            50.6548373
          ],
          [
            7.1601712,
            50.6548535
          ],
          [
            7.1600633,
            50.654937
          ],
          [
            7.1600254,
            50.6549505
          ],
          [
            7.1599681,
            50.6549774
          ],
          [
            7.1599346,
            50.6549761
          ],
          [
            7.1598994,
            50.6549393
          ]
        ]
      },
      "id": "way/237755294"
    },
    {
      "type": "Feature",
      "properties": {
        "@id": "way/37814669",
        "@relations": [
          {
            "role": "outer",
            "rel": 1434454,
            "reltags": {
              "boundary": "postal_code",
              "note": "53179 Bonn",
              "postal_code": "53179",
              "postal_code_level": "8",
              "type": "boundary"
            }
          }
        ]
      },
      "geometry": {
        "type": "LineString",
        "coordinates": [
          [
            7.1727347,
            50.6519504
          ],
          [
            7.1720268,
            50.6515125
          ],
          [
            7.1719608,
            50.6514435
          ],
          [
            7.1719528,
            50.6515504
          ],
          [
            7.1718978,
            50.6518514
          ],
          [
            7.1702241,
            50.6516994
          ],
          [
            7.1701751,
            50.6524044
          ],
          [
            7.1681814,
            50.6521914
          ],
          [
            7.1680374,
            50.6522784
          ],
          [
            7.1656977,
            50.6521684
          ],
          [
            7.1653208,
            50.6529773
          ],
          [
            7.1635512,
            50.6525577
          ],
          [
            7.1630431,
            50.6532635
          ],
          [
            7.1630051,
            50.6533162
          ],
          [
            7.1625092,
            50.6534312
          ],
          [
            7.1623377,
            50.6534675
          ],
          [
            7.1626165,
            50.6539779
          ]
        ]
      },
      "id": "way/37814669"
    },
    {
      "type": "Feature",
      "properties": {
        "@id": "way/237753252",
        "@relations": [
          {
            "role": "outer",
            "rel": 1434454,
            "reltags": {
              "boundary": "postal_code",
              "note": "53179 Bonn",
              "postal_code": "53179",
              "postal_code_level": "8",
              "type": "boundary"
            }
          }
        ]
      },
      "geometry": {
        "type": "LineString",
        "coordinates": [
          [
            7.184054,
            50.6511991
          ],
          [
            7.1837896,
            50.6512803
          ],
          [
            7.1821165,
            50.6519272
          ],
          [
            7.1813627,
            50.652146
          ]
        ]
      },
      "id": "way/237753252"
    },
    {
      "type": "Feature",
      "properties": {
        "@id": "way/237753260",
        "@relations": [
          {
            "role": "outer",
            "rel": 1434454,
            "reltags": {
              "boundary": "postal_code",
              "note": "53179 Bonn",
              "postal_code": "53179",
              "postal_code_level": "8",
              "type": "boundary"
            }
          }
        ]
      },
      "geometry": {
        "type": "LineString",
        "coordinates": [
          [
            7.1813627,
            50.652146
          ],
          [
            7.1807145,
            50.6522674
          ],
          [
            7.1805146,
            50.6522824
          ],
          [
            7.1799466,
            50.6522904
          ],
          [
            7.1798277,
            50.6522944
          ],
          [
            7.1794277,
            50.6521754
          ],
          [
            7.1793427,
            50.6521224
          ],
          [
            7.1792657,
            50.6520304
          ],
          [
            7.1785588,
            50.6521754
          ],
          [
            7.1779859,
            50.6521754
          ],
          [
            7.1778649,
            50.6522104
          ],
          [
            7.177221,
            50.6526793
          ],
          [
            7.1762042,
            50.6521184
          ],
          [
            7.1758132,
            50.6516644
          ],
          [
            7.1751723,
            50.6511805
          ],
          [
            7.1749484,
            50.6511075
          ],
          [
            7.1746384,
            50.6510805
          ],
          [
            7.1733256,
            50.6510925
          ],
          [
            7.1727347,
            50.6519504
          ]
        ]
      },
      "id": "way/237753260"
    },
    {
      "type": "Feature",
      "properties": {
        "@id": "way/29412902",
        "@relations": [
          {
            "role": "outer",
            "rel": 1434454,
            "reltags": {
              "boundary": "postal_code",
              "note": "53179 Bonn",
              "postal_code": "53179",
              "postal_code_level": "8",
              "type": "boundary"
            }
          }
        ]
      },
      "geometry": {
        "type": "LineString",
        "coordinates": [
          [
            7.1951484,
            50.6429551
          ],
          [
            7.1943079,
            50.6424865
          ],
          [
            7.1925148,
            50.6445503
          ],
          [
            7.1925408,
            50.6449092
          ],
          [
            7.1924681,
            50.6449284
          ],
          [
            7.191343,
            50.6452252
          ],
          [
            7.1899412,
            50.646499
          ],
          [
            7.1888923,
            50.6475559
          ],
          [
            7.1887584,
            50.6476549
          ],
          [
            7.1887764,
            50.6484638
          ],
          [
            7.1882004,
            50.6485598
          ],
          [
            7.1871136,
            50.6487848
          ],
          [
            7.1872806,
            50.6492917
          ],
          [
            7.1856328,
            50.6496767
          ],
          [
            7.1856698,
            50.6497577
          ],
          [
            7.1860308,
            50.6505316
          ],
          [
            7.1853496,
            50.6506876
          ],
          [
            7.1853988,
            50.6508139
          ],
          [
            7.184054,
            50.6511991
          ]
        ]
      },
      "id": "way/29412902"
    },
    {
      "type": "Feature",
      "properties": {
        "@id": "way/958900195",
        "@relations": [
          {
            "role": "outer",
            "rel": 1434454,
            "reltags": {
              "boundary": "postal_code",
              "note": "53179 Bonn",
              "postal_code": "53179",
              "postal_code_level": "8",
              "type": "boundary"
            }
          }
        ]
      },
      "geometry": {
        "type": "LineString",
        "coordinates": [
          [
            7.1990119,
            50.6482671
          ],
          [
            7.1992324,
            50.6480917
          ],
          [
            7.1994616,
            50.6479108
          ],
          [
            7.1996282,
            50.647778
          ],
          [
            7.1998408,
            50.647608
          ],
          [
            7.1995978,
            50.6474682
          ],
          [
            7.1993902,
            50.647347
          ],
          [
            7.199044,
            50.6471201
          ],
          [
            7.1986767,
            50.646886
          ],
          [
            7.1986958,
            50.6468742
          ],
          [
            7.1983243,
            50.6466355
          ],
          [
            7.197771,
            50.6462743
          ],
          [
            7.1974097,
            50.6460435
          ],
          [
            7.197376,
            50.6460154
          ],
          [
            7.1973331,
            50.6459452
          ],
          [
            7.1972104,
            50.6457111
          ],
          [
            7.1971395,
            50.6455836
          ],
          [
            7.1970152,
            50.6454195
          ],
          [
            7.196637,
            50.644919
          ],
          [
            7.1962183,
            50.6443658
          ],
          [
            7.1958189,
            50.6438415
          ],
          [
            7.1954803,
            50.6433925
          ],
          [
            7.195316,
            50.6431769
          ],
          [
            7.1951484,
            50.6429551
          ]
        ]
      },
      "id": "way/958900195"
    },
    {
      "type": "Feature",
      "properties": {
        "@id": "way/237753255",
        "@relations": [
          {
            "role": "outer",
            "rel": 1434454,
            "reltags": {
              "boundary": "postal_code",
              "note": "53179 Bonn",
              "postal_code": "53179",
              "postal_code_level": "8",
              "type": "boundary"
            }
          }
        ]
      },
      "geometry": {
        "type": "LineString",
        "coordinates": [
          [
            7.2106794,
            50.64975
          ],
          [
            7.2093763,
            50.6495777
          ],
          [
            7.2071644,
            50.6492933
          ],
          [
            7.207053,
            50.6492761
          ],
          [
            7.2054104,
            50.6490697
          ],
          [
            7.205169,
            50.6495373
          ],
          [
            7.2048439,
            50.6494732
          ],
          [
            7.20405,
            50.6493078
          ],
          [
            7.2032588,
            50.6491442
          ],
          [
            7.202917,
            50.6498917
          ],
          [
            7.2007703,
            50.6493125
          ],
          [
            7.2007123,
            50.6493003
          ],
          [
            7.2006233,
            50.6492743
          ]
        ]
      },
      "id": "way/237753255"
    },
    {
      "type": "Feature",
      "properties": {
        "@id": "way/1055110275",
        "@relations": [
          {
            "role": "outer",
            "rel": 1434454,
            "reltags": {
              "boundary": "postal_code",
              "note": "53179 Bonn",
              "postal_code": "53179",
              "postal_code_level": "8",
              "type": "boundary"
            }
          }
        ]
      },
      "geometry": {
        "type": "LineString",
        "coordinates": [
          [
            7.2006233,
            50.6492743
          ],
          [
            7.2005398,
            50.6492496
          ],
          [
            7.2007973,
            50.6488788
          ],
          [
            7.2005711,
            50.6488124
          ],
          [
            7.2005248,
            50.6487987
          ],
          [
            7.2005189,
            50.6487973
          ],
          [
            7.2004129,
            50.6487663
          ],
          [
            7.2001206,
            50.648681
          ],
          [
            7.1998883,
            50.6486121
          ],
          [
            7.1994259,
            50.6484752
          ],
          [
            7.1992147,
            50.6484125
          ],
          [
            7.1992334,
            50.6483614
          ],
          [
            7.1990119,
            50.6482671
          ]
        ]
      },
      "id": "way/1055110275"
    },
    {
      "type": "Feature",
      "properties": {
        "@id": "way/237753261",
        "@relations": [
          {
            "role": "outer",
            "rel": 1434454,
            "reltags": {
              "boundary": "postal_code",
              "note": "53179 Bonn",
              "postal_code": "53179",
              "postal_code_level": "8",
              "type": "boundary"
            }
          }
        ]
      },
      "geometry": {
        "type": "LineString",
        "coordinates": [
          [
            7.1947116,
            50.666643
          ],
          [
            7.1960642,
            50.6652529
          ],
          [
            7.1967491,
            50.664577
          ],
          [
            7.1971731,
            50.6641541
          ],
          [
            7.1982179,
            50.6631542
          ],
          [
            7.199525,
            50.6618965
          ]
        ]
      },
      "id": "way/237753261"
    },
    {
      "type": "Feature",
      "properties": {
        "@id": "way/37706133",
        "@relations": [
          {
            "role": "outer",
            "rel": 1434454,
            "reltags": {
              "boundary": "postal_code",
              "note": "53179 Bonn",
              "postal_code": "53179",
              "postal_code_level": "8",
              "type": "boundary"
            }
          }
        ]
      },
      "geometry": {
        "type": "LineString",
        "coordinates": [
          [
            7.199525,
            50.6618965
          ],
          [
            7.2020574,
            50.6594276
          ],
          [
            7.2028323,
            50.6586717
          ],
          [
            7.2062695,
            50.6553773
          ],
          [
            7.2070521,
            50.6546387
          ],
          [
            7.2073351,
            50.6543559
          ],
          [
            7.2075951,
            50.6540908
          ],
          [
            7.2078126,
            50.6538312
          ],
          [
            7.2082583,
            50.6533969
          ],
          [
            7.2085924,
            50.6529613
          ],
          [
            7.209045,
            50.6524543
          ],
          [
            7.2096702,
            50.651589
          ],
          [
            7.2100498,
            50.6509785
          ],
          [
            7.210379,
            50.6503675
          ],
          [
            7.2106794,
            50.64975
          ]
        ]
      },
      "id": "way/37706133"
    },
    {
      "type": "Feature",
      "properties": {
        "@id": "way/100321458",
        "@relations": [
          {
            "role": "outer",
            "rel": 1434451,
            "reltags": {
              "boundary": "postal_code",
              "note": "53177 Bonn",
              "postal_code": "53177",
              "postal_code_level": "8",
              "type": "boundary"
            }
          },
          {
            "role": "outer",
            "rel": 1434457,
            "reltags": {
              "boundary": "postal_code",
              "note": "53173 Bonn",
              "postal_code": "53173",
              "postal_code_level": "8",
              "type": "boundary"
            }
          }
        ]
      },
      "geometry": {
        "type": "LineString",
        "coordinates": [
          [
            7.1725268,
            50.6755978
          ],
          [
            7.1645632,
            50.6806031
          ],
          [
            7.1626179,
            50.6820437
          ],
          [
            7.1619667,
            50.6817259
          ],
          [
            7.1607872,
            50.6823807
          ],
          [
            7.1605369,
            50.6821902
          ],
          [
            7.1603195,
            50.6823042
          ],
          [
            7.1576188,
            50.6834298
          ],
          [
            7.1574361,
            50.6835644
          ],
          [
            7.1569098,
            50.6835887
          ],
          [
            7.1563287,
            50.6832502
          ],
          [
            7.1554714,
            50.6835899
          ],
          [
            7.1551304,
            50.6839009
          ],
          [
            7.1547764,
            50.683727
          ],
          [
            7.1546649,
            50.6837994
          ],
          [
            7.1550219,
            50.6839999
          ],
          [
            7.1549705,
            50.6840036
          ],
          [
            7.1545685,
            50.6843961
          ],
          [
            7.154454,
            50.6843606
          ],
          [
            7.1539117,
            50.684488
          ],
          [
            7.1537796,
            50.6846083
          ],
          [
            7.1542412,
            50.684803
          ],
          [
            7.1543052,
            50.6847554
          ],
          [
            7.1543165,
            50.6847605
          ],
          [
            7.1542324,
            50.6848243
          ],
          [
            7.1540354,
            50.684745
          ],
          [
            7.1537765,
            50.6851842
          ],
          [
            7.1537597,
            50.6852027
          ],
          [
            7.153496,
            50.6854239
          ],
          [
            7.1533625,
            50.6853724
          ],
          [
            7.1530954,
            50.6856518
          ],
          [
            7.1524345,
            50.6855839
          ],
          [
            7.1520322,
            50.6858131
          ],
          [
            7.152147,
            50.6859088
          ],
          [
            7.1518734,
            50.6860519
          ],
          [
            7.1515499,
            50.6862073
          ],
          [
            7.1513514,
            50.6863088
          ],
          [
            7.1513966,
            50.6863404
          ],
          [
            7.1512965,
            50.6863984
          ],
          [
            7.1509986,
            50.6865835
          ],
          [
            7.1508983,
            50.6865192
          ],
          [
            7.1506595,
            50.6866638
          ],
          [
            7.1506364,
            50.6866491
          ],
          [
            7.1504676,
            50.6867356
          ],
          [
            7.1503699,
            50.6866589
          ],
          [
            7.1493542,
            50.6871697
          ],
          [
            7.1482852,
            50.6878953
          ],
          [
            7.1476397,
            50.6875412
          ],
          [
            7.1471988,
            50.6876907
          ],
          [
            7.14722,
            50.688184
          ],
          [
            7.1470342,
            50.6882718
          ],
          [
            7.1472984,
            50.6884876
          ],
          [
            7.147462,
            50.6883916
          ],
          [
            7.1482519,
            50.6887654
          ],
          [
            7.1477517,
            50.6891342
          ],
          [
            7.1470476,
            50.6887739
          ],
          [
            7.1472809,
            50.6886099
          ],
          [
            7.1469148,
            50.6883032
          ],
          [
            7.1464502,
            50.688549
          ],
          [
            7.1462194,
            50.6886242
          ],
          [
            7.1460393,
            50.6887284
          ],
          [
            7.1459516,
            50.6888078
          ]
        ]
      },
      "id": "way/100321458"
    },
    {
      "type": "Feature",
      "properties": {
        "@id": "way/100321486",
        "@relations": [
          {
            "role": "outer",
            "rel": 1434457,
            "reltags": {
              "boundary": "postal_code",
              "note": "53173 Bonn",
              "postal_code": "53173",
              "postal_code_level": "8",
              "type": "boundary"
            }
          },
          {
            "role": "outer",
            "rel": 1434459,
            "reltags": {
              "boundary": "postal_code",
              "note": "53175 Bonn",
              "postal_code": "53175",
              "postal_code_level": "8",
              "type": "boundary"
            }
          }
        ]
      },
      "geometry": {
        "type": "LineString",
        "coordinates": [
          [
            7.1459516,
            50.6888078
          ],
          [
            7.1459825,
            50.6889972
          ],
          [
            7.1452599,
            50.6893307
          ],
          [
            7.145564,
            50.6896695
          ],
          [
            7.1463553,
            50.6897879
          ],
          [
            7.1465514,
            50.6896242
          ],
          [
            7.1458783,
            50.689337
          ],
          [
            7.1461156,
            50.6891281
          ],
          [
            7.1466865,
            50.6890454
          ],
          [
            7.1477316,
            50.6895402
          ],
          [
            7.1483007,
            50.6898568
          ],
          [
            7.1487803,
            50.6900724
          ],
          [
            7.148555,
            50.6903493
          ],
          [
            7.1486017,
            50.6904401
          ],
          [
            7.148319,
            50.6906635
          ],
          [
            7.1479219,
            50.6904944
          ],
          [
            7.1474105,
            50.6909694
          ],
          [
            7.1475249,
            50.6911022
          ],
          [
            7.1484831,
            50.6914398
          ],
          [
            7.1499855,
            50.6901507
          ],
          [
            7.1528389,
            50.6882743
          ],
          [
            7.1533449,
            50.688563
          ],
          [
            7.1531355,
            50.6886797
          ],
          [
            7.1532769,
            50.6887837
          ],
          [
            7.1534572,
            50.6886826
          ],
          [
            7.1539714,
            50.6891168
          ],
          [
            7.1524023,
            50.6899536
          ],
          [
            7.1517425,
            50.6894605
          ],
          [
            7.1509383,
            50.689966
          ],
          [
            7.1508107,
            50.6899004
          ],
          [
            7.1502141,
            50.690303
          ],
          [
            7.1504526,
            50.6904339
          ],
          [
            7.1501588,
            50.6916159
          ],
          [
            7.1498665,
            50.691841
          ],
          [
            7.1502314,
            50.6920346
          ],
          [
            7.1503534,
            50.6919936
          ],
          [
            7.150773,
            50.6922314
          ],
          [
            7.1507251,
            50.6923957
          ],
          [
            7.1513983,
            50.6926437
          ],
          [
            7.1516624,
            50.6925763
          ],
          [
            7.1519564,
            50.6926905
          ],
          [
            7.1518666,
            50.6928232
          ],
          [
            7.1523699,
            50.6930183
          ],
          [
            7.1525833,
            50.6929137
          ],
          [
            7.1541752,
            50.6934665
          ],
          [
            7.1552826,
            50.6940461
          ],
          [
            7.1540581,
            50.6948506
          ],
          [
            7.1534068,
            50.6949701
          ],
          [
            7.1532282,
            50.6951403
          ],
          [
            7.1537776,
            50.695448
          ],
          [
            7.154286,
            50.6952454
          ],
          [
            7.1558177,
            50.6951805
          ],
          [
            7.1560949,
            50.6948936
          ],
          [
            7.1557273,
            50.6945419
          ],
          [
            7.1559476,
            50.6943765
          ],
          [
            7.1565411,
            50.6946506
          ],
          [
            7.1571002,
            50.6949215
          ],
          [
            7.157693,
            50.6944742
          ],
          [
            7.1578269,
            50.6945522
          ],
          [
            7.158069,
            50.6943814
          ],
          [
            7.1578331,
            50.6942409
          ],
          [
            7.1583339,
            50.6938596
          ],
          [
            7.159006,
            50.6942492
          ],
          [
            7.1579096,
            50.6951784
          ],
          [
            7.1587249,
            50.6951771
          ],
          [
            7.1593626,
            50.6954386
          ],
          [
            7.1598862,
            50.6951758
          ],
          [
            7.1612509,
            50.6953155
          ],
          [
            7.1618494,
            50.6956273
          ],
          [
            7.1614719,
            50.6960132
          ],
          [
            7.1633295,
            50.6965048
          ],
          [
            7.162658,
            50.6973566
          ],
          [
            7.1628464,
            50.6974141
          ],
          [
            7.1636051,
            50.6974837
          ],
          [
            7.1643167,
            50.6970662
          ],
          [
            7.1646856,
            50.6966981
          ],
          [
            7.165252,
            50.6971125
          ],
          [
            7.1649469,
            50.6975587
          ],
          [
            7.1651463,
            50.6976486
          ],
          [
            7.1662251,
            50.6977708
          ],
          [
            7.1665393,
            50.6978692
          ],
          [
            7.1666411,
            50.6979688
          ],
          [
            7.1667363,
            50.6979954
          ],
          [
            7.1669038,
            50.6976147
          ],
          [
            7.1673241,
            50.697668
          ],
          [
            7.1675037,
            50.6973607
          ],
          [
            7.1689782,
            50.6975276
          ],
          [
            7.1708866,
            50.6978465
          ]
        ]
      },
      "id": "way/100321486"
    },
    {
      "type": "Feature",
      "properties": {
        "@id": "way/100321407",
        "@relations": [
          {
            "role": "outer",
            "rel": 1434454,
            "reltags": {
              "boundary": "postal_code",
              "note": "53179 Bonn",
              "postal_code": "53179",
              "postal_code_level": "8",
              "type": "boundary"
            }
          },
          {
            "role": "outer",
            "rel": 1434457,
            "reltags": {
              "boundary": "postal_code",
              "note": "53173 Bonn",
              "postal_code": "53173",
              "postal_code_level": "8",
              "type": "boundary"
            }
          }
        ]
      },
      "geometry": {
        "type": "LineString",
        "coordinates": [
          [
            7.1760978,
            50.6870438
          ],
          [
            7.1740621,
            50.6860033
          ],
          [
            7.1741091,
            50.6852121
          ],
          [
            7.1724263,
            50.6847689
          ],
          [
            7.1721489,
            50.6852104
          ],
          [
            7.1718978,
            50.6851558
          ],
          [
            7.1718937,
            50.6849328
          ],
          [
            7.1715525,
            50.6848496
          ],
          [
            7.1716183,
            50.6847519
          ],
          [
            7.1714171,
            50.6847135
          ],
          [
            7.1713633,
            50.6846559
          ],
          [
            7.1703907,
            50.6843092
          ],
          [
            7.1702055,
            50.6844568
          ],
          [
            7.1699988,
            50.6843921
          ],
          [
            7.1698565,
            50.684591
          ],
          [
            7.1694913,
            50.6844432
          ],
          [
            7.1688988,
            50.6845975
          ],
          [
            7.1686261,
            50.6844338
          ],
          [
            7.1686722,
            50.684363
          ],
          [
            7.1687147,
            50.684354
          ],
          [
            7.1687957,
            50.6842364
          ],
          [
            7.1689569,
            50.6842494
          ],
          [
            7.1691176,
            50.6840069
          ],
          [
            7.168599,
            50.683652
          ],
          [
            7.1701659,
            50.6819575
          ],
          [
            7.169156,
            50.6809762
          ],
          [
            7.1696232,
            50.6806091
          ],
          [
            7.1687464,
            50.6803484
          ],
          [
            7.169129,
            50.679763
          ],
          [
            7.1685643,
            50.6795471
          ],
          [
            7.1681392,
            50.6798284
          ],
          [
            7.1678381,
            50.6795752
          ],
          [
            7.1682279,
            50.6793282
          ],
          [
            7.167982,
            50.6791498
          ],
          [
            7.1693333,
            50.6782219
          ],
          [
            7.1703832,
            50.6773667
          ],
          [
            7.1716964,
            50.6773723
          ],
          [
            7.1729736,
            50.6760886
          ],
          [
            7.1725268,
            50.6755978
          ]
        ]
      },
      "id": "way/100321407"
    },
    {
      "type": "Feature",
      "properties": {
        "@id": "way/288637431",
        "@relations": [
          {
            "role": "outer",
            "rel": 1434454,
            "reltags": {
              "boundary": "postal_code",
              "note": "53179 Bonn",
              "postal_code": "53179",
              "postal_code_level": "8",
              "type": "boundary"
            }
          }
        ]
      },
      "geometry": {
        "type": "LineString",
        "coordinates": [
          [
            7.1812391,
            50.6816334
          ],
          [
            7.1818948,
            50.6810759
          ],
          [
            7.1846909,
            50.6785584
          ],
          [
            7.1866376,
            50.6764797
          ],
          [
            7.1873805,
            50.6756208
          ],
          [
            7.1877174,
            50.6752318
          ],
          [
            7.1878034,
            50.6751288
          ],
          [
            7.1884826,
            50.6743352
          ],
          [
            7.1891129,
            50.6735251
          ],
          [
            7.1895022,
            50.6730121
          ],
          [
            7.1896712,
            50.6727871
          ],
          [
            7.1897662,
            50.6726571
          ],
          [
            7.190368,
            50.6718208
          ]
        ]
      },
      "id": "way/288637431"
    },
    {
      "type": "Feature",
      "properties": {
        "@id": "way/48556733",
        "@relations": [
          {
            "role": "outer",
            "rel": 1434454,
            "reltags": {
              "boundary": "postal_code",
              "note": "53179 Bonn",
              "postal_code": "53179",
              "postal_code_level": "8",
              "type": "boundary"
            }
          }
        ]
      },
      "geometry": {
        "type": "LineString",
        "coordinates": [
          [
            7.1805262,
            50.6822489
          ],
          [
            7.1812391,
            50.6816334
          ]
        ]
      },
      "id": "way/48556733"
    },
    {
      "type": "Feature",
      "properties": {
        "@id": "way/45063609",
        "@relations": [
          {
            "role": "outer",
            "rel": 1434457,
            "reltags": {
              "boundary": "postal_code",
              "note": "53173 Bonn",
              "postal_code": "53173",
              "postal_code_level": "8",
              "type": "boundary"
            }
          }
        ]
      },
      "geometry": {
        "type": "LineString",
        "coordinates": [
          [
            7.173449,
            50.691482
          ],
          [
            7.1739494,
            50.6904261
          ],
          [
            7.1743454,
            50.6897202
          ],
          [
            7.1747173,
            50.6890562
          ],
          [
            7.1758947,
            50.6873353
          ],
          [
            7.1760978,
            50.6870438
          ]
        ]
      },
      "id": "way/45063609"
    },
    {
      "type": "Feature",
      "properties": {
        "@id": "way/100324381",
        "@relations": [
          {
            "role": "outer",
            "rel": 1434454,
            "reltags": {
              "boundary": "postal_code",
              "note": "53179 Bonn",
              "postal_code": "53179",
              "postal_code_level": "8",
              "type": "boundary"
            }
          }
        ]
      },
      "geometry": {
        "type": "LineString",
        "coordinates": [
          [
            7.1760978,
            50.6870438
          ],
          [
            7.177027,
            50.6857986
          ],
          [
            7.1783417,
            50.6843702
          ],
          [
            7.1787773,
            50.6839186
          ],
          [
            7.1794609,
            50.6832485
          ],
          [
            7.1799937,
            50.68271
          ],
          [
            7.1803598,
            50.6824
          ],
          [
            7.1805262,
            50.6822489
          ]
        ]
      },
      "id": "way/100324381"
    },
    {
      "type": "Feature",
      "properties": {
        "@id": "way/146707021",
        "@relations": [
          {
            "role": "outer",
            "rel": 1434459,
            "reltags": {
              "boundary": "postal_code",
              "note": "53175 Bonn",
              "postal_code": "53175",
              "postal_code_level": "8",
              "type": "boundary"
            }
          },
          {
            "role": "outer",
            "rel": 1434541,
            "reltags": {
              "boundary": "postal_code",
              "note": "53113 Bonn",
              "postal_code": "53113",
              "postal_code_level": "8",
              "type": "boundary"
            }
          }
        ]
      },
      "geometry": {
        "type": "LineString",
        "coordinates": [
          [
            7.1322694,
            50.7057073
          ],
          [
            7.1320201,
            50.7055455
          ],
          [
            7.1316165,
            50.7058894
          ],
          [
            7.1306855,
            50.7053786
          ]
        ]
      },
      "id": "way/146707021"
    },
    {
      "type": "Feature",
      "properties": {
        "@id": "way/51326159",
        "@relations": [
          {
            "role": "outer",
            "rel": 1434459,
            "reltags": {
              "boundary": "postal_code",
              "note": "53175 Bonn",
              "postal_code": "53175",
              "postal_code_level": "8",
              "type": "boundary"
            }
          },
          {
            "role": "outer",
            "rel": 1434541,
            "reltags": {
              "boundary": "postal_code",
              "note": "53113 Bonn",
              "postal_code": "53113",
              "postal_code_level": "8",
              "type": "boundary"
            }
          }
        ]
      },
      "geometry": {
        "type": "LineString",
        "coordinates": [
          [
            7.1379847,
            50.7104404
          ],
          [
            7.1373385,
            50.709741
          ],
          [
            7.1353187,
            50.7079621
          ],
          [
            7.1339912,
            50.7069156
          ],
          [
            7.1322694,
            50.7057073
          ]
        ]
      },
      "id": "way/51326159"
    },
    {
      "type": "Feature",
      "properties": {
        "@id": "way/146724643",
        "@relations": [
          {
            "role": "outer",
            "rel": 1434459,
            "reltags": {
              "boundary": "postal_code",
              "note": "53175 Bonn",
              "postal_code": "53175",
              "postal_code_level": "8",
              "type": "boundary"
            }
          },
          {
            "role": "outer",
            "rel": 1434468,
            "reltags": {
              "boundary": "postal_code",
              "note": "53227 Bonn",
              "postal_code": "53227",
              "postal_code_level": "8",
              "type": "boundary"
            }
          }
        ]
      },
      "geometry": {
        "type": "LineString",
        "coordinates": [
          [
            7.1431597,
            50.7177159
          ],
          [
            7.1449887,
            50.7172888
          ],
          [
            7.1465001,
            50.716939
          ],
          [
            7.1473995,
            50.7167048
          ],
          [
            7.1488385,
            50.716301
          ],
          [
            7.1500057,
            50.7159372
          ],
          [
            7.151069,
            50.7155806
          ],
          [
            7.1517242,
            50.7153476
          ],
          [
            7.1523635,
            50.7151078
          ],
          [
            7.1536383,
            50.7145995
          ]
        ]
      },
      "id": "way/146724643"
    },
    {
      "type": "Feature",
      "properties": {
        "@id": "way/146724644",
        "@relations": [
          {
            "role": "outer",
            "rel": 1434459,
            "reltags": {
              "boundary": "postal_code",
              "note": "53175 Bonn",
              "postal_code": "53175",
              "postal_code_level": "8",
              "type": "boundary"
            }
          },
          {
            "role": "outer",
            "rel": 1434541,
            "reltags": {
              "boundary": "postal_code",
              "note": "53113 Bonn",
              "postal_code": "53113",
              "postal_code_level": "8",
              "type": "boundary"
            }
          }
        ]
      },
      "geometry": {
        "type": "LineString",
        "coordinates": [
          [
            7.1431597,
            50.7177159
          ],
          [
            7.141217,
            50.7149149
          ]
        ]
      },
      "id": "way/146724644"
    },
    {
      "type": "Feature",
      "properties": {
        "@id": "way/51326164",
        "@relations": [
          {
            "role": "outer",
            "rel": 1434459,
            "reltags": {
              "boundary": "postal_code",
              "note": "53175 Bonn",
              "postal_code": "53175",
              "postal_code_level": "8",
              "type": "boundary"
            }
          },
          {
            "role": "outer",
            "rel": 1434541,
            "reltags": {
              "boundary": "postal_code",
              "note": "53113 Bonn",
              "postal_code": "53113",
              "postal_code_level": "8",
              "type": "boundary"
            }
          }
        ]
      },
      "geometry": {
        "type": "LineString",
        "coordinates": [
          [
            7.1396874,
            50.7129314
          ],
          [
            7.13938,
            50.7126389
          ],
          [
            7.1390189,
            50.7123619
          ],
          [
            7.1387314,
            50.7122282
          ],
          [
            7.138608,
            50.7121806
          ],
          [
            7.1380607,
            50.7119138
          ],
          [
            7.1378877,
            50.7117901
          ],
          [
            7.137021,
            50.710834
          ],
          [
            7.1372234,
            50.710734
          ]
        ]
      },
      "id": "way/51326164"
    },
    {
      "type": "Feature",
      "properties": {
        "@id": "way/237884896",
        "@relations": [
          {
            "role": "outer",
            "rel": 1434459,
            "reltags": {
              "boundary": "postal_code",
              "note": "53175 Bonn",
              "postal_code": "53175",
              "postal_code_level": "8",
              "type": "boundary"
            }
          },
          {
            "role": "outer",
            "rel": 1434541,
            "reltags": {
              "boundary": "postal_code",
              "note": "53113 Bonn",
              "postal_code": "53113",
              "postal_code_level": "8",
              "type": "boundary"
            }
          }
        ]
      },
      "geometry": {
        "type": "LineString",
        "coordinates": [
          [
            7.141217,
            50.7149149
          ],
          [
            7.1411274,
            50.7148092
          ],
          [
            7.140888,
            50.7145266
          ],
          [
            7.1403477,
            50.7138013
          ],
          [
            7.1401564,
            50.7135447
          ],
          [
            7.1401175,
            50.7134924
          ],
          [
            7.1396874,
            50.7129314
          ]
        ]
      },
      "id": "way/237884896"
    },
    {
      "type": "Feature",
      "properties": {
        "@id": "way/288660022",
        "@relations": [
          {
            "role": "outer",
            "rel": 1434459,
            "reltags": {
              "boundary": "postal_code",
              "note": "53175 Bonn",
              "postal_code": "53175",
              "postal_code_level": "8",
              "type": "boundary"
            }
          },
          {
            "role": "outer",
            "rel": 1434541,
            "reltags": {
              "boundary": "postal_code",
              "note": "53113 Bonn",
              "postal_code": "53113",
              "postal_code_level": "8",
              "type": "boundary"
            }
          }
        ]
      },
      "geometry": {
        "type": "LineString",
        "coordinates": [
          [
            7.1372234,
            50.710734
          ],
          [
            7.1379847,
            50.7104404
          ]
        ]
      },
      "id": "way/288660022"
    },
    {
      "type": "Feature",
      "properties": {
        "@id": "way/41549482",
        "@relations": [
          {
            "role": "outer",
            "rel": 1434459,
            "reltags": {
              "boundary": "postal_code",
              "note": "53175 Bonn",
              "postal_code": "53175",
              "postal_code_level": "8",
              "type": "boundary"
            }
          },
          {
            "role": "outer",
            "rel": 1434468,
            "reltags": {
              "boundary": "postal_code",
              "note": "53227 Bonn",
              "postal_code": "53227",
              "postal_code_level": "8",
              "type": "boundary"
            }
          }
        ]
      },
      "geometry": {
        "type": "LineString",
        "coordinates": [
          [
            7.1536383,
            50.7145995
          ],
          [
            7.1545304,
            50.7142179
          ],
          [
            7.1552755,
            50.7138822
          ],
          [
            7.1562855,
            50.7133986
          ],
          [
            7.1571363,
            50.7129618
          ]
        ]
      },
      "id": "way/41549482"
    },
    {
      "type": "Feature",
      "properties": {
        "@id": "way/32944908",
        "@relations": [
          {
            "role": "outer",
            "rel": 1434459,
            "reltags": {
              "boundary": "postal_code",
              "note": "53175 Bonn",
              "postal_code": "53175",
              "postal_code_level": "8",
              "type": "boundary"
            }
          }
        ]
      },
      "geometry": {
        "type": "LineString",
        "coordinates": [
          [
            7.1682649,
            50.7033691
          ],
          [
            7.16856,
            50.7028918
          ],
          [
            7.1688591,
            50.7024037
          ],
          [
            7.1690726,
            50.7020315
          ],
          [
            7.1692631,
            50.7016558
          ],
          [
            7.1697048,
            50.7006793
          ],
          [
            7.1699058,
            50.7002602
          ]
        ]
      },
      "id": "way/32944908"
    },
    {
      "type": "Feature",
      "properties": {
        "@id": "way/49076722",
        "@relations": [
          {
            "role": "outer",
            "rel": 1434457,
            "reltags": {
              "boundary": "postal_code",
              "note": "53173 Bonn",
              "postal_code": "53173",
              "postal_code_level": "8",
              "type": "boundary"
            }
          }
        ]
      },
      "geometry": {
        "type": "LineString",
        "coordinates": [
          [
            7.1722799,
            50.694399
          ],
          [
            7.1729866,
            50.6925548
          ],
          [
            7.1730686,
            50.6923519
          ],
          [
            7.1733712,
            50.6916471
          ],
          [
            7.173449,
            50.691482
          ]
        ]
      },
      "id": "way/49076722"
    },
    {
      "type": "Feature",
      "properties": {
        "@id": "way/100324698",
        "@relations": [
          {
            "role": "outer",
            "rel": 1434457,
            "reltags": {
              "boundary": "postal_code",
              "note": "53173 Bonn",
              "postal_code": "53173",
              "postal_code_level": "8",
              "type": "boundary"
            }
          }
        ]
      },
      "geometry": {
        "type": "LineString",
        "coordinates": [
          [
            7.1708866,
            50.6978465
          ],
          [
            7.1719407,
            50.6952895
          ],
          [
            7.1722799,
            50.694399
          ]
        ]
      },
      "id": "way/100324698"
    },
    {
      "type": "Feature",
      "properties": {
        "@id": "way/275184329",
        "@relations": [
          {
            "role": "outer",
            "rel": 1434459,
            "reltags": {
              "boundary": "postal_code",
              "note": "53175 Bonn",
              "postal_code": "53175",
              "postal_code_level": "8",
              "type": "boundary"
            }
          }
        ]
      },
      "geometry": {
        "type": "LineString",
        "coordinates": [
          [
            7.1699058,
            50.7002602
          ],
          [
            7.1708866,
            50.6978465
          ]
        ]
      },
      "id": "way/275184329"
    },
    {
      "type": "Feature",
      "properties": {
        "@id": "way/238663733",
        "@relations": [
          {
            "role": "outer",
            "rel": 1434459,
            "reltags": {
              "boundary": "postal_code",
              "note": "53175 Bonn",
              "postal_code": "53175",
              "postal_code_level": "8",
              "type": "boundary"
            }
          },
          {
            "role": "outer",
            "rel": 1434468,
            "reltags": {
              "boundary": "postal_code",
              "note": "53227 Bonn",
              "postal_code": "53227",
              "postal_code_level": "8",
              "type": "boundary"
            }
          }
        ]
      },
      "geometry": {
        "type": "LineString",
        "coordinates": [
          [
            7.1643346,
            50.7079722
          ],
          [
            7.1654262,
            50.7069229
          ],
          [
            7.1664341,
            50.7058027
          ],
          [
            7.167418,
            50.7045787
          ],
          [
            7.1676217,
            50.7043041
          ],
          [
            7.1678468,
            50.7039894
          ],
          [
            7.1682649,
            50.7033691
          ]
        ]
      },
      "id": "way/238663733"
    },
    {
      "type": "Feature",
      "properties": {
        "@id": "way/147046712",
        "@relations": [
          {
            "role": "outer",
            "rel": 1434459,
            "reltags": {
              "boundary": "postal_code",
              "note": "53175 Bonn",
              "postal_code": "53175",
              "postal_code_level": "8",
              "type": "boundary"
            }
          },
          {
            "role": "outer",
            "rel": 1434468,
            "reltags": {
              "boundary": "postal_code",
              "note": "53227 Bonn",
              "postal_code": "53227",
              "postal_code_level": "8",
              "type": "boundary"
            }
          }
        ]
      },
      "geometry": {
        "type": "LineString",
        "coordinates": [
          [
            7.1618248,
            50.710039
          ],
          [
            7.1624955,
            50.7095326
          ],
          [
            7.163136,
            50.7090207
          ],
          [
            7.1637394,
            50.7085029
          ],
          [
            7.1643346,
            50.7079722
          ]
        ]
      },
      "id": "way/147046712"
    },
    {
      "type": "Feature",
      "properties": {
        "@id": "way/288764673",
        "@relations": [
          {
            "role": "outer",
            "rel": 1434468,
            "reltags": {
              "boundary": "postal_code",
              "note": "53227 Bonn",
              "postal_code": "53227",
              "postal_code_level": "8",
              "type": "boundary"
            }
          }
        ]
      },
      "geometry": {
        "type": "LineString",
        "coordinates": [
          [
            7.1714513,
            50.7042021
          ],
          [
            7.1713476,
            50.7041746
          ],
          [
            7.1682649,
            50.7033691
          ]
        ]
      },
      "id": "way/288764673"
    },
    {
      "type": "Feature",
      "properties": {
        "@id": "way/238663734",
        "@relations": [
          {
            "role": "outer",
            "rel": 1434459,
            "reltags": {
              "boundary": "postal_code",
              "note": "53175 Bonn",
              "postal_code": "53175",
              "postal_code_level": "8",
              "type": "boundary"
            }
          },
          {
            "role": "outer",
            "rel": 1434468,
            "reltags": {
              "boundary": "postal_code",
              "note": "53227 Bonn",
              "postal_code": "53227",
              "postal_code_level": "8",
              "type": "boundary"
            }
          }
        ]
      },
      "geometry": {
        "type": "LineString",
        "coordinates": [
          [
            7.1571363,
            50.7129618
          ],
          [
            7.1577805,
            50.712616
          ],
          [
            7.1581465,
            50.7124091
          ],
          [
            7.15873,
            50.7120777
          ],
          [
            7.159218,
            50.7117845
          ],
          [
            7.1599105,
            50.7113543
          ],
          [
            7.1605223,
            50.7109545
          ],
          [
            7.1612372,
            50.7104644
          ],
          [
            7.1618248,
            50.710039
          ]
        ]
      },
      "id": "way/238663734"
    },
    {
      "type": "Feature",
      "properties": {
        "@id": "way/228517334",
        "@relations": [
          {
            "role": "outer",
            "rel": 1434468,
            "reltags": {
              "boundary": "postal_code",
              "note": "53227 Bonn",
              "postal_code": "53227",
              "postal_code_level": "8",
              "type": "boundary"
            }
          }
        ]
      },
      "geometry": {
        "type": "LineString",
        "coordinates": [
          [
            7.1867534,
            50.7105702
          ],
          [
            7.1866699,
            50.7105124
          ],
          [
            7.1864682,
            50.7102892
          ],
          [
            7.1863431,
            50.7103584
          ],
          [
            7.1860196,
            50.7102714
          ],
          [
            7.1859098,
            50.7101985
          ],
          [
            7.1853081,
            50.7100097
          ],
          [
            7.1852319,
            50.7101179
          ],
          [
            7.1851918,
            50.7101758
          ],
          [
            7.1851265,
            50.7101576
          ],
          [
            7.1850211,
            50.7102738
          ],
          [
            7.1848459,
            50.7102139
          ],
          [
            7.184762,
            50.7101854
          ],
          [
            7.1846816,
            50.71014
          ],
          [
            7.1845585,
            50.7100699
          ],
          [
            7.1845109,
            50.7100431
          ],
          [
            7.184386,
            50.7099518
          ],
          [
            7.18431,
            50.710009
          ],
          [
            7.1839158,
            50.7099208
          ],
          [
            7.1836227,
            50.7098159
          ],
          [
            7.1836372,
            50.7097946
          ],
          [
            7.1834777,
            50.709688
          ],
          [
            7.1834137,
            50.7094031
          ],
          [
            7.1834179,
            50.7093757
          ],
          [
            7.1831275,
            50.7092771
          ],
          [
            7.1829318,
            50.7092122
          ],
          [
            7.1827455,
            50.7091486
          ],
          [
            7.1826077,
            50.7091328
          ],
          [
            7.1824867,
            50.7091188
          ],
          [
            7.1823875,
            50.7091443
          ],
          [
            7.1821863,
            50.7092267
          ],
          [
            7.1821035,
            50.7092618
          ],
          [
            7.181987,
            50.7092873
          ],
          [
            7.1816145,
            50.7091358
          ],
          [
            7.181186,
            50.7089609
          ],
          [
            7.1812271,
            50.7089251
          ],
          [
            7.1807245,
            50.708681
          ],
          [
            7.1807762,
            50.7086386
          ],
          [
            7.1804507,
            50.7085157
          ],
          [
            7.1805224,
            50.7084307
          ],
          [
            7.1803065,
            50.7083536
          ],
          [
            7.1802322,
            50.7084378
          ],
          [
            7.1795935,
            50.7081925
          ],
          [
            7.1790288,
            50.7079764
          ],
          [
            7.178965,
            50.7080623
          ],
          [
            7.1789202,
            50.708122
          ],
          [
            7.178899,
            50.7081554
          ],
          [
            7.1788576,
            50.7082476
          ],
          [
            7.1787929,
            50.7082156
          ],
          [
            7.1780491,
            50.7079774
          ]
        ]
      },
      "id": "way/228517334"
    },
    {
      "type": "Feature",
      "properties": {
        "@id": "way/238663732",
        "@relations": [
          {
            "role": "outer",
            "rel": 1434468,
            "reltags": {
              "boundary": "postal_code",
              "note": "53227 Bonn",
              "postal_code": "53227",
              "postal_code_level": "8",
              "type": "boundary"
            }
          }
        ]
      },
      "geometry": {
        "type": "LineString",
        "coordinates": [
          [
            7.1780491,
            50.7079774
          ],
          [
            7.1774498,
            50.7077851
          ],
          [
            7.1785246,
            50.7061323
          ],
          [
            7.1781555,
            50.7060145
          ],
          [
            7.1781609,
            50.7060071
          ],
          [
            7.1774167,
            50.7057896
          ],
          [
            7.1758479,
            50.7053225
          ],
          [
            7.175789,
            50.7054224
          ],
          [
            7.1752461,
            50.7052631
          ],
          [
            7.1747504,
            50.7051182
          ],
          [
            7.1745262,
            50.7055005
          ],
          [
            7.1735133,
            50.7051704
          ],
          [
            7.173229,
            50.7050163
          ],
          [
            7.1729541,
            50.7048659
          ],
          [
            7.1728547,
            50.7049628
          ],
          [
            7.1721396,
            50.7046921
          ],
          [
            7.171808,
            50.7045688
          ],
          [
            7.1715973,
            50.7044969
          ],
          [
            7.1717695,
            50.7043046
          ],
          [
            7.1714513,
            50.7042021
          ]
        ]
      },
      "id": "way/238663732"
    },
    {
      "type": "Feature",
      "properties": {
        "@id": "way/37814838",
        "@relations": [
          {
            "role": "outer",
            "rel": 1434454,
            "reltags": {
              "boundary": "postal_code",
              "note": "53179 Bonn",
              "postal_code": "53179",
              "postal_code_level": "8",
              "type": "boundary"
            }
          }
        ]
      },
      "geometry": {
        "type": "LineString",
        "coordinates": [
          [
            7.190368,
            50.6718208
          ],
          [
            7.190497,
            50.6716502
          ],
          [
            7.190709,
            50.6713712
          ],
          [
            7.1911889,
            50.6707263
          ],
          [
            7.1927207,
            50.6688685
          ],
          [
            7.1947116,
            50.666643
          ]
        ]
      },
      "id": "way/37814838"
    },
    {
      "type": "Feature",
      "properties": {
        "@id": "way/44586983",
        "@relations": [
          {
            "role": "outer",
            "rel": 1434468,
            "reltags": {
              "boundary": "postal_code",
              "note": "53227 Bonn",
              "postal_code": "53227",
              "postal_code_level": "8",
              "type": "boundary"
            }
          }
        ]
      },
      "geometry": {
        "type": "LineString",
        "coordinates": [
          [
            7.1958414,
            50.7143258
          ],
          [
            7.196196,
            50.7143149
          ],
          [
            7.1964018,
            50.7137985
          ],
          [
            7.1967723,
            50.7133698
          ],
          [
            7.1968098,
            50.7132978
          ],
          [
            7.1969669,
            50.7133371
          ]
        ]
      },
      "id": "way/44586983"
    },
    {
      "type": "Feature",
      "properties": {
        "@id": "way/288637432",
        "@relations": [
          {
            "role": "outer",
            "rel": 1434468,
            "reltags": {
              "boundary": "postal_code",
              "note": "53227 Bonn",
              "postal_code": "53227",
              "postal_code_level": "8",
              "type": "boundary"
            }
          }
        ]
      },
      "geometry": {
        "type": "LineString",
        "coordinates": [
          [
            7.1969669,
            50.7133371
          ],
          [
            7.1965433,
            50.7129092
          ],
          [
            7.1961665,
            50.7125324
          ],
          [
            7.1959326,
            50.7125317
          ],
          [
            7.1953819,
            50.7120717
          ],
          [
            7.1955307,
            50.7120313
          ],
          [
            7.1952005,
            50.7115748
          ],
          [
            7.1952769,
            50.7115345
          ],
          [
            7.1948795,
            50.711242
          ],
          [
            7.194794,
            50.7111756
          ],
          [
            7.1944368,
            50.7109143
          ],
          [
            7.1942574,
            50.7107827
          ],
          [
            7.1942099,
            50.7107481
          ],
          [
            7.1940973,
            50.7106718
          ],
          [
            7.194114,
            50.7107032
          ],
          [
            7.193978,
            50.7106488
          ],
          [
            7.1938082,
            50.7106251
          ],
          [
            7.1937173,
            50.710642
          ],
          [
            7.1936735,
            50.7106479
          ],
          [
            7.1932184,
            50.710709
          ],
          [
            7.1931647,
            50.7107117
          ],
          [
            7.1931109,
            50.7107161
          ],
          [
            7.193033,
            50.7107287
          ],
          [
            7.1922589,
            50.7107862
          ],
          [
            7.1918162,
            50.710819
          ],
          [
            7.1914354,
            50.7108702
          ],
          [
            7.1912576,
            50.7108923
          ],
          [
            7.1908456,
            50.7109454
          ],
          [
            7.1905068,
            50.7110093
          ],
          [
            7.1903018,
            50.7110477
          ],
          [
            7.1902041,
            50.7110712
          ],
          [
            7.1900845,
            50.711099
          ],
          [
            7.189947,
            50.7111502
          ],
          [
            7.1898664,
            50.7111838
          ],
          [
            7.1898007,
            50.7112109
          ],
          [
            7.1897512,
            50.7112319
          ],
          [
            7.1897345,
            50.7112394
          ],
          [
            7.1896487,
            50.7112639
          ],
          [
            7.1895213,
            50.7113001
          ],
          [
            7.1893182,
            50.7113537
          ],
          [
            7.1891199,
            50.7114061
          ],
          [
            7.1887642,
            50.7112946
          ],
          [
            7.1886142,
            50.7112444
          ],
          [
            7.1882244,
            50.711138
          ],
          [
            7.1879253,
            50.7111065
          ],
          [
            7.1879417,
            50.7110497
          ],
          [
            7.1879097,
            50.7109793
          ],
          [
            7.1878558,
            50.7109002
          ],
          [
            7.1876287,
            50.7108472
          ],
          [
            7.1875227,
            50.7108287
          ],
          [
            7.1872716,
            50.7107851
          ],
          [
            7.1871201,
            50.7108241
          ],
          [
            7.1867534,
            50.7105702
          ]
        ]
      },
      "id": "way/288637432"
    },
    {
      "type": "Feature",
      "properties": {
        "@id": "way/288669212",
        "@relations": [
          {
            "role": "outer",
            "rel": 1434468,
            "reltags": {
              "boundary": "postal_code",
              "note": "53227 Bonn",
              "postal_code": "53227",
              "postal_code_level": "8",
              "type": "boundary"
            }
          }
        ]
      },
      "geometry": {
        "type": "LineString",
        "coordinates": [
          [
            7.195457,
            50.7171007
          ],
          [
            7.1958414,
            50.7143258
          ]
        ]
      },
      "id": "way/288669212"
    },
    {
      "type": "Feature",
      "properties": {
        "@id": "way/41399934",
        "@relations": [
          {
            "role": "outer",
            "rel": 1434468,
            "reltags": {
              "boundary": "postal_code",
              "note": "53227 Bonn",
              "postal_code": "53227",
              "postal_code_level": "8",
              "type": "boundary"
            }
          },
          {
            "role": "outer",
            "rel": 1434541,
            "reltags": {
              "boundary": "postal_code",
              "note": "53113 Bonn",
              "postal_code": "53113",
              "postal_code_level": "8",
              "type": "boundary"
            }
          }
        ]
      },
      "geometry": {
        "type": "LineString",
        "coordinates": [
          [
            7.1402655,
            50.7183875
          ],
          [
            7.1431597,
            50.7177159
          ]
        ]
      },
      "id": "way/41399934"
    },
    {
      "type": "Feature",
      "properties": {
        "@id": "way/288660021",
        "@relations": [
          {
            "role": "outer",
            "rel": 1434468,
            "reltags": {
              "boundary": "postal_code",
              "note": "53227 Bonn",
              "postal_code": "53227",
              "postal_code_level": "8",
              "type": "boundary"
            }
          },
          {
            "role": "outer",
            "rel": 1434541,
            "reltags": {
              "boundary": "postal_code",
              "note": "53113 Bonn",
              "postal_code": "53113",
              "postal_code_level": "8",
              "type": "boundary"
            }
          }
        ]
      },
      "geometry": {
        "type": "LineString",
        "coordinates": [
          [
            7.1304522,
            50.7206686
          ],
          [
            7.1364721,
            50.7192805
          ],
          [
            7.1402655,
            50.7183875
          ]
        ]
      },
      "id": "way/288660021"
    },
    {
      "type": "Feature",
      "properties": {
        "@id": "way/22941203",
        "@relations": [
          {
            "role": "outer",
            "rel": 1434468,
            "reltags": {
              "boundary": "postal_code",
              "note": "53227 Bonn",
              "postal_code": "53227",
              "postal_code_level": "8",
              "type": "boundary"
            }
          },
          {
            "role": "outer",
            "rel": 1434469,
            "reltags": {
              "boundary": "postal_code",
              "note": "53229 Bonn",
              "postal_code": "53229",
              "postal_code_level": "8",
              "type": "boundary"
            }
          }
        ]
      },
      "geometry": {
        "type": "LineString",
        "coordinates": [
          [
            7.1431179,
            50.7438413
          ],
          [
            7.1434356,
            50.7427363
          ],
          [
            7.1438978,
            50.7415056
          ],
          [
            7.1441944,
            50.7407748
          ],
          [
            7.1444531,
            50.7403187
          ]
        ]
      },
      "id": "way/22941203"
    },
    {
      "type": "Feature",
      "properties": {
        "@id": "way/22941200",
        "@relations": [
          {
            "role": "outer",
            "rel": 1434468,
            "reltags": {
              "boundary": "postal_code",
              "note": "53227 Bonn",
              "postal_code": "53227",
              "postal_code_level": "8",
              "type": "boundary"
            }
          },
          {
            "role": "outer",
            "rel": 1434469,
            "reltags": {
              "boundary": "postal_code",
              "note": "53229 Bonn",
              "postal_code": "53229",
              "postal_code_level": "8",
              "type": "boundary"
            }
          }
        ]
      },
      "geometry": {
        "type": "LineString",
        "coordinates": [
          [
            7.1667131,
            50.7361096
          ],
          [
            7.1666372,
            50.7356267
          ],
          [
            7.1632522,
            50.734974
          ],
          [
            7.16379,
            50.7344121
          ],
          [
            7.1638249,
            50.7343281
          ],
          [
            7.163664,
            50.7338536
          ],
          [
            7.1631476,
            50.733638
          ],
          [
            7.1632241,
            50.7334054
          ],
          [
            7.1634185,
            50.7330863
          ],
          [
            7.1630577,
            50.7324877
          ],
          [
            7.1625809,
            50.7319303
          ],
          [
            7.1621896,
            50.7313355
          ],
          [
            7.1619823,
            50.7310864
          ],
          [
            7.1615405,
            50.7308662
          ],
          [
            7.1601629,
            50.7304291
          ],
          [
            7.1596452,
            50.730213
          ],
          [
            7.1593758,
            50.7301281
          ],
          [
            7.1590546,
            50.7300205
          ],
          [
            7.1585981,
            50.7298326
          ],
          [
            7.158229,
            50.7297699
          ],
          [
            7.1576512,
            50.7297671
          ],
          [
            7.1571485,
            50.7298107
          ],
          [
            7.1562895,
            50.7299466
          ],
          [
            7.1561301,
            50.7300115
          ],
          [
            7.155638,
            50.7296925
          ],
          [
            7.1552452,
            50.7293523
          ]
        ]
      },
      "id": "way/22941200"
    },
    {
      "type": "Feature",
      "properties": {
        "@id": "way/288680967",
        "@relations": [
          {
            "role": "outer",
            "rel": 1434468,
            "reltags": {
              "boundary": "postal_code",
              "note": "53227 Bonn",
              "postal_code": "53227",
              "postal_code_level": "8",
              "type": "boundary"
            }
          },
          {
            "role": "outer",
            "rel": 1434469,
            "reltags": {
              "boundary": "postal_code",
              "note": "53229 Bonn",
              "postal_code": "53229",
              "postal_code_level": "8",
              "type": "boundary"
            }
          }
        ]
      },
      "geometry": {
        "type": "LineString",
        "coordinates": [
          [
            7.1489792,
            50.7348903
          ],
          [
            7.1500964,
            50.7334576
          ],
          [
            7.1520237,
            50.731759
          ],
          [
            7.1541055,
            50.7301617
          ],
          [
            7.1552452,
            50.7293523
          ]
        ]
      },
      "id": "way/288680967"
    },
    {
      "type": "Feature",
      "properties": {
        "@id": "way/292885510",
        "@relations": [
          {
            "role": "outer",
            "rel": 1434468,
            "reltags": {
              "boundary": "postal_code",
              "note": "53227 Bonn",
              "postal_code": "53227",
              "postal_code_level": "8",
              "type": "boundary"
            }
          },
          {
            "role": "outer",
            "rel": 1434469,
            "reltags": {
              "boundary": "postal_code",
              "note": "53229 Bonn",
              "postal_code": "53229",
              "postal_code_level": "8",
              "type": "boundary"
            }
          }
        ]
      },
      "geometry": {
        "type": "LineString",
        "coordinates": [
          [
            7.1444531,
            50.7403187
          ],
          [
            7.1467491,
            50.7407271
          ],
          [
            7.1472354,
            50.7409311
          ],
          [
            7.1471183,
            50.7410645
          ],
          [
            7.1473409,
            50.7411943
          ],
          [
            7.1472472,
            50.7413315
          ],
          [
            7.1478624,
            50.7415837
          ],
          [
            7.1491281,
            50.7417617
          ],
          [
            7.1493683,
            50.7412907
          ],
          [
            7.1490929,
            50.7412129
          ],
          [
            7.1490812,
            50.7409199
          ],
          [
            7.1450968,
            50.7393193
          ]
        ]
      },
      "id": "way/292885510"
    },
    {
      "type": "Feature",
      "properties": {
        "@id": "way/146724128",
        "@relations": [
          {
            "role": "outer",
            "rel": 1434468,
            "reltags": {
              "boundary": "postal_code",
              "note": "53227 Bonn",
              "postal_code": "53227",
              "postal_code_level": "8",
              "type": "boundary"
            }
          },
          {
            "role": "outer",
            "rel": 1434469,
            "reltags": {
              "boundary": "postal_code",
              "note": "53229 Bonn",
              "postal_code": "53229",
              "postal_code_level": "8",
              "type": "boundary"
            }
          }
        ]
      },
      "geometry": {
        "type": "LineString",
        "coordinates": [
          [
            7.1458745,
            50.7383503
          ],
          [
            7.1468727,
            50.7371944
          ],
          [
            7.1489792,
            50.7348903
          ]
        ]
      },
      "id": "way/146724128"
    },
    {
      "type": "Feature",
      "properties": {
        "@id": "way/292885512",
        "@relations": [
          {
            "role": "outer",
            "rel": 1434468,
            "reltags": {
              "boundary": "postal_code",
              "note": "53227 Bonn",
              "postal_code": "53227",
              "postal_code_level": "8",
              "type": "boundary"
            }
          },
          {
            "role": "outer",
            "rel": 1434469,
            "reltags": {
              "boundary": "postal_code",
              "note": "53229 Bonn",
              "postal_code": "53229",
              "postal_code_level": "8",
              "type": "boundary"
            }
          }
        ]
      },
      "geometry": {
        "type": "LineString",
        "coordinates": [
          [
            7.1450968,
            50.7393193
          ],
          [
            7.1455946,
            50.7386729
          ],
          [
            7.1458745,
            50.7383503
          ]
        ]
      },
      "id": "way/292885512"
    },
    {
      "type": "Feature",
      "properties": {
        "@id": "way/44586978",
        "@relations": [
          {
            "role": "outer",
            "rel": 1434468,
            "reltags": {
              "boundary": "postal_code",
              "note": "53227 Bonn",
              "postal_code": "53227",
              "postal_code_level": "8",
              "type": "boundary"
            }
          },
          {
            "role": "outer",
            "rel": 1434469,
            "reltags": {
              "boundary": "postal_code",
              "note": "53229 Bonn",
              "postal_code": "53229",
              "postal_code_level": "8",
              "type": "boundary"
            }
          }
        ]
      },
      "geometry": {
        "type": "LineString",
        "coordinates": [
          [
            7.1770564,
            50.7265972
          ],
          [
            7.1775911,
            50.7269686
          ],
          [
            7.1782436,
            50.7274208
          ],
          [
            7.1779641,
            50.7274601
          ],
          [
            7.1778569,
            50.727464
          ],
          [
            7.1778896,
            50.7275053
          ],
          [
            7.1777747,
            50.7275633
          ],
          [
            7.1775049,
            50.7277058
          ],
          [
            7.1776099,
            50.7279184
          ],
          [
            7.1777068,
            50.7280173
          ],
          [
            7.1774404,
            50.7280721
          ],
          [
            7.1773014,
            50.7281502
          ],
          [
            7.1771664,
            50.7282062
          ],
          [
            7.177081,
            50.7282746
          ],
          [
            7.176997,
            50.7283159
          ],
          [
            7.1768767,
            50.7283366
          ],
          [
            7.1767634,
            50.7283916
          ],
          [
            7.1765802,
            50.7284122
          ],
          [
            7.1763462,
            50.7285506
          ],
          [
            7.176175,
            50.7285744
          ],
          [
            7.1759762,
            50.7286668
          ],
          [
            7.1759498,
            50.7286963
          ],
          [
            7.1759149,
            50.7288363
          ],
          [
            7.1758163,
            50.7289169
          ],
          [
            7.1757195,
            50.7290339
          ],
          [
            7.1755972,
            50.7291282
          ],
          [
            7.1753786,
            50.7293916
          ],
          [
            7.1753344,
            50.7294772
          ],
          [
            7.1752095,
            50.729612
          ],
          [
            7.1752013,
            50.7296624
          ],
          [
            7.1752008,
            50.729752
          ],
          [
            7.1750487,
            50.7297679
          ],
          [
            7.1749777,
            50.7299543
          ],
          [
            7.174824,
            50.7300926
          ],
          [
            7.1746827,
            50.730245
          ],
          [
            7.1745621,
            50.7303402
          ],
          [
            7.1745124,
            50.7303953
          ],
          [
            7.1743664,
            50.7304877
          ],
          [
            7.1743509,
            50.7305466
          ],
          [
            7.1743059,
            50.7305614
          ],
          [
            7.1741584,
            50.7307196
          ],
          [
            7.1740482,
            50.7308061
          ],
          [
            7.1740114,
            50.730889
          ]
        ]
      },
      "id": "way/44586978"
    },
    {
      "type": "Feature",
      "properties": {
        "@id": "way/238663729",
        "@relations": [
          {
            "role": "outer",
            "rel": 1434468,
            "reltags": {
              "boundary": "postal_code",
              "note": "53227 Bonn",
              "postal_code": "53227",
              "postal_code_level": "8",
              "type": "boundary"
            }
          },
          {
            "role": "outer",
            "rel": 1434469,
            "reltags": {
              "boundary": "postal_code",
              "note": "53229 Bonn",
              "postal_code": "53229",
              "postal_code_level": "8",
              "type": "boundary"
            }
          }
        ]
      },
      "geometry": {
        "type": "LineString",
        "coordinates": [
          [
            7.1767551,
            50.7228293
          ],
          [
            7.1770416,
            50.7225483
          ],
          [
            7.1773114,
            50.7222079
          ],
          [
            7.1774321,
            50.7220387
          ],
          [
            7.1775503,
            50.7218728
          ],
          [
            7.177668,
            50.7216771
          ],
          [
            7.177772,
            50.7215312
          ],
          [
            7.1781004,
            50.7211436
          ],
          [
            7.1782343,
            50.7210035
          ],
          [
            7.1782958,
            50.720905
          ],
          [
            7.1783246,
            50.7208781
          ],
          [
            7.1784023,
            50.7208062
          ],
          [
            7.1787275,
            50.7206323
          ],
          [
            7.1790287,
            50.7204851
          ],
          [
            7.1792619,
            50.7203715
          ],
          [
            7.1788205,
            50.7196232
          ],
          [
            7.1786003,
            50.7192509
          ],
          [
            7.1782541,
            50.7187206
          ],
          [
            7.1781533,
            50.7187015
          ],
          [
            7.1783762,
            50.7186208
          ],
          [
            7.178638,
            50.7185541
          ],
          [
            7.1791254,
            50.7184158
          ],
          [
            7.1792273,
            50.7183714
          ],
          [
            7.179925,
            50.7182053
          ],
          [
            7.1802137,
            50.7181385
          ],
          [
            7.1810572,
            50.7179537
          ],
          [
            7.182299,
            50.7177053
          ],
          [
            7.1829782,
            50.7175957
          ],
          [
            7.1836779,
            50.7175412
          ],
          [
            7.1843564,
            50.7175371
          ],
          [
            7.185295,
            50.7174196
          ],
          [
            7.1857308,
            50.7173772
          ],
          [
            7.1857424,
            50.7174053
          ],
          [
            7.1860986,
            50.7173536
          ],
          [
            7.1862644,
            50.7173084
          ],
          [
            7.186529,
            50.7172139
          ],
          [
            7.1867233,
            50.7171791
          ],
          [
            7.1871131,
            50.7171314
          ],
          [
            7.1877991,
            50.7171421
          ],
          [
            7.1884881,
            50.7171906
          ],
          [
            7.1888246,
            50.7173012
          ],
          [
            7.1897182,
            50.717623
          ],
          [
            7.1909512,
            50.7167187
          ],
          [
            7.1907077,
            50.7166082
          ],
          [
            7.1916853,
            50.7157403
          ],
          [
            7.1919847,
            50.7160144
          ],
          [
            7.1922862,
            50.7161629
          ],
          [
            7.1925433,
            50.7162934
          ],
          [
            7.1929757,
            50.7164855
          ],
          [
            7.1937573,
            50.7167775
          ],
          [
            7.195457,
            50.7171007
          ]
        ]
      },
      "id": "way/238663729"
    },
    {
      "type": "Feature",
      "properties": {
        "@id": "way/288669209",
        "@relations": [
          {
            "role": "outer",
            "rel": 1434468,
            "reltags": {
              "boundary": "postal_code",
              "note": "53227 Bonn",
              "postal_code": "53227",
              "postal_code_level": "8",
              "type": "boundary"
            }
          },
          {
            "role": "outer",
            "rel": 1434469,
            "reltags": {
              "boundary": "postal_code",
              "note": "53229 Bonn",
              "postal_code": "53229",
              "postal_code_level": "8",
              "type": "boundary"
            }
          }
        ]
      },
      "geometry": {
        "type": "LineString",
        "coordinates": [
          [
            7.1770564,
            50.7265972
          ],
          [
            7.1766248,
            50.7262119
          ],
          [
            7.1761164,
            50.7257318
          ],
          [
            7.1760816,
            50.7256733
          ],
          [
            7.1760761,
            50.7256386
          ],
          [
            7.1764208,
            50.7256706
          ],
          [
            7.1772814,
            50.7254839
          ],
          [
            7.179028,
            50.7253558
          ],
          [
            7.1806498,
            50.7251427
          ],
          [
            7.1808291,
            50.7239554
          ],
          [
            7.1792587,
            50.7235635
          ],
          [
            7.1784682,
            50.7233485
          ],
          [
            7.1767551,
            50.7228293
          ]
        ]
      },
      "id": "way/288669209"
    },
    {
      "type": "Feature",
      "properties": {
        "@id": "way/1120497623",
        "@relations": [
          {
            "role": "outer",
            "rel": 1434468,
            "reltags": {
              "boundary": "postal_code",
              "note": "53227 Bonn",
              "postal_code": "53227",
              "postal_code_level": "8",
              "type": "boundary"
            }
          },
          {
            "role": "outer",
            "rel": 1434469,
            "reltags": {
              "boundary": "postal_code",
              "note": "53229 Bonn",
              "postal_code": "53229",
              "postal_code_level": "8",
              "type": "boundary"
            }
          }
        ]
      },
      "geometry": {
        "type": "LineString",
        "coordinates": [
          [
            7.1713377,
            50.7339961
          ],
          [
            7.1713213,
            50.7340044
          ],
          [
            7.1712848,
            50.7340231
          ],
          [
            7.171093,
            50.7340961
          ],
          [
            7.1704694,
            50.7342763
          ],
          [
            7.1702481,
            50.7343871
          ],
          [
            7.1686622,
            50.7348594
          ],
          [
            7.1667131,
            50.7361096
          ]
        ]
      },
      "id": "way/1120497623"
    },
    {
      "type": "Feature",
      "properties": {
        "@id": "way/288669217",
        "@relations": [
          {
            "role": "outer",
            "rel": 1434468,
            "reltags": {
              "boundary": "postal_code",
              "note": "53227 Bonn",
              "postal_code": "53227",
              "postal_code_level": "8",
              "type": "boundary"
            }
          },
          {
            "role": "outer",
            "rel": 1434469,
            "reltags": {
              "boundary": "postal_code",
              "note": "53229 Bonn",
              "postal_code": "53229",
              "postal_code_level": "8",
              "type": "boundary"
            }
          }
        ]
      },
      "geometry": {
        "type": "LineString",
        "coordinates": [
          [
            7.1716163,
            50.7338882
          ],
          [
            7.171616,
            50.7333498
          ],
          [
            7.1718469,
            50.7330627
          ],
          [
            7.1731906,
            50.7327807
          ],
          [
            7.1741457,
            50.7314864
          ],
          [
            7.1738424,
            50.7311053
          ],
          [
            7.1740114,
            50.730889
          ]
        ]
      },
      "id": "way/288669217"
    },
    {
      "type": "Feature",
      "properties": {
        "@id": "way/1120497624",
        "@relations": [
          {
            "role": "outer",
            "rel": 1434468,
            "reltags": {
              "boundary": "postal_code",
              "note": "53227 Bonn",
              "postal_code": "53227",
              "postal_code_level": "8",
              "type": "boundary"
            }
          },
          {
            "role": "outer",
            "rel": 1434469,
            "reltags": {
              "boundary": "postal_code",
              "note": "53229 Bonn",
              "postal_code": "53229",
              "postal_code_level": "8",
              "type": "boundary"
            }
          }
        ]
      },
      "geometry": {
        "type": "LineString",
        "coordinates": [
          [
            7.1716163,
            50.7338882
          ],
          [
            7.1715748,
            50.7338759
          ],
          [
            7.1713377,
            50.7339961
          ]
        ]
      },
      "id": "way/1120497624"
    },
    {
      "type": "Feature",
      "properties": {
        "@id": "way/142379418",
        "@relations": [
          {
            "role": "outer",
            "rel": 1434468,
            "reltags": {
              "boundary": "postal_code",
              "note": "53227 Bonn",
              "postal_code": "53227",
              "postal_code_level": "8",
              "type": "boundary"
            }
          },
          {
            "role": "outer",
            "rel": 1434469,
            "reltags": {
              "boundary": "postal_code",
              "note": "53229 Bonn",
              "postal_code": "53229",
              "postal_code_level": "8",
              "type": "boundary"
            }
          }
        ]
      },
      "geometry": {
        "type": "LineString",
        "coordinates": [
          [
            7.1426379,
            50.7456884
          ],
          [
            7.1426911,
            50.7454216
          ],
          [
            7.1428601,
            50.7446191
          ],
          [
            7.1431179,
            50.7438413
          ]
        ]
      },
      "id": "way/142379418"
    },
    {
      "type": "Feature",
      "properties": {
        "@id": "way/289552037",
        "@relations": [
          {
            "role": "outer",
            "rel": 1434468,
            "reltags": {
              "boundary": "postal_code",
              "note": "53227 Bonn",
              "postal_code": "53227",
              "postal_code_level": "8",
              "type": "boundary"
            }
          },
          {
            "role": "outer",
            "rel": 1434469,
            "reltags": {
              "boundary": "postal_code",
              "note": "53229 Bonn",
              "postal_code": "53229",
              "postal_code_level": "8",
              "type": "boundary"
            }
          }
        ]
      },
      "geometry": {
        "type": "LineString",
        "coordinates": [
          [
            7.1396396,
            50.7445623
          ],
          [
            7.1395801,
            50.7446201
          ]
        ]
      },
      "id": "way/289552037"
    },
    {
      "type": "Feature",
      "properties": {
        "@id": "way/289552044",
        "@relations": [
          {
            "role": "outer",
            "rel": 1434468,
            "reltags": {
              "boundary": "postal_code",
              "note": "53227 Bonn",
              "postal_code": "53227",
              "postal_code_level": "8",
              "type": "boundary"
            }
          },
          {
            "role": "outer",
            "rel": 1434469,
            "reltags": {
              "boundary": "postal_code",
              "note": "53229 Bonn",
              "postal_code": "53229",
              "postal_code_level": "8",
              "type": "boundary"
            }
          }
        ]
      },
      "geometry": {
        "type": "LineString",
        "coordinates": [
          [
            7.141476,
            50.7454265
          ],
          [
            7.1415383,
            50.7454388
          ],
          [
            7.1424729,
            50.7456652
          ],
          [
            7.1426379,
            50.7456884
          ]
        ]
      },
      "id": "way/289552044"
    },
    {
      "type": "Feature",
      "properties": {
        "@id": "way/289552053",
        "@relations": [
          {
            "role": "outer",
            "rel": 1434468,
            "reltags": {
              "boundary": "postal_code",
              "note": "53227 Bonn",
              "postal_code": "53227",
              "postal_code_level": "8",
              "type": "boundary"
            }
          },
          {
            "role": "outer",
            "rel": 1434469,
            "reltags": {
              "boundary": "postal_code",
              "note": "53229 Bonn",
              "postal_code": "53229",
              "postal_code_level": "8",
              "type": "boundary"
            }
          }
        ]
      },
      "geometry": {
        "type": "LineString",
        "coordinates": [
          [
            7.141476,
            50.7454265
          ],
          [
            7.1413445,
            50.7453925
          ],
          [
            7.1411445,
            50.7453297
          ],
          [
            7.1410521,
            50.7452884
          ],
          [
            7.1400991,
            50.7448558
          ],
          [
            7.1395801,
            50.7446201
          ]
        ]
      },
      "id": "way/289552053"
    },
    {
      "type": "Feature",
      "properties": {
        "@id": "way/238640148",
        "@relations": [
          {
            "role": "outer",
            "rel": 1434469,
            "reltags": {
              "boundary": "postal_code",
              "note": "53229 Bonn",
              "postal_code": "53229",
              "postal_code_level": "8",
              "type": "boundary"
            }
          },
          {
            "role": "outer",
            "rel": 1434470,
            "reltags": {
              "boundary": "postal_code",
              "note": "53225 Bonn",
              "postal_code": "53225",
              "postal_code_level": "8",
              "type": "boundary"
            }
          }
        ]
      },
      "geometry": {
        "type": "LineString",
        "coordinates": [
          [
            7.1324342,
            50.7511949
          ],
          [
            7.1333103,
            50.7524066
          ],
          [
            7.1339705,
            50.7535078
          ],
          [
            7.1351735,
            50.7554943
          ]
        ]
      },
      "id": "way/238640148"
    },
    {
      "type": "Feature",
      "properties": {
        "@id": "way/238640145",
        "@relations": [
          {
            "role": "outer",
            "rel": 1434469,
            "reltags": {
              "boundary": "postal_code",
              "note": "53229 Bonn",
              "postal_code": "53229",
              "postal_code_level": "8",
              "type": "boundary"
            }
          }
        ]
      },
      "geometry": {
        "type": "LineString",
        "coordinates": [
          [
            7.158327,
            50.7530539
          ],
          [
            7.1582472,
            50.7531031
          ],
          [
            7.1581228,
            50.7531793
          ],
          [
            7.1581279,
            50.7531814
          ],
          [
            7.1580514,
            50.753237
          ],
          [
            7.1578858,
            50.7533549
          ],
          [
            7.1575686,
            50.7535467
          ],
          [
            7.1571703,
            50.7537957
          ],
          [
            7.1570362,
            50.7539026
          ],
          [
            7.156882,
            50.7540252
          ],
          [
            7.1566983,
            50.754186
          ],
          [
            7.1566131,
            50.7542806
          ],
          [
            7.1563576,
            50.7545559
          ],
          [
            7.1559011,
            50.7550358
          ],
          [
            7.1553907,
            50.755549
          ],
          [
            7.1553216,
            50.7556258
          ],
          [
            7.155278,
            50.7556686
          ],
          [
            7.1547104,
            50.7562061
          ],
          [
            7.1547637,
            50.7562313
          ],
          [
            7.1547614,
            50.7562578
          ],
          [
            7.1547195,
            50.7564076
          ],
          [
            7.154527,
            50.7569446
          ],
          [
            7.1543701,
            50.7573031
          ],
          [
            7.1539765,
            50.7578995
          ],
          [
            7.1538243,
            50.7584259
          ],
          [
            7.1538035,
            50.7586257
          ],
          [
            7.1537971,
            50.7588367
          ],
          [
            7.1537881,
            50.7589031
          ],
          [
            7.1534199,
            50.7590707
          ],
          [
            7.1531799,
            50.7591644
          ],
          [
            7.153025,
            50.7592798
          ],
          [
            7.152854,
            50.7595635
          ],
          [
            7.1527413,
            50.7597343
          ],
          [
            7.1524736,
            50.7598694
          ],
          [
            7.1522143,
            50.7599435
          ]
        ]
      },
      "id": "way/238640145"
    },
    {
      "type": "Feature",
      "properties": {
        "@id": "way/41544188",
        "@relations": [
          {
            "role": "outer",
            "rel": 1434469,
            "reltags": {
              "boundary": "postal_code",
              "note": "53229 Bonn",
              "postal_code": "53229",
              "postal_code_level": "8",
              "type": "boundary"
            }
          }
        ]
      },
      "geometry": {
        "type": "LineString",
        "coordinates": [
          [
            7.1522143,
            50.7599435
          ],
          [
            7.1520996,
            50.7599769
          ],
          [
            7.1518813,
            50.7600304
          ],
          [
            7.1505607,
            50.7605154
          ],
          [
            7.1501351,
            50.7606719
          ],
          [
            7.1498999,
            50.7607527
          ],
          [
            7.1496186,
            50.7608515
          ],
          [
            7.1494516,
            50.7609037
          ],
          [
            7.1492555,
            50.7609614
          ],
          [
            7.1492441,
            50.7609663
          ],
          [
            7.1491385,
            50.761003
          ],
          [
            7.1490785,
            50.7610434
          ],
          [
            7.1488377,
            50.7611523
          ],
          [
            7.1482838,
            50.7613856
          ],
          [
            7.1479995,
            50.7614931
          ],
          [
            7.1479278,
            50.7615134
          ],
          [
            7.1478331,
            50.7615424
          ],
          [
            7.1478,
            50.7615489
          ],
          [
            7.1476314,
            50.7616029
          ],
          [
            7.1474431,
            50.7616644
          ],
          [
            7.1466755,
            50.7619126
          ],
          [
            7.1463399,
            50.7620192
          ],
          [
            7.1462048,
            50.7620746
          ],
          [
            7.1459691,
            50.7621251
          ],
          [
            7.1448419,
            50.7623645
          ],
          [
            7.1455939,
            50.7628105
          ],
          [
            7.1447745,
            50.7634556
          ],
          [
            7.1452915,
            50.7637623
          ],
          [
            7.1444996,
            50.7644782
          ],
          [
            7.1453599,
            50.7649575
          ],
          [
            7.1444044,
            50.7656479
          ],
          [
            7.1440168,
            50.7659058
          ],
          [
            7.1434535,
            50.7662807
          ],
          [
            7.1429895,
            50.7666701
          ],
          [
            7.1426763,
            50.7669381
          ],
          [
            7.1423769,
            50.7671896
          ],
          [
            7.1423469,
            50.7671728
          ],
          [
            7.1423201,
            50.7671925
          ],
          [
            7.1424685,
            50.7672848
          ],
          [
            7.1424763,
            50.7673301
          ],
          [
            7.142239,
            50.7675021
          ],
          [
            7.1423152,
            50.7676121
          ],
          [
            7.1420389,
            50.7674815
          ]
        ]
      },
      "id": "way/41544188"
    },
    {
      "type": "Feature",
      "properties": {
        "@id": "way/142374610",
        "@relations": [
          {
            "role": "outer",
            "rel": 1434469,
            "reltags": {
              "boundary": "postal_code",
              "note": "53229 Bonn",
              "postal_code": "53229",
              "postal_code_level": "8",
              "type": "boundary"
            }
          },
          {
            "role": "outer",
            "rel": 1434470,
            "reltags": {
              "boundary": "postal_code",
              "note": "53225 Bonn",
              "postal_code": "53225",
              "postal_code_level": "8",
              "type": "boundary"
            }
          }
        ]
      },
      "geometry": {
        "type": "LineString",
        "coordinates": [
          [
            7.1420389,
            50.7674815
          ],
          [
            7.1391567,
            50.7624826
          ],
          [
            7.1380868,
            50.7606826
          ]
        ]
      },
      "id": "way/142374610"
    },
    {
      "type": "Feature",
      "properties": {
        "@id": "way/289552038",
        "@relations": [
          {
            "role": "outer",
            "rel": 1434469,
            "reltags": {
              "boundary": "postal_code",
              "note": "53229 Bonn",
              "postal_code": "53229",
              "postal_code_level": "8",
              "type": "boundary"
            }
          },
          {
            "role": "outer",
            "rel": 1434470,
            "reltags": {
              "boundary": "postal_code",
              "note": "53225 Bonn",
              "postal_code": "53225",
              "postal_code_level": "8",
              "type": "boundary"
            }
          }
        ]
      },
      "geometry": {
        "type": "LineString",
        "coordinates": [
          [
            7.1380868,
            50.7606826
          ],
          [
            7.1351735,
            50.7554943
          ]
        ]
      },
      "id": "way/289552038"
    },
    {
      "type": "Feature",
      "properties": {
        "@id": "way/41547423",
        "@relations": [
          {
            "role": "outer",
            "rel": 1434469,
            "reltags": {
              "boundary": "postal_code",
              "note": "53229 Bonn",
              "postal_code": "53229",
              "postal_code_level": "8",
              "type": "boundary"
            }
          }
        ]
      },
      "geometry": {
        "type": "LineString",
        "coordinates": [
          [
            7.1718057,
            50.752307
          ],
          [
            7.1713371,
            50.7523164
          ],
          [
            7.1710608,
            50.752327
          ],
          [
            7.1699772,
            50.752334
          ],
          [
            7.169543,
            50.7528838
          ],
          [
            7.1694833,
            50.7529593
          ],
          [
            7.1692554,
            50.7531653
          ],
          [
            7.1689161,
            50.7533341
          ],
          [
            7.1684447,
            50.7534932
          ],
          [
            7.1680594,
            50.7536211
          ],
          [
            7.1676182,
            50.7538175
          ],
          [
            7.1671827,
            50.7540233
          ],
          [
            7.1668622,
            50.7541764
          ],
          [
            7.1668212,
            50.7541902
          ],
          [
            7.1667073,
            50.754103
          ],
          [
            7.1664508,
            50.7542462
          ],
          [
            7.1664964,
            50.7542842
          ],
          [
            7.1662959,
            50.7543991
          ],
          [
            7.1660786,
            50.7545222
          ],
          [
            7.1658858,
            50.754632
          ],
          [
            7.1656568,
            50.754761
          ],
          [
            7.1655904,
            50.754806
          ],
          [
            7.1649792,
            50.7552228
          ],
          [
            7.1644049,
            50.7556154
          ],
          [
            7.1643107,
            50.7555821
          ],
          [
            7.1640017,
            50.7554341
          ],
          [
            7.1638408,
            50.7553566
          ],
          [
            7.1636422,
            50.7552605
          ],
          [
            7.163333,
            50.7551123
          ],
          [
            7.1630814,
            50.7549842
          ],
          [
            7.162803,
            50.7548416
          ],
          [
            7.1625746,
            50.7547243
          ],
          [
            7.1622528,
            50.7545591
          ],
          [
            7.1620234,
            50.7544424
          ],
          [
            7.1616805,
            50.7542807
          ],
          [
            7.1614274,
            50.754163
          ],
          [
            7.1612391,
            50.7540755
          ],
          [
            7.1610807,
            50.7540044
          ],
          [
            7.160859,
            50.7539085
          ],
          [
            7.1605452,
            50.7537813
          ],
          [
            7.1601,
            50.7536094
          ],
          [
            7.1596091,
            50.7534304
          ],
          [
            7.159239,
            50.7533163
          ],
          [
            7.1589768,
            50.7532353
          ],
          [
            7.1587471,
            50.7531704
          ],
          [
            7.158327,
            50.7530539
          ]
        ]
      },
      "id": "way/41547423"
    },
    {
      "type": "Feature",
      "properties": {
        "@id": "way/238675167",
        "@relations": [
          {
            "role": "outer",
            "rel": 1434469,
            "reltags": {
              "boundary": "postal_code",
              "note": "53229 Bonn",
              "postal_code": "53229",
              "postal_code_level": "8",
              "type": "boundary"
            }
          }
        ]
      },
      "geometry": {
        "type": "LineString",
        "coordinates": [
          [
            7.1762978,
            50.7521904
          ],
          [
            7.1763193,
            50.7523151
          ],
          [
            7.1762462,
            50.7523758
          ],
          [
            7.176277,
            50.7524744
          ],
          [
            7.1757681,
            50.7524377
          ],
          [
            7.1753389,
            50.7523953
          ],
          [
            7.1750184,
            50.7523635
          ],
          [
            7.1746939,
            50.7523316
          ],
          [
            7.1741601,
            50.7522892
          ],
          [
            7.1733917,
            50.7522311
          ],
          [
            7.1729022,
            50.7522222
          ],
          [
            7.1726648,
            50.7522409
          ],
          [
            7.1721434,
            50.7523032
          ],
          [
            7.1719865,
            50.7522992
          ],
          [
            7.1718057,
            50.752307
          ]
        ]
      },
      "id": "way/238675167"
    },
    {
      "type": "Feature",
      "properties": {
        "@id": "way/1366057070",
        "@relations": [
          {
            "role": "outer",
            "rel": 1434469,
            "reltags": {
              "boundary": "postal_code",
              "note": "53229 Bonn",
              "postal_code": "53229",
              "postal_code_level": "8",
              "type": "boundary"
            }
          }
        ]
      },
      "geometry": {
        "type": "LineString",
        "coordinates": [
          [
            7.1767323,
            50.7518719
          ],
          [
            7.1781472,
            50.7507861
          ],
          [
            7.1797237,
            50.7515159
          ],
          [
            7.1806792,
            50.7516024
          ],
          [
            7.1817766,
            50.751691
          ],
          [
            7.1826866,
            50.7517534
          ],
          [
            7.1833267,
            50.7501277
          ],
          [
            7.1839485,
            50.7485244
          ]
        ]
      },
      "id": "way/1366057070"
    },
    {
      "type": "Feature",
      "properties": {
        "@id": "way/1366057068",
        "@relations": [
          {
            "role": "outer",
            "rel": 1434469,
            "reltags": {
              "boundary": "postal_code",
              "note": "53229 Bonn",
              "postal_code": "53229",
              "postal_code_level": "8",
              "type": "boundary"
            }
          }
        ]
      },
      "geometry": {
        "type": "LineString",
        "coordinates": [
          [
            7.1762978,
            50.7521904
          ],
          [
            7.1767323,
            50.7518719
          ]
        ]
      },
      "id": "way/1366057068"
    },
    {
      "type": "Feature",
      "properties": {
        "@id": "way/44584824",
        "@relations": [
          {
            "role": "outer",
            "rel": 1434469,
            "reltags": {
              "boundary": "postal_code",
              "note": "53229 Bonn",
              "postal_code": "53229",
              "postal_code_level": "8",
              "type": "boundary"
            }
          }
        ]
      },
      "geometry": {
        "type": "LineString",
        "coordinates": [
          [
            7.1928283,
            50.7288815
          ],
          [
            7.192614,
            50.7287867
          ],
          [
            7.1931552,
            50.728362
          ],
          [
            7.1932896,
            50.7282568
          ],
          [
            7.1934282,
            50.7281508
          ],
          [
            7.1942343,
            50.7275346
          ],
          [
            7.1942505,
            50.7274427
          ],
          [
            7.1931724,
            50.7273628
          ],
          [
            7.1921527,
            50.7272868
          ],
          [
            7.1920623,
            50.7272801
          ],
          [
            7.1919928,
            50.7272749
          ],
          [
            7.19194,
            50.727259
          ],
          [
            7.1917511,
            50.7272028
          ],
          [
            7.1914835,
            50.7270421
          ],
          [
            7.191486,
            50.7269812
          ],
          [
            7.191163,
            50.7271549
          ],
          [
            7.1908132,
            50.7273406
          ]
        ]
      },
      "id": "way/44584824"
    },
    {
      "type": "Feature",
      "properties": {
        "@id": "way/288758277",
        "@relations": [
          {
            "role": "outer",
            "rel": 1434469,
            "reltags": {
              "boundary": "postal_code",
              "note": "53229 Bonn",
              "postal_code": "53229",
              "postal_code_level": "8",
              "type": "boundary"
            }
          }
        ]
      },
      "geometry": {
        "type": "LineString",
        "coordinates": [
          [
            7.1906734,
            50.7271931
          ],
          [
            7.1912996,
            50.7267878
          ],
          [
            7.1919392,
            50.7263738
          ],
          [
            7.1925621,
            50.7252399
          ],
          [
            7.193343,
            50.7237939
          ],
          [
            7.1939384,
            50.722675
          ],
          [
            7.1945295,
            50.7215538
          ],
          [
            7.1951552,
            50.7203802
          ],
          [
            7.1957051,
            50.7193294
          ],
          [
            7.1956914,
            50.7190554
          ],
          [
            7.1957686,
            50.7181059
          ],
          [
            7.1958269,
            50.717171
          ],
          [
            7.195457,
            50.7171007
          ]
        ]
      },
      "id": "way/288758277"
    },
    {
      "type": "Feature",
      "properties": {
        "@id": "way/865284835",
        "@relations": [
          {
            "role": "outer",
            "rel": 1434469,
            "reltags": {
              "boundary": "postal_code",
              "note": "53229 Bonn",
              "postal_code": "53229",
              "postal_code_level": "8",
              "type": "boundary"
            }
          }
        ]
      },
      "geometry": {
        "type": "LineString",
        "coordinates": [
          [
            7.1908132,
            50.7273406
          ],
          [
            7.190803,
            50.7273984
          ],
          [
            7.1906734,
            50.7271931
          ]
        ]
      },
      "id": "way/865284835"
    },
    {
      "type": "Feature",
      "properties": {
        "@id": "way/238675170",
        "@relations": [
          {
            "role": "outer",
            "rel": 1434469,
            "reltags": {
              "boundary": "postal_code",
              "note": "53229 Bonn",
              "postal_code": "53229",
              "postal_code_level": "8",
              "type": "boundary"
            }
          }
        ]
      },
      "geometry": {
        "type": "LineString",
        "coordinates": [
          [
            7.1963906,
            50.7308975
          ],
          [
            7.1961549,
            50.7307481
          ],
          [
            7.1954229,
            50.7303019
          ],
          [
            7.1947788,
            50.7299002
          ],
          [
            7.1937448,
            50.7292874
          ],
          [
            7.1933944,
            50.7291321
          ],
          [
            7.1928283,
            50.7288815
          ]
        ]
      },
      "id": "way/238675170"
    },
    {
      "type": "Feature",
      "properties": {
        "@id": "way/865284833",
        "@relations": [
          {
            "role": "outer",
            "rel": 1434469,
            "reltags": {
              "boundary": "postal_code",
              "note": "53229 Bonn",
              "postal_code": "53229",
              "postal_code_level": "8",
              "type": "boundary"
            }
          }
        ]
      },
      "geometry": {
        "type": "LineString",
        "coordinates": [
          [
            7.1975074,
            50.7315935
          ],
          [
            7.1974708,
            50.7315707
          ],
          [
            7.1969111,
            50.7312227
          ],
          [
            7.1963906,
            50.7308975
          ]
        ]
      },
      "id": "way/865284833"
    },
    {
      "type": "Feature",
      "properties": {
        "@id": "way/43033679",
        "@relations": [
          {
            "role": "outer",
            "rel": 1434469,
            "reltags": {
              "boundary": "postal_code",
              "note": "53229 Bonn",
              "postal_code": "53229",
              "postal_code_level": "8",
              "type": "boundary"
            }
          }
        ]
      },
      "geometry": {
        "type": "LineString",
        "coordinates": [
          [
            7.2069569,
            50.7393749
          ],
          [
            7.2068774,
            50.7393417
          ],
          [
            7.2068541,
            50.739292
          ],
          [
            7.2071369,
            50.7389766
          ],
          [
            7.2072852,
            50.7388169
          ],
          [
            7.2081001,
            50.7380125
          ],
          [
            7.2084714,
            50.7375784
          ],
          [
            7.2090867,
            50.7368521
          ]
        ]
      },
      "id": "way/43033679"
    },
    {
      "type": "Feature",
      "properties": {
        "@id": "way/44584825",
        "@relations": [
          {
            "role": "outer",
            "rel": 1434469,
            "reltags": {
              "boundary": "postal_code",
              "note": "53229 Bonn",
              "postal_code": "53229",
              "postal_code_level": "8",
              "type": "boundary"
            }
          }
        ]
      },
      "geometry": {
        "type": "LineString",
        "coordinates": [
          [
            7.2013477,
            50.7454956
          ],
          [
            7.2015665,
            50.7454684
          ],
          [
            7.2015797,
            50.7453442
          ],
          [
            7.2016641,
            50.7450658
          ],
          [
            7.2017207,
            50.7449835
          ],
          [
            7.2027338,
            50.7447586
          ],
          [
            7.2038815,
            50.744502
          ],
          [
            7.2040029,
            50.7438373
          ],
          [
            7.2040203,
            50.7438421
          ],
          [
            7.204351,
            50.7436993
          ],
          [
            7.2050307,
            50.7425677
          ],
          [
            7.2048059,
            50.7425777
          ],
          [
            7.204683,
            50.7425555
          ],
          [
            7.204439,
            50.7424569
          ],
          [
            7.2041238,
            50.7423128
          ],
          [
            7.2039783,
            50.7422483
          ],
          [
            7.2040086,
            50.7422069
          ],
          [
            7.2040263,
            50.7421938
          ],
          [
            7.204049,
            50.742173
          ],
          [
            7.2045329,
            50.7418763
          ],
          [
            7.2046687,
            50.7417945
          ],
          [
            7.2048534,
            50.7417477
          ],
          [
            7.2049675,
            50.7417178
          ],
          [
            7.2049604,
            50.7416827
          ],
          [
            7.204612,
            50.7413448
          ],
          [
            7.2056522,
            50.7408995
          ],
          [
            7.2065153,
            50.7395428
          ],
          [
            7.206711,
            50.7394452
          ],
          [
            7.2069332,
            50.739414
          ],
          [
            7.2069569,
            50.7393749
          ]
        ]
      },
      "id": "way/44584825"
    },
    {
      "type": "Feature",
      "properties": {
        "@id": "way/288671190",
        "@relations": [
          {
            "role": "outer",
            "rel": 1434469,
            "reltags": {
              "boundary": "postal_code",
              "note": "53229 Bonn",
              "postal_code": "53229",
              "postal_code_level": "8",
              "type": "boundary"
            }
          }
        ]
      },
      "geometry": {
        "type": "LineString",
        "coordinates": [
          [
            7.2045322,
            50.7345978
          ],
          [
            7.2043027,
            50.7345928
          ],
          [
            7.2012595,
            50.73329
          ],
          [
            7.2007693,
            50.7330602
          ],
          [
            7.2000782,
            50.7327977
          ],
          [
            7.1991985,
            50.7324191
          ],
          [
            7.1983253,
            50.7320362
          ],
          [
            7.1981457,
            50.7319598
          ],
          [
            7.1980951,
            50.731939
          ],
          [
            7.1980646,
            50.7319285
          ],
          [
            7.1978699,
            50.7318189
          ],
          [
            7.1975074,
            50.7315935
          ]
        ]
      },
      "id": "way/288671190"
    },
    {
      "type": "Feature",
      "properties": {
        "@id": "way/865284831",
        "@relations": [
          {
            "role": "outer",
            "rel": 1434469,
            "reltags": {
              "boundary": "postal_code",
              "note": "53229 Bonn",
              "postal_code": "53229",
              "postal_code_level": "8",
              "type": "boundary"
            }
          }
        ]
      },
      "geometry": {
        "type": "LineString",
        "coordinates": [
          [
            7.2090867,
            50.7368521
          ],
          [
            7.2090824,
            50.7367442
          ],
          [
            7.2089935,
            50.7367604
          ],
          [
            7.2073519,
            50.7360658
          ],
          [
            7.2059361,
            50.7354469
          ],
          [
            7.2046185,
            50.7347552
          ],
          [
            7.2046194,
            50.7346821
          ],
          [
            7.2045322,
            50.7345978
          ]
        ]
      },
      "id": "way/865284831"
    },
    {
      "type": "Feature",
      "properties": {
        "@id": "way/238675168",
        "@relations": [
          {
            "role": "outer",
            "rel": 1434469,
            "reltags": {
              "boundary": "postal_code",
              "note": "53229 Bonn",
              "postal_code": "53229",
              "postal_code_level": "8",
              "type": "boundary"
            }
          }
        ]
      },
      "geometry": {
        "type": "LineString",
        "coordinates": [
          [
            7.1839485,
            50.7485244
          ],
          [
            7.184914,
            50.7484941
          ],
          [
            7.1872243,
            50.7484216
          ],
          [
            7.1884196,
            50.7483668
          ],
          [
            7.1900786,
            50.7478097
          ],
          [
            7.1902751,
            50.7477437
          ],
          [
            7.1930116,
            50.7468761
          ],
          [
            7.1915959,
            50.7465901
          ],
          [
            7.1917698,
            50.7462842
          ],
          [
            7.1919483,
            50.7459911
          ],
          [
            7.1922662,
            50.7456932
          ],
          [
            7.192452,
            50.7454949
          ],
          [
            7.1923962,
            50.7454268
          ],
          [
            7.1924094,
            50.7453463
          ],
          [
            7.1924627,
            50.7453165
          ],
          [
            7.1923586,
            50.7451274
          ],
          [
            7.1921946,
            50.7449891
          ],
          [
            7.1922919,
            50.7448322
          ],
          [
            7.1924586,
            50.7444911
          ],
          [
            7.1925619,
            50.7443941
          ],
          [
            7.192593,
            50.7442848
          ]
        ]
      },
      "id": "way/238675168"
    },
    {
      "type": "Feature",
      "properties": {
        "@id": "way/238675169",
        "@relations": [
          {
            "role": "outer",
            "rel": 1434469,
            "reltags": {
              "boundary": "postal_code",
              "note": "53229 Bonn",
              "postal_code": "53229",
              "postal_code_level": "8",
              "type": "boundary"
            }
          }
        ]
      },
      "geometry": {
        "type": "LineString",
        "coordinates": [
          [
            7.192593,
            50.7442848
          ],
          [
            7.19386,
            50.7440959
          ],
          [
            7.1947922,
            50.7438808
          ],
          [
            7.1948802,
            50.7438201
          ],
          [
            7.1949987,
            50.7437942
          ],
          [
            7.1949745,
            50.7438776
          ],
          [
            7.1949514,
            50.7443312
          ],
          [
            7.1949788,
            50.7444173
          ],
          [
            7.1951817,
            50.7446845
          ],
          [
            7.1956936,
            50.7454012
          ],
          [
            7.1960905,
            50.7460801
          ],
          [
            7.1961637,
            50.7461513
          ],
          [
            7.1971331,
            50.7467758
          ],
          [
            7.1971249,
            50.7467209
          ],
          [
            7.1973631,
            50.7464996
          ],
          [
            7.1984745,
            50.7471951
          ],
          [
            7.1995214,
            50.7478853
          ]
        ]
      },
      "id": "way/238675169"
    },
    {
      "type": "Feature",
      "properties": {
        "@id": "way/230023955",
        "@relations": [
          {
            "role": "outer",
            "rel": 1434469,
            "reltags": {
              "boundary": "postal_code",
              "note": "53229 Bonn",
              "postal_code": "53229",
              "postal_code_level": "8",
              "type": "boundary"
            }
          }
        ]
      },
      "geometry": {
        "type": "LineString",
        "coordinates": [
          [
            7.1995214,
            50.7478853
          ],
          [
            7.1997043,
            50.7475524
          ],
          [
            7.1998382,
            50.7472277
          ],
          [
            7.1999936,
            50.7465827
          ],
          [
            7.2000843,
            50.7461943
          ],
          [
            7.2013602,
            50.7456214
          ],
          [
            7.2013893,
            50.7455961
          ],
          [
            7.2013786,
            50.7455605
          ],
          [
            7.2013477,
            50.7454956
          ]
        ]
      },
      "id": "way/230023955"
    },
    {
      "type": "Feature",
      "properties": {
        "@id": "way/36299805",
        "@relations": [
          {
            "role": "outer",
            "rel": 1434470,
            "reltags": {
              "boundary": "postal_code",
              "note": "53225 Bonn",
              "postal_code": "53225",
              "postal_code_level": "8",
              "type": "boundary"
            }
          }
        ]
      },
      "geometry": {
        "type": "LineString",
        "coordinates": [
          [
            7.1253628,
            50.7744093
          ],
          [
            7.1254352,
            50.7743699
          ],
          [
            7.1257875,
            50.774178
          ],
          [
            7.1269098,
            50.7735281
          ],
          [
            7.1270963,
            50.7734232
          ],
          [
            7.1272535,
            50.7734006
          ],
          [
            7.1278252,
            50.7733619
          ],
          [
            7.1278063,
            50.7731444
          ],
          [
            7.1282137,
            50.7731164
          ],
          [
            7.1283612,
            50.7730906
          ],
          [
            7.1289892,
            50.7729186
          ],
          [
            7.1290051,
            50.7730115
          ],
          [
            7.1292608,
            50.7728958
          ],
          [
            7.1296507,
            50.7727245
          ],
          [
            7.1298726,
            50.7726282
          ],
          [
            7.1299325,
            50.7726107
          ],
          [
            7.1302483,
            50.7725873
          ],
          [
            7.1306673,
            50.7725207
          ],
          [
            7.1310533,
            50.7724503
          ],
          [
            7.1311541,
            50.7724334
          ],
          [
            7.13152,
            50.7723471
          ],
          [
            7.1317439,
            50.7722937
          ],
          [
            7.1324034,
            50.7721373
          ],
          [
            7.1325575,
            50.7720503
          ]
        ]
      },
      "id": "way/36299805"
    },
    {
      "type": "Feature",
      "properties": {
        "@id": "way/100325846",
        "@relations": [
          {
            "role": "outer",
            "rel": 1434470,
            "reltags": {
              "boundary": "postal_code",
              "note": "53225 Bonn",
              "postal_code": "53225",
              "postal_code_level": "8",
              "type": "boundary"
            }
          }
        ]
      },
      "geometry": {
        "type": "LineString",
        "coordinates": [
          [
            7.1415157,
            50.7679716
          ],
          [
            7.1417196,
            50.7678307
          ],
          [
            7.1418808,
            50.767719
          ],
          [
            7.1420895,
            50.7675746
          ],
          [
            7.1420389,
            50.7674815
          ]
        ]
      },
      "id": "way/100325846"
    },
    {
      "type": "Feature",
      "properties": {
        "@id": "way/289552057",
        "@relations": [
          {
            "role": "outer",
            "rel": 1434470,
            "reltags": {
              "boundary": "postal_code",
              "note": "53225 Bonn",
              "postal_code": "53225",
              "postal_code_level": "8",
              "type": "boundary"
            }
          }
        ]
      },
      "geometry": {
        "type": "LineString",
        "coordinates": [
          [
            7.1396676,
            50.7691843
          ],
          [
            7.1398762,
            50.7690948
          ],
          [
            7.1405893,
            50.7686026
          ],
          [
            7.1410169,
            50.7683115
          ],
          [
            7.1411041,
            50.768251
          ],
          [
            7.1412197,
            50.7681713
          ],
          [
            7.1415157,
            50.7679716
          ]
        ]
      },
      "id": "way/289552057"
    },
    {
      "type": "Feature",
      "properties": {
        "@id": "way/289552031",
        "@relations": [
          {
            "role": "outer",
            "rel": 1434470,
            "reltags": {
              "boundary": "postal_code",
              "note": "53225 Bonn",
              "postal_code": "53225",
              "postal_code_level": "8",
              "type": "boundary"
            }
          }
        ]
      },
      "geometry": {
        "type": "LineString",
        "coordinates": [
          [
            7.1325575,
            50.7720503
          ],
          [
            7.1326146,
            50.7720183
          ],
          [
            7.1326418,
            50.772003
          ],
          [
            7.1329495,
            50.7718728
          ],
          [
            7.1331532,
            50.7717858
          ],
          [
            7.1337752,
            50.7714829
          ],
          [
            7.1342948,
            50.7711538
          ],
          [
            7.1348525,
            50.770764
          ],
          [
            7.1353817,
            50.7710291
          ],
          [
            7.1391294,
            50.7694172
          ],
          [
            7.1395477,
            50.7692364
          ],
          [
            7.1396676,
            50.7691843
          ]
        ]
      },
      "id": "way/289552031"
    }
  ]
}